{
    "c": null,
    "children": [
        {
            "c": null,
            "children": [
                {
                    "c": null,
                    "children": [],
                    "content": "Graph matching is a fundamental problem in computer vision. In this paper, we propose a novel graph matching algorithm based on tabu search [13]. The proposed method solves graph matching problem by casting it into an equivalent weighted maximum clique problem of the corresponding association graph, which we further penalize through introducing negative weights. Subsequent tabu search optimization allows for overcoming the convention of using positive weights. The method\u2019s distinct feature is that it utilizes the history of search to make more strategic decisions while looking for the optimal solution, thus effectively escaping local optima and in practice achieving superior results. The proposed method, unlike the existing algorithms, enables direct optimization in the original discrete space while encouraging rather than articially enforcing hard one-to-one constraint, thus resulting in better solution. The experiments demonstrate the robustness of the algorithm in a variety of settings, presenting the state-of-the-art results. The code is available at http://cv.snu.ac.kr/research/\u02dcDTSGM/.",
                    "embedding": null,
                    "h": null,
                    "parent": {
                        "py/id": 2
                    },
                    "py/object": "tree.TextTree"
                }
            ],
            "content": "Abstract",
            "embedding": null,
            "h": null,
            "parent": {
                "py/id": 0
            },
            "py/object": "tree.TextTree"
        },
        {
            "c": null,
            "children": [
                {
                    "c": null,
                    "children": [],
                    "content": "Graph matching is an important problem in both theoretical computer science, and practical applications of computer vision and machine learning. In computer vision, it has been proven to effectively deal with the problem of matching two sets of visual features making it the approach of choice in shape matching [4], object recognition [8, 25] and tracking [18]. Typically, graph matching is formulated as an integer quadratic program (IQP) with an additional one-to-one constraint. The formulation is popular due to its generality to allow complex but more informative afnity measures between node correspondences such as transfer error [6]. Nonetheless, there are two main theoretical issues with optimizing this graph matching formulation; (1) IQP is generally an NP-hard non-convex problem with multiple local minima; (2) the one-to-one constraint is not straightforward to combine into the IQP optimization process. As a result, various methods have been developed to approximate the optimal solution of the graph matching problem based on different approaches, including eigenvector analysis [27, 20], random walk [7], stochastic methods [26] and other optimization techniques [21, 32].",
                    "embedding": null,
                    "h": null,
                    "parent": {
                        "py/id": 6
                    },
                    "py/object": "tree.TextTree"
                },
                {
                    "c": null,
                    "children": [],
                    "content": "Conventionally, two stage procedure has been used to approximate the solution of IQP: rst, solve the optimization problem in continuous domain by relaxing integer constraint, and then project the intermediate solution into the original feasible space of IQP [20, 7, 14]. Nonetheless, recent research [21, 30] devises methods that produce discrete solutions and suggests that post-processing discretization leads to substantial loss in accuracy, especially that the discretization step is independent of the optimization of IQP. The approach to one-to-one constraint is three-fold. The rst way, which enforces one-to-one constraint in the postprocessing stage, suffers from the above-mentioned postprocessing loss [2, 20]. The second approach, bistochastic normalization, in continuous space softly enforces the constraint during the optimization procedure [7, 14]. Finally, incorporating hard one-to-one during optimization results in overly restrictive search of the solution space. [19, 26]",
                    "embedding": null,
                    "h": null,
                    "parent": {
                        "py/id": 6
                    },
                    "py/object": "tree.TextTree"
                },
                {
                    "c": null,
                    "children": [],
                    "content": "In this work we propose a novel method for the graph matching based on tabu search, which solves the IQP problem effectively incorporating the one-to-one constraint. The contributions of this paper are manyfold: (1) It proposes the penalized association graph framework which softly encourages the one-to-one constraint while directly searching in the discrete solution space. (2) Given the above framework, it adopts tabu search as an optimization technique. Tabu search, thanks to its strategic approach to searching the solution space has become a successful tool in optimizing hard combinatorial problems, while not being popular yet in computer vision. (3) It extends the proposed framework to work with repeated structure graph matching, enhancing its usage in practice. (4) Presents experimental results which prove outstanding robustness of the algorithm",
                    "embedding": null,
                    "h": null,
                    "parent": {
                        "py/id": 6
                    },
                    "py/object": "tree.TextTree"
                },
                {
                    "c": null,
                    "children": [],
                    "content": "Figure 1. An example of tabu search to nd the maximum weighted clique. At each iteration we swap two non-tabu nodes to maximize the objective (1). After being swapped, the nodes (0) initially, (marked as shaded) remain tabu for 1 iteration. K = acf and |acf | = 5; no variables are tabu. (1) e substitutes a, and |cef | = 8. (2) tabu variables are e that entered and a that left, we choose between b and d, both choices lower the objective, choose b, |bef | = 6. (3) tabu variables are b and c, choose d to obtain the global optimum |bed| = 9.in practical environment where noise and outliers exist.",
                    "embedding": null,
                    "h": null,
                    "parent": {
                        "py/id": 6
                    },
                    "py/object": "tree.TextTree"
                }
            ],
            "content": "1. Introduction",
            "embedding": null,
            "h": null,
            "parent": {
                "py/id": 0
            },
            "py/object": "tree.TextTree"
        },
        {
            "c": null,
            "children": [
                {
                    "c": null,
                    "children": [],
                    "content": "The proposed method casts graph matching as a weighted maximum clique problem. In the literature, Horaud et al. [17] rst proposed to formulate feature correspondence problem as nding the maximum clique between the nodes representing linear segments in two images. Similarly, Liu et al. [23] formulated graph matching as nding dense subgraphs within the association graph corresponding to local optima. The method was further generalized by allowing subgraph matching [22]. Zhao et al. [31] proposed heuristic label propagation as a post processing step following the initialization by [23]. In contrast, in this work, we redene the notion of the association graph to incorporate soft one-to-one constraint and further propose tabu search method, which is less initialization dependent, to effectively explore given solution space searching beyond the local maxima, and thus resulting in more accurate solution. Nevertheless, despite being a \ufb02exible and effective tool for solving combinatorial optimization problems [13], tabu search has not been actively applied in computer vision. Sorlin and Solnon [24] and Williams et al. [29] mentioned tabu search for graph matching focusing on simple incomplete synthetic graphs without noise nor outliers, omitting any tests on real world datasets. Moreover, [29] restricts the formulation to simple Bayesian consistency similarity measure and [24] uses cardinality functions.",
                    "embedding": null,
                    "h": null,
                    "parent": {
                        "py/id": 16
                    },
                    "py/object": "tree.TextTree"
                },
                {
                    "c": null,
                    "children": [],
                    "content": "This work is written in the spirit of recent research thatadvocates the importance of discretization in the course of the algorithm. Leordeanu et al. [21] iterates between maximizing linearly approximated objective in discrete domain and maximizing along the gradient direction in continuous domain. Moreover, Zhou et al. [32] induces discrete solution by gradually changing weights of concave and convex relaxations of the original objective. Although these methods mitigate the artifact of continuous relaxation, they still phase through the continuous solution space during the optimization.",
                    "embedding": null,
                    "h": null,
                    "parent": {
                        "py/id": 16
                    },
                    "py/object": "tree.TextTree"
                },
                {
                    "c": null,
                    "children": [],
                    "content": "On the other hand, few algorithms have been proposed to directly explore the feasible space of IQP without any relaxation. Yan et al. [30] propose discrete method for hyper graph matching. Lee et al. [19] built Markov chain Monte Carlo based algorithm and Suh et al. [26] used Sequential Monte Carlo sampling to deal with the exponentially large and discrete solution space. Though they circumvent the issue of relaxation mentioned above, instead, they suffer from inefcient exploration, because the one-to-one constraint signicantly limits the possible moves in their approach.",
                    "embedding": null,
                    "h": null,
                    "parent": {
                        "py/id": 16
                    },
                    "py/object": "tree.TextTree"
                }
            ],
            "content": "2. Related works",
            "embedding": null,
            "h": null,
            "parent": {
                "py/id": 0
            },
            "py/object": "tree.TextTree"
        },
        {
            "c": null,
            "children": [
                {
                    "c": null,
                    "children": [
                        {
                            "c": null,
                            "children": [],
                            "content": "The goal of graph matching problem is to nd the set of matches between nodes of two graphs G1 and G2 that maxirefer actually to the afnity matrix entry A",
                            "embedding": null,
                            "h": null,
                            "parent": {
                                "py/id": 26
                            },
                            "py/object": "tree.TextTree"
                        },
                        {
                            "c": null,
                            "children": [],
                            "content": "Figure 2. An example of using penalty to enforce one-to-one constraint through local search for (a) graph matching between G1 and G2 with initial matching ij \u2032,jk\u2032,kk\u2032 violating the constraint. (b) the corresponding association graph. The weights for non-con\ufb02icting matches are 1 and for con\ufb02icting matches \u22122 (for clarity, only the weights for the subgraph K are shown). (c) afnity value of each node to K given by Eq.(5) (d) The change \u2206ab to the IQP objective for interchanging top two matches from (c) according to Eq.(6). (e) Resulting subgraph with matches satisfying one-to-one constraint (one of the two possible results).mize the sum of afnity values of corresponding nodes and edges given by the afnity matrix A. This formulation can be compactly represented by means of Integer Quadratic Programming (IQP):s.t x \u2208 {0, 1}n1n2 ,where the resulting matches are represented by a column vector x, where xii\u2032 = 1 if node v1 i\u2032 and 0 otherwise2. In accordance with the IQP graph matching conventional formulation, we assume the one-to-one constraint:xii\u2032 \u2208 {0, 1} and \u2200i\u2032,",
                            "embedding": null,
                            "h": null,
                            "parent": {
                                "py/id": 26
                            },
                            "py/object": "tree.TextTree"
                        }
                    ],
                    "content": "3.1. Formulation",
                    "embedding": null,
                    "h": null,
                    "parent": {
                        "py/id": 24
                    },
                    "py/object": "tree.TextTree"
                },
                {
                    "c": null,
                    "children": [
                        {
                            "c": null,
                            "children": [],
                            "content": "In this section we build a graph matching framework based on the notion of the association graph, and incorporate graph matching constraints in an intuitive yet powerful way. Let us consider the association graph A = (VA, EA, W V A) constructed from two input graphs, G1 and G2, which is a fully connected graph with real valued attributes for both node and edges. Each node represents a possible node correspondence between input graphs, i.e., v \u2208 VA stands for (v1 i\u2032 ) \u2208 V1 \u00d7V2 and each edge e \u2208 EA represents a relationship between the two node correspondences. The nodes and edges are respectively characterized by its weights wv \u2208 W V A. Then, denote K as the corresponding fully connected induced subgraph of A such that the subset of nodes VK \u2282 VA. Choosing the",
                            "embedding": null,
                            "h": null,
                            "parent": {
                                "py/id": 32
                            },
                            "py/object": "tree.TextTree"
                        },
                        {
                            "c": null,
                            "children": [],
                            "content": "A and we \u2208 W Enote the entry x(i\u22121)n2+i\u2032 = 1subset VK is equivalent to selecting a set of node correspondences between the original graphs (see Fig. 2(a,b)). Analogously, we let L = A\\K. Thus, we represent the selection of nodes in A with a binary indicator vector x \u2208 {0, 1}|VA|, where xa = 1 if a-th node is selected, that is va \u2208 K and xa = 0 if va \u2208 L. Let us note, that vector x in this form satises the graph matching integer constraint and belongs to the feasible solution set of the constrained IQP (1).",
                            "embedding": null,
                            "h": null,
                            "parent": {
                                "py/id": 32
                            },
                            "py/object": "tree.TextTree"
                        },
                        {
                            "c": null,
                            "children": [],
                            "content": "Now, we can construct a graph AP , whose maximum clique problem is equivalent to the graph matching problem. The weighted maximum clique problem is to nd a subgraph K, also referred to as a clique, in the graph AP which maximizes its potential, where the potential is the sum of all weights of included nodes and edges, i.e.,i , v2 i , v2",
                            "embedding": null,
                            "h": null,
                            "parent": {
                                "py/id": 32
                            },
                            "py/object": "tree.TextTree"
                        },
                        {
                            "c": null,
                            "children": [],
                            "content": "We assign the attributes as follows: wv = Aii\u2032;ii\u2032 , where v = (v1 i\u2032 ), and we = Aii\u2032;jj \u2032 + p, where e = (v, u), i\u2032 ), u = (v1 v = (v1 j \u2032 ) and the term p < 0 when i = j or i\u2032 = j\u2032, which is a con\ufb02icting match, and 0 otherwise. If p = 0, then nding the vector x that maximizes the sum of the afnities values in K is equivalent to maximizing the If p = \u2212\u221e, then it beQP with the integer constraint. comes equivalent to maximizing the IQP with one-to-one constraint.",
                            "embedding": null,
                            "h": null,
                            "parent": {
                                "py/id": 32
                            },
                            "py/object": "tree.TextTree"
                        },
                        {
                            "c": null,
                            "children": [],
                            "content": "In this work, we propose to incorporate the penalty term p into the association graph framework which enforces the one-to-one constraint in soft way. As our objective is to maximize the sum of afnities in the clique K, choosing a match that violates one-to-one constraint, (which is equivalent to selecting an edge penalized negatively) lowers the objective function. The subsequent section describes the local search optimization which utilizes above framework to enforce the one-to-one constraint.",
                            "embedding": null,
                            "h": null,
                            "parent": {
                                "py/id": 32
                            },
                            "py/object": "tree.TextTree"
                        }
                    ],
                    "content": "3.2. Equivalent weighted maximum clique problem",
                    "embedding": null,
                    "h": null,
                    "parent": {
                        "py/id": 24
                    },
                    "py/object": "tree.TextTree"
                }
            ],
            "content": "3. Graph Matching Problem",
            "embedding": null,
            "h": null,
            "parent": {
                "py/id": 0
            },
            "py/object": "tree.TextTree"
        },
        {
            "c": null,
            "children": [
                {
                    "c": null,
                    "children": [
                        {
                            "c": null,
                            "children": [],
                            "content": "N (x) = {x\u2032|x\u2032 \u00b7 x = k \u2212 2, kxk = kx\u2032k = k}.",
                            "embedding": null,
                            "h": null,
                            "parent": {
                                "py/id": 46
                            },
                            "py/object": "tree.TextTree"
                        },
                        {
                            "c": null,
                            "children": [],
                            "content": "Since the goal of the graph matching is to maximize the afnity sum between the matches, local search moves from one solution to another in such a way to encounter a solution that maximizes the objective (1). To this aim, we need to make appropriate change to the composition of K, that is to remove the nodes that have little afnity to the rest of the subgraph and substitute them with the nodes which have high afnity with the rest of the subgraph.",
                            "embedding": null,
                            "h": null,
                            "parent": {
                                "py/id": 46
                            },
                            "py/object": "tree.TextTree"
                        },
                        {
                            "c": null,
                            "children": [],
                            "content": "Let \u03b1a be the sum of afnity values between a node vaand all the nodes in K:",
                            "embedding": null,
                            "h": null,
                            "parent": {
                                "py/id": 46
                            },
                            "py/object": "tree.TextTree"
                        },
                        {
                            "c": null,
                            "children": [],
                            "content": "Then change in the objective (1) when interchangingva \u2208 K and vb \u2208 L is equal to:",
                            "embedding": null,
                            "h": null,
                            "parent": {
                                "py/id": 46
                            },
                            "py/object": "tree.TextTree"
                        },
                        {
                            "c": null,
                            "children": [],
                            "content": "For simplicity, we denote \u03b1K a if va \u2208 K and respectively \u03b1L a if va \u2208 L. Computing afnity values and the afnity change are illustrated in Fig. 2(c,d) and in Alg. 1 lines 7-8.",
                            "embedding": null,
                            "h": null,
                            "parent": {
                                "py/id": 46
                            },
                            "py/object": "tree.TextTree"
                        },
                        {
                            "c": null,
                            "children": [],
                            "content": "Note that for a single solution x, the search space contains |K| \u00b7 |L| possible moves and as the search space of local search is large, we attempt to decrease the scope of the search to the movements which are most likely to cause the large positive change \u2206 in the objective. To this aim similarly to the method in [28], we select the pairs of nodes from K and L which are likely to result in the largest positive change in the objective. To do so, we sort values \u03b1K a in the increasing order and \u03b1L a in the decreasing order and identify the top t nodes in each of the list for which we compute the change in the objective (Alg.1, line 8). Thus, we narrow the search space from |K|\u00b7|L| to t2 where t2 \u226a |K|\u00b7|L|. Dene the narrowed space as \u02dcN (x). Let us note that swapping top nodes from each of the list may not be optimal if the afnity between two nodes we swap is large. Subsequently, among t2 candidate pairs we choose the pair of nodes that results in the highest gain and swap the two nodes.",
                            "embedding": null,
                            "h": null,
                            "parent": {
                                "py/id": 46
                            },
                            "py/object": "tree.TextTree"
                        },
                        {
                            "c": null,
                            "children": [],
                            "content": "Once the move is done and a node va in K is replaced by a node vb, then and therefore the node afnity values for each node in both K and L must be updated accordingly:",
                            "embedding": null,
                            "h": null,
                            "parent": {
                                "py/id": 46
                            },
                            "py/object": "tree.TextTree"
                        },
                        {
                            "c": null,
                            "children": [],
                            "content": "Note two special cases when c = a and c = b. The afnity Acc is 0 for all c, and therefore when va is replaced by vb in the subgraph, the sum of afnities of va to the new subgraph increases by its afnity to the new node in the subgraph, vb. The case for the new node vb is analogous.",
                            "embedding": null,
                            "h": null,
                            "parent": {
                                "py/id": 46
                            },
                            "py/object": "tree.TextTree"
                        }
                    ],
                    "content": "4.1. Local search and search space",
                    "embedding": null,
                    "h": null,
                    "parent": {
                        "py/id": 44
                    },
                    "py/object": "tree.TextTree"
                },
                {
                    "c": null,
                    "children": [
                        {
                            "c": null,
                            "children": [],
                            "content": "The local search algorithm is a vanilla algorithm which forms the base for the tabu search. Local search denes the general direction of the search by aiming to choose the move which maximizes the change in the objective. On the other hand, tabu search denes the criteria whether a move proposed by local search can be executed or not.",
                            "embedding": null,
                            "h": null,
                            "parent": {
                                "py/id": 64
                            },
                            "py/object": "tree.TextTree"
                        },
                        {
                            "c": null,
                            "children": [],
                            "content": "Input: Afnity matrix A \u2208 Rn1n2\u00d7n1n2 Output: Solution vector x\u2217 \u2208 {0, 1}n1n2\u00d71it \u2190 0; nonImpIt \u2190 0; bestT abu \u2190 \u2212\u221e, bestnT abu \u2190 \u2212\u221e; tabuIt[] \u2190 0[]; while N onImpIter > endIt doinitialize subgraph K with random nodes from afnity graph A ; \u03b1a \u2190 compute subgraph afnity for va \u2208 VA; \u2206ab \u2190 compute the change (6) in the objective for exchanging top t nodes from sorted \u03b1K (decreasingly) ; xtabu, xnontabu, xnontabu2 \u2190 choose tabu (tabuIt > it), best non-tabu and second best tabu solution with highest \u2206ab; if f (xtabu) > f (xnontabu) and f (xtabu) > f (x\u2217) thenxcur \u2190 xnontabu // can lower objective.end tabuIt(a), tabuIt(b) \u2190 rand([q, r]) + it \u03b1a \u2190 recompute subgraph afnity for va \u2208 VA for new solution xcur using (7)&(8); if f (xcur) > f (x\u2217end if f (xcur) > f (x\u2217",
                            "embedding": null,
                            "h": null,
                            "parent": {
                                "py/id": 64
                            },
                            "py/object": "tree.TextTree"
                        },
                        {
                            "c": null,
                            "children": [],
                            "content": "Algorithm 1: Tabu search for Graph Matching",
                            "embedding": null,
                            "h": null,
                            "parent": {
                                "py/id": 64
                            },
                            "py/object": "tree.TextTree"
                        },
                        {
                            "c": null,
                            "children": [],
                            "content": "In other words, the purpose of tabu search is to modify neighborhood N (x) (usually by removing solutions) in such a way as to encourage or discourage certain moves in order to nd the global solution. The advantages of the tabu search follow. Tabu search overcomes the shortcomings of simple descent method, which looks within the static neighborhood for the solutions that improve the objective, but terminates at a local optimum when no improving solution can be found. In contrast, the tabu search by redening the neighborhood and forbidding certain moves, allows theobjective to worsen in order to leave the current neighborhood in the search for more optimal solutions. As a result, optimization via tabu search is less dependent on the initialization as the tabu search has capability of moving away from the undesired states. Finally, the distinct feature of tabu search is its use of the history of search in making strategic changes to N (x). The set of rules behind modication of search space are called adaptive memory and are described in detail in the following sections. The proposed method adapts two types of adaptive memory, short-term memory and long-term memory.",
                            "embedding": null,
                            "h": null,
                            "parent": {
                                "py/id": 64
                            },
                            "py/object": "tree.TextTree"
                        },
                        {
                            "c": null,
                            "children": [],
                            "content": "The main component of tabu search is short-term memory which uses recent search history to modify the neighborhood of the current solution. Short-term memory is a selective memory that keeps track of solutions visited in the past to forbid revisiting them in the future. Fig. 1 describes a simple example of short-term memory mechanism on a graph, which, in this work, is the penalized association graph AP .",
                            "embedding": null,
                            "h": null,
                            "parent": {
                                "py/id": 64
                            },
                            "py/object": "tree.TextTree"
                        },
                        {
                            "c": null,
                            "children": [],
                            "content": "In the proposed algorithm, the search history of the optimization process of the objective (1) relies on a sequence of swaps between two nodes, va \u2208 K and vb \u2208 L. Thus, we consider a solution x to be characterized by two nodes va and vb that participate in the swap. The short-term memory is implemented to keep track of nodes that have been swapped and forbid them to participate in the swap within certain span of time in the future. Thus, the result of the short-term mechanism is a modied neighborhood \u02dcN (xcur) which is the subset of the original neighborhood N (x).",
                            "embedding": null,
                            "h": null,
                            "parent": {
                                "py/id": 64
                            },
                            "py/object": "tree.TextTree"
                        },
                        {
                            "c": null,
                            "children": [],
                            "content": "Short-term memory is implemented via a list, called tabu list which keeps track of the nodes that are forbidden to participate in the swap at the current iteration. After every swap a node vi that was swapped (there are two of them) is assigned a positive integer, si, randomly selected from the interval [q, r] which prevents the variable to participate in swap for si subsequent iterations. Originally, all the values sa are initialized to 0. These nodes which cannot participate in the swap are called tabu variables. Clearly, at subsequent iterations only non-tabu variables can be swapped.",
                            "embedding": null,
                            "h": null,
                            "parent": {
                                "py/id": 64
                            },
                            "py/object": "tree.TextTree"
                        },
                        {
                            "c": null,
                            "children": [],
                            "content": "Table 1. Parameters used in Alg. 1penalty for con\ufb02icting matches. (-4\u00b7max A) lower and upper bound of the possible tabu tenure. (2-4) number of nodes in K and L which are considered for move in a given iteration. (5) number of iterations that do not improve the objective to terminate. (1500) number of runs of the algorithm. (20)",
                            "embedding": null,
                            "h": null,
                            "parent": {
                                "py/id": 64
                            },
                            "py/object": "tree.TextTree"
                        }
                    ],
                    "content": "4.2. Tabu search",
                    "embedding": null,
                    "h": null,
                    "parent": {
                        "py/id": 44
                    },
                    "py/object": "tree.TextTree"
                }
            ],
            "content": "4. Discrete Tabu Search for Graph Matching",
            "embedding": null,
            "h": null,
            "parent": {
                "py/id": 0
            },
            "py/object": "tree.TextTree"
        },
        {
            "c": null,
            "children": [
                {
                    "c": null,
                    "children": [
                        {
                            "c": null,
                            "children": [],
                            "content": "The experiments perform an evaluation on the randomly synthesized graphs which simulate the practical environment where deformation noise and outliers obfuscate the underlying matching. In this experiment, we construct two graphs, G1 and G2, each with n nodes such that n = nin + nout where nin and nout denote the number of inlier and outlier nodes, respectively. First, we construct G1 such that its edge attributes wij are generated from the uniform distribution [0, 1]. Subsequently, G2 is created by perturbing the attributes of G1 with Gaussian noise \u01eb \u223c N (0, \u03c32 s ). Generated in similar manner, outliers are added in G2 from the uniform distribution and then perturbed. The afnity matrix values between two potential matches v1 i with v2 i\u2032 and v1 j \u2032 is computed using the negative exponential of Aii\u2032;jj \u2032 = exp(\u2212kwij \u2212 wi\u2032j \u2032 k)/\u03c32), where \u03c32 = 0.1. The node attributes are all set to 0.",
                            "embedding": null,
                            "h": null,
                            "parent": {
                                "py/id": 84
                            },
                            "py/object": "tree.TextTree"
                        },
                        {
                            "c": null,
                            "children": [],
                            "content": "In the synthetic setting, we evaluate the proposed discrete tabu search algorithm in two forms. The rst contains only the short-term mechanism described in section 4.2.1 while the second includes also long-term memory described in section 4.2.3. The proposed methods are evaluated along with seven state-of-the-art methods, Graduate assignment (GA) [14], Shrinking and expansion algorithm (SEA) [22], Integer projected xed point method (IPFP) [21], Spectral matching (SM) [20], Re-weighted random walk matching (RRWM) [7], and Factorized graph matching (FGM) [32]. We evaluate the methods in four experimental settings which re\ufb02ect the possible combinations of variation of the the amount of deformation noise \u03c3 and the two factors: number of outliers nout: (1) varying deformation noise with no outliers, (2) varying deformation noise with some outliers, (3) varying the number of outliers with no deformation noise (4) varying the number of outliers with some deformation noise. In each setting the number of inliers nin is xed to be 20. For every setting, we generate independently 50 graph matching problems as dened in the previous paragraph and report the average accuracy and objective score. Fig. 3 presents the results. In the rst and second setting (Fig. 3a and 3b), the deformation noise \u03c3 varies between 0 and 0.4 by 0.05 increments while we x the number of outliers to 0 and 10. In the third and fourth setting (Fig. 3c and 3d), the number of outliers varies between 0 and 20 by increments of 4, while the noise levels are xed to be \u03c3 = 0 and \u03c3 = 0.1.",
                            "embedding": null,
                            "h": null,
                            "parent": {
                                "py/id": 84
                            },
                            "py/object": "tree.TextTree"
                        },
                        {
                            "c": null,
                            "children": [],
                            "content": "Under varying condition the proposed methods perform outstandingly well, noting the better performance of tabu",
                            "embedding": null,
                            "h": null,
                            "parent": {
                                "py/id": 84
                            },
                            "py/object": "tree.TextTree"
                        },
                        {
                            "c": null,
                            "children": [],
                            "content": "Figure 3. Accuracy and score curves are plotted for four different conditions: varying the amount of deformation noise with xed number of outliers (a) nout = 0 and (b) nout = 10, and varying the number of outliers with xed deformation noise (c) \u03c3 = 0 (d) \u03c3 = 0.15)",
                            "embedding": null,
                            "h": null,
                            "parent": {
                                "py/id": 84
                            },
                            "py/object": "tree.TextTree"
                        },
                        {
                            "c": null,
                            "children": [],
                            "content": "Table 2. SNU Dataset Average Accuracy (%)",
                            "embedding": null,
                            "h": null,
                            "parent": {
                                "py/id": 84
                            },
                            "py/object": "tree.TextTree"
                        },
                        {
                            "c": null,
                            "children": [],
                            "content": "Table 3. Willow Object Dataset Average Accuracy (%)",
                            "embedding": null,
                            "h": null,
                            "parent": {
                                "py/id": 84
                            },
                            "py/object": "tree.TextTree"
                        },
                        {
                            "c": null,
                            "children": [],
                            "content": "Motor bike 32.4 38.3 40.4 40.4 44.0",
                            "embedding": null,
                            "h": null,
                            "parent": {
                                "py/id": 84
                            },
                            "py/object": "tree.TextTree"
                        },
                        {
                            "c": null,
                            "children": [],
                            "content": "Wine bottle 45.4 53.9 53.7 56.0 57.9search which includes only short-term memory. As the only evaluated method, it achieves 100% accuracy given high levels of noise (\u03c3 = 0.2 and \u03c3 = 0.25 with no outliers and \u03c3 = 0.1 \u03c3 = 0.15 with outliers). While varying outliers, the method slightly falls short to SEA, whose performance, however, considerably deteriorates when noise appears. The proposed method proves to be particularly robust in more practical settings where both outliers and noise are present. Given choice of parameters from Table 4.2.1 and varying endIt and sol, it obtains superior solutions in the presence of noise and outliers in 1.0-4.4 sec.; FGM 23.5, RRWM 0.2, IPFP 0.2, GAGM 0.4 and SEA 1.1 (averaged results for results in Fig. 3b,d).",
                            "embedding": null,
                            "h": null,
                            "parent": {
                                "py/id": 84
                            },
                            "py/object": "tree.TextTree"
                        }
                    ],
                    "content": "5.1. Synthetic random graph matching",
                    "embedding": null,
                    "h": null,
                    "parent": {
                        "py/id": 82
                    },
                    "py/object": "tree.TextTree"
                },
                {
                    "c": null,
                    "children": [
                        {
                            "c": null,
                            "children": [],
                            "content": "In this section, we evaluate the proposed method for feature correspondence task on two datasets: SNU dataset [7] and Willow Object Class dataset [5]. RRWM, IPFP,",
                            "embedding": null,
                            "h": null,
                            "parent": {
                                "py/id": 102
                            },
                            "py/object": "tree.TextTree"
                        },
                        {
                            "c": null,
                            "children": [],
                            "content": "Figure 4. Example results of the real image matching on Willow Object dataset. Keypoints are distinguished by different colors in the model image and the matched locations are depicted for each algorithm",
                            "embedding": null,
                            "h": null,
                            "parent": {
                                "py/id": 102
                            },
                            "py/object": "tree.TextTree"
                        },
                        {
                            "c": null,
                            "children": [],
                            "content": "GAGM, and SEA are compared with the proposed method3. SNU dataset consists of 30 pairs of images most of which are collected from Caltech-101 [10] and MSRC [1] dataset. Each pair of images have similar viewpoints with largesetting of [7], which uses initial candidate matches.",
                            "embedding": null,
                            "h": null,
                            "parent": {
                                "py/id": 102
                            },
                            "py/object": "tree.TextTree"
                        },
                        {
                            "c": null,
                            "children": [],
                            "content": "Figure 5. Accuracy and score curves are plotted for four different conditions: varying the amount of deformation noise with xed number of outliers (a) nout = 0 and (b) nout = 10, and varying the number of outliers with xed deformation noise (c) \u03c3 = 0 (d) \u03c3 = 0.1).intra-class variation. In addition to the original experimental setting [7], which did not use unary score, WHO [16] and their inner product are used as feature descriptor and unary score to enhance the overall performance. The average accuracy over 10 experiments is shown in Table 2. The proposed algorithm outperforms all the other methods.",
                            "embedding": null,
                            "h": null,
                            "parent": {
                                "py/id": 102
                            },
                            "py/object": "tree.TextTree"
                        },
                        {
                            "c": null,
                            "children": [],
                            "content": "Willow dataset consists of 5 classes, whose images are collected from Caltech-256 [15] and PASCAL VOC2007 dataset [9] with 10 manual keypoint annotation for each image. Each class contains 40 to 108 images taken from various viewpoints with clutter, making feature correspondence extremely challenging. Therefore, we restricted the graph constructed from one side image to have only keypoints without outliers. WHO [16] and HARG [5] are used as node and edge descriptors, respectively. The average accuracy over 100 random pairs is shown in Table 3. Classes with low intra-class variation (face and winebottle) show high accuracy overall, while the performance of the classes with large intra-class variation (car, duck, and motorbike) is relatively low. The proposed algorithm outperforms the other algorithms in car, motorbike and winebottle classes, while is comparable in face and duck classes. Some qualitative example results are shown in Fig. 4. The average running times are following: proposed 0.93s, RRWM 0.04s, IPFP 0.03s, GAGM 0.08s, SEA 0.49s.",
                            "embedding": null,
                            "h": null,
                            "parent": {
                                "py/id": 102
                            },
                            "py/object": "tree.TextTree"
                        }
                    ],
                    "content": "5.2. Real image feature correspondence",
                    "embedding": null,
                    "h": null,
                    "parent": {
                        "py/id": 82
                    },
                    "py/object": "tree.TextTree"
                },
                {
                    "c": null,
                    "children": [
                        {
                            "c": null,
                            "children": [],
                            "content": "In this set of experiments, we present particular suitability of tabu search method to multiple graph matching, attempting to discover repeated structures or multiple instances of an object. The advantage is due to the fact that the method produces multiple solutions (Alg. 1, line 2-3), each of which is a set of matches between two regions in two graphs. The multiple solutions may or may not correspond to the same regions in the original graphs. This setting makes graph matching more useful in practical applications. E.g., in feature correspondence, it overcomes the conventional restriction to allow one object per image.",
                            "embedding": null,
                            "h": null,
                            "parent": {
                                "py/id": 114
                            },
                            "py/object": "tree.TextTree"
                        },
                        {
                            "c": null,
                            "children": [],
                            "content": "In this set of experiments, we simulate the multiple obaccording | = n andject environment. We construct Gmult and Gmult to the procedure in Section (5.1) where |Gmult",
                            "embedding": null,
                            "h": null,
                            "parent": {
                                "py/id": 114
                            },
                            "py/object": "tree.TextTree"
                        },
                        {
                            "c": null,
                            "children": [],
                            "content": "We compare our method to SEA which also produces multiple solutions and the remaining methods evaluated in Section (5.1) (with the exception of FGM whose running time is too large for this set of experiments) adapted to multiple matching setting by means of the following sequential matching procedure. We perform matching m times (where m = 2 in our case) after each stage removing matched nodes and performing the subsequent round on the remaining nodes. The methods are evaluated in the same settings as in Section (5.1) where we vary deformation noise and the number of outliers. The results are presented in Fig. 5. The proposed method outperforms the existing methods by large margin when noise is varied. The improving accuracy of SEA with the increasing number of outliers is noteworthy. The proposed method again performs very robustly in a mixed environment with both noise and outliers present.",
                            "embedding": null,
                            "h": null,
                            "parent": {
                                "py/id": 114
                            },
                            "py/object": "tree.TextTree"
                        }
                    ],
                    "content": "5.3. Repeated Structure Matching",
                    "embedding": null,
                    "h": null,
                    "parent": {
                        "py/id": 82
                    },
                    "py/object": "tree.TextTree"
                }
            ],
            "content": "5. Experiments",
            "embedding": null,
            "h": null,
            "parent": {
                "py/id": 0
            },
            "py/object": "tree.TextTree"
        },
        {
            "c": null,
            "children": [
                {
                    "c": null,
                    "children": [],
                    "content": "In this work, we propose graph matching algorithm which adapts tabu search to search discrete solution space directly and effectively. First, we build the framework based on penalized association graph to move between its subgraphs by forbidding certain solutions and encouraging others. As a result unlike any of the existing works, this method works both in discrete space (by itself discrete graph matching optimization is rare) and incorporates one-to-one constraint softly into the optimization process with no postprocessing step. The proposed method is suitable for multiple graph matching as it produces different solutions that potentially correspond to repeated instances of an object. The algorithm proves to be outstandingly robust achieving superior results to the existing algorithms (in some cases over 40 percentage points, which given a long history of graph matching research, is notable) in the extensive combination of experiments where noise and outliers are present.ing as a non-cooperative game. In ICCV, 2009. 1for graph matching. In ECCV, 2010. 1, 6, 7, 8kernel for object categorization. In ICCV, 2011. 1rithm for graph matching. TPAMI, 1996. 1, 6decorrelation for clustering and classication. 2012. 8feature grouping and maximal cliques. TPAMI, 1989. 2using data-driven markov chain monte carlo sampling. ICPR, 2010. 1, 2point method for graph matching and map inference. NIPS, 2009. 1, 2, 6spatially coherent correspondences. In CVPR, 2010. 2tial monte carlo. In ECCV, 2012. 1, 2graph matching problems. TPAMI, 1988. 1",
                    "embedding": null,
                    "h": null,
                    "parent": {
                        "py/id": 122
                    },
                    "py/object": "tree.TextTree"
                },
                {
                    "c": null,
                    "children": [],
                    "content": "Discrete hyper-graph matching. In CVPR, 2015. 1, 2",
                    "embedding": null,
                    "h": null,
                    "parent": {
                        "py/id": 122
                    },
                    "py/object": "tree.TextTree"
                }
            ],
            "content": "6. Conclusion",
            "embedding": null,
            "h": null,
            "parent": {
                "py/id": 0
            },
            "py/object": "tree.TextTree"
        }
    ],
    "content": "Discrete Tabu Search for Graph Matching Kamil Adamczewski",
    "embedding": null,
    "h": null,
    "parent": null,
    "py/object": "tree.TextTree"
}