{
    "c": null,
    "children": [
        {
            "c": null,
            "children": [
                {
                    "c": null,
                    "children": [],
                    "content": "This paper is concerned with model tting in the presence of noise and outliers. Previously it has been shown that the number of outliers can be minimized with polynomial complexity in the number of measurements. This paper improves on these results in two ways. First, it is shown that for a large class of problems, the statistically more desirable truncated L2-norm can be optimized with the same complexity. Then, with the same methodology, it is shown how to transform multi-model tting into a purely combinatorial problem\u2014with worst-case complexity that is polynomial in the number of measurements, though exponential in the number of models.",
                    "embedding": null,
                    "h": null,
                    "parent": {
                        "py/id": 2
                    },
                    "py/object": "tree.TextTree"
                },
                {
                    "c": null,
                    "children": [],
                    "content": "We apply our framework to a series of hard registration and stitching problems demonstrating that the approach is not only of theoretical interest. It gives a practical method for simultaneously dealing with measurement noise and large amounts of outliers for tting problems with lowdimensional models.",
                    "embedding": null,
                    "h": null,
                    "parent": {
                        "py/id": 2
                    },
                    "py/object": "tree.TextTree"
                }
            ],
            "content": "Abstract",
            "embedding": null,
            "h": null,
            "parent": {
                "py/id": 0
            },
            "py/object": "tree.TextTree"
        },
        {
            "c": null,
            "children": [
                {
                    "c": null,
                    "children": [],
                    "content": "Even though it is widely accepted that the truncated L2norm is a good way to model noise and outliers, its use has been hindered by the difculty in solving the corresponding optimization problem. Local descent techniques are plagued by the many local minima often present and more sophisticated global optimization approaches suffer from the worst-case exponential time-complexity. In this paper, we show that the problem is in fact solvable in polynomialtime. This basic result serves as a basis for developing a practical and yet optimal approach to geometric tting, simultaneously dealing with noise and outliers.",
                    "embedding": null,
                    "h": null,
                    "parent": {
                        "py/id": 8
                    },
                    "py/object": "tree.TextTree"
                },
                {
                    "c": null,
                    "children": [],
                    "content": "One motivating example is given in Figure 1. Here the objective is to register slices of prostate tissue stained in different colours. The staining shows the morphological characteristics of the tissue and is routinely used by uropathologists to diagnose cancer. As the images originate from different tissue slices, the local structure may look quite different in different images. Therefore, in order to obtain at least some correct correspondences, the acceptance threshold for",
                    "embedding": null,
                    "h": null,
                    "parent": {
                        "py/id": 8
                    },
                    "py/object": "tree.TextTree"
                },
                {
                    "c": null,
                    "children": [],
                    "content": "Figure 1. (Left) Images of two different stainings from a prostate biopsy with 791 hypothetical correspondences (cyan) obtained from SIFT. (Right) Same images, but now with 21 inlier correspondences (green) of the optimal truncated L2-t. The running time of our MATLAB implementation is 3s. See text for details.the feature detector must be generously set. The downside is that this may produce a considerable amount of false correspondences. Note that the example in Figure 1 is the most difcult case in a database of 88 image pairs and more than 97% of the matches are outliers.",
                    "embedding": null,
                    "h": null,
                    "parent": {
                        "py/id": 8
                    },
                    "py/object": "tree.TextTree"
                },
                {
                    "c": null,
                    "children": [],
                    "content": "Related work. The most frequently used approach for dealing with outliers is based on RANSAC [10]. The basic assumption is that all minimal inlier-samples will produce an acceptable solution. However, it has been empirically observed that this is not valid in practice [12] and therefore numerous improvements of the basic technique have been proposed. For example, guided sampling methods have been proposed in [16, 6] and a strategy for local model renement was developed in [12]. RANSAC and its variants have also been applied to multi-model estimation [18, 15]. Still, the fact remains that the estimator has no guarantee of nding the optimal solution.",
                    "embedding": null,
                    "h": null,
                    "parent": {
                        "py/id": 8
                    },
                    "py/object": "tree.TextTree"
                },
                {
                    "c": null,
                    "children": [],
                    "content": "Several recent works have focused on computing an optimal estimate based on branch-and-bound. For example, in [9, 8], robust estimators for 3D reconstruction is proposed and in [13], a formulation based on mixed integer programming is given. Similar ideas are presented in [3] for line clustering and vanishing point detection. These methods do not depend on initialization and converge to a global optimum. However, as they are based on branch-and-bound, the complexity of the algorithm is exponential.",
                    "embedding": null,
                    "h": null,
                    "parent": {
                        "py/id": 8
                    },
                    "py/object": "tree.TextTree"
                },
                {
                    "c": null,
                    "children": [],
                    "content": "In [14], it was shown that the problem of maximizing the number of inliers can be solved in polynomial-time in the number of measurements. This result was recently generalized in [7] by improving the complexity bound and weakening the conditions on the class of residual functions that can be handled. Our work is closely related at the conceptual level. Still, only the 0 \u2212 1 loss function (or more precisely, a piece-wise constant function) can be handled in [7], and not the statistically motivated truncated L2-norm.",
                    "embedding": null,
                    "h": null,
                    "parent": {
                        "py/id": 8
                    },
                    "py/object": "tree.TextTree"
                },
                {
                    "c": null,
                    "children": [],
                    "content": "In the case of multiple models, the above methods (optimal or not) for estimating a single model can be applied sequentially. The sequential (or greedy) approach removes all correspondences that are deemed inliers for the most dominant model, and then the process is repeated. This, however, will not produce the optimal solution [18]. The approach may even produce \u201cphantom\u201d solutions [17]. Several heuristics have been proposed to overcome such artefacts, though there is no guarantee of optimality.",
                    "embedding": null,
                    "h": null,
                    "parent": {
                        "py/id": 8
                    },
                    "py/object": "tree.TextTree"
                },
                {
                    "c": null,
                    "children": [],
                    "content": "Contributions. The main contribution of this work is a proof as well as a practical algorithm that shows that the problem of estimating a model under the truncated L2-norm can be achieved in polynomial time (in the number of measurements) given that there exists a method for solving the standard least-squares problem. Experimental results and comparisons to (exhaustive) RANSAC are given for challenging registration and stitching problems.",
                    "embedding": null,
                    "h": null,
                    "parent": {
                        "py/id": 8
                    },
                    "py/object": "tree.TextTree"
                },
                {
                    "c": null,
                    "children": [],
                    "content": "The second contribution concerns the problem of tting multiple models. We show that maximizing the number of inliers can be done in polynomial-time given a xed number of models and model parameters. Unlike greedy approaches that estimate one model at the time, we can guarantee that the optimal solution is obtained. The proof is based on similar ideas and concepts as in the truncated L2-case.",
                    "embedding": null,
                    "h": null,
                    "parent": {
                        "py/id": 8
                    },
                    "py/object": "tree.TextTree"
                }
            ],
            "content": "1. Introduction",
            "embedding": null,
            "h": null,
            "parent": {
                "py/id": 0
            },
            "py/object": "tree.TextTree"
        },
        {
            "c": null,
            "children": [
                {
                    "c": null,
                    "children": [],
                    "content": "Figure 2. A robust loss function (solid black) as suggested in [4], and the truncated L2-error (red) which can be optimized using the proposed framework; in this case truncated at \u0001 = 1.",
                    "embedding": null,
                    "h": null,
                    "parent": {
                        "py/id": 28
                    },
                    "py/object": "tree.TextTree"
                },
                {
                    "c": null,
                    "children": [],
                    "content": "A single model. We will work with a truncated quadratic loss function. For a residual r we compute the loss as",
                    "embedding": null,
                    "h": null,
                    "parent": {
                        "py/id": 28
                    },
                    "py/object": "tree.TextTree"
                },
                {
                    "c": null,
                    "children": [],
                    "content": "Problem 1. Let D be a d-dimensional differentiable manm (m \u2265 d) by a set of equality conifold, embedded in R straints hj(\u03b8) = 0. Given a set of residual functions ri : D \u2192 R, i = 1, . . . , n, estimate a model \u03b8 \u2208 D such n(cid:5) that",
                    "embedding": null,
                    "h": null,
                    "parent": {
                        "py/id": 28
                    },
                    "py/object": "tree.TextTree"
                },
                {
                    "c": null,
                    "children": [],
                    "content": "Example. To make this more concrete, we look at the reg2, {xi} and istration problem. Given two sets of points in R (cid:7) {yi}, we want to ndmapping one point set to the other. Here D is a 34 using the equaldimensional manifold that we embed in R ity constraint,",
                    "embedding": null,
                    "h": null,
                    "parent": {
                        "py/id": 28
                    },
                    "py/object": "tree.TextTree"
                },
                {
                    "c": null,
                    "children": [],
                    "content": "The residuals are simply the Euclidean distancesri(\u03b8) = ||R(\u03b8)xi + t(\u03b8) \u2212 yi||.",
                    "embedding": null,
                    "h": null,
                    "parent": {
                        "py/id": 28
                    },
                    "py/object": "tree.TextTree"
                },
                {
                    "c": null,
                    "children": [],
                    "content": "Multiple models. In this case it is normally too difcult to work with the L2-norm, so we settle with the 0 \u2212 1 loss",
                    "embedding": null,
                    "h": null,
                    "parent": {
                        "py/id": 28
                    },
                    "py/object": "tree.TextTree"
                },
                {
                    "c": null,
                    "children": [],
                    "content": "This corresponds to minimizing the number of outliers.",
                    "embedding": null,
                    "h": null,
                    "parent": {
                        "py/id": 28
                    },
                    "py/object": "tree.TextTree"
                },
                {
                    "c": null,
                    "children": [],
                    "content": "A reformulation. Instead of solving our original problems directly, we will show that one can obtain the sought solutions by solving a number of simpler subproblems.",
                    "embedding": null,
                    "h": null,
                    "parent": {
                        "py/id": 28
                    },
                    "py/object": "tree.TextTree"
                },
                {
                    "c": null,
                    "children": [],
                    "content": "Denition 1. Given two sets of residual functions I and O, let D(I, O) denote the set of \u03b8 \u2208 D such that ri(\u03b8) \u2264 \u0001 for all ri \u2208 I and ri(\u03b8) \u2265 \u0001 for ri \u2208 O.",
                    "embedding": null,
                    "h": null,
                    "parent": {
                        "py/id": 28
                    },
                    "py/object": "tree.TextTree"
                },
                {
                    "c": null,
                    "children": [],
                    "content": "Just as in [7], we introduce an dummy goal function f. In the end, f will be chosen to achieve simple equations, but now it is sufcient to say that it should be differentiable.",
                    "embedding": null,
                    "h": null,
                    "parent": {
                        "py/id": 28
                    },
                    "py/object": "tree.TextTree"
                },
                {
                    "c": null,
                    "children": [],
                    "content": "Problem 3. Given two sets of residual functions I and O and a differentiable function f : D (cid:6)\u2192 R,",
                    "embedding": null,
                    "h": null,
                    "parent": {
                        "py/id": 28
                    },
                    "py/object": "tree.TextTree"
                },
                {
                    "c": null,
                    "children": [],
                    "content": "The constraints on \u03b8 can also be written,gi(\u03b8) = ri(\u03b8) \u2212 \u0001 \u2264 0, gi(\u03b8) = \u0001 \u2212 ri(\u03b8) \u2264 0, hj(\u03b8) = 0,for all i \u2208 I for all i \u2208 O for all j ,whith hj as in condition 1. Note that all residuals ri, i = 1, . . . , n need not be in I \u222a O. In fact, we will only consider instances of Problem 3 with subsets. The size of the problem is dened to be the number of residuals |I \u222a O|. We will show in the next two sections that both Problems 1 and 2 can be solved by considering instances of Problem 3 of size \u2264 d.",
                    "embedding": null,
                    "h": null,
                    "parent": {
                        "py/id": 28
                    },
                    "py/object": "tree.TextTree"
                },
                {
                    "c": null,
                    "children": [],
                    "content": "Denition 2. An FJ-point to an instance of Problem 3 is a point that satises the Fritz-John conditions1 for local optimality; see [2]. More precisely, a feasible point \u03b8 is an FJ-point if there is a non-trivial solution towith \u03bci \u2265 0 and \u03bcigi(\u03b8) = 0 for all i.",
                    "embedding": null,
                    "h": null,
                    "parent": {
                        "py/id": 28
                    },
                    "py/object": "tree.TextTree"
                },
                {
                    "c": null,
                    "children": [],
                    "content": "Naturally, we cannot solve any problem on this form. The following conditions will be sufcient for the theoretic discussion.",
                    "embedding": null,
                    "h": null,
                    "parent": {
                        "py/id": 28
                    },
                    "py/object": "tree.TextTree"
                },
                {
                    "c": null,
                    "children": [],
                    "content": "Condition 1. We require that D is a d-dimensional difm using constraints ferentiable manifold embedded in R hj(\u03b8) = 0. We also require that the hj are continuously differentiable and that the gi\u2019s are differentiable.",
                    "embedding": null,
                    "h": null,
                    "parent": {
                        "py/id": 28
                    },
                    "py/object": "tree.TextTree"
                },
                {
                    "c": null,
                    "children": [],
                    "content": "Condition 2. If I is non-empty then D(I, O) is bounded.",
                    "embedding": null,
                    "h": null,
                    "parent": {
                        "py/id": 28
                    },
                    "py/object": "tree.TextTree"
                },
                {
                    "c": null,
                    "children": [],
                    "content": "Figure 3. The residual functions trace out regions in D and for all \u03b8 in such a region, the inlier/outlier partition is constant. In order to nd one point in the green region (left), it is enough to consider a subproblem with only d = 2 residuals (right).",
                    "embedding": null,
                    "h": null,
                    "parent": {
                        "py/id": 28
                    },
                    "py/object": "tree.TextTree"
                },
                {
                    "c": null,
                    "children": [],
                    "content": "Example. It is not hard to show that this condition holds for registration. Given a corresponding point pair (xi, yi), assume that the translation |t| > |xi| + |yi| + \u0001. By the triangle inequality",
                    "embedding": null,
                    "h": null,
                    "parent": {
                        "py/id": 28
                    },
                    "py/object": "tree.TextTree"
                },
                {
                    "c": null,
                    "children": [],
                    "content": "For any feasible model point \u03b8 \u2208 D, the set of residuals will be partitioned into two sets, an inlier set I for which ri(\u03b8) \u2264 \u0001 for all ri \u2208 I and the complement set of outliers O. The basic idea is to compute all such partitions the main result is that there are only O(nd) partitions and then solve a standard least-squares problem for each inlier set. The result is illustrated in Figure 3.",
                    "embedding": null,
                    "h": null,
                    "parent": {
                        "py/id": 28
                    },
                    "py/object": "tree.TextTree"
                },
                {
                    "c": null,
                    "children": [],
                    "content": "If Condition 2 is satised and the residual functions are continuous, then there exists a minimizer to Problem 1. Due to lack of space, we omit the proof. The minimizer will have the following characteristic. Lemma 1. A minimizer \u03b8 minimum towhere I Proof. Assume to the contrary there exists a \u03b8",
                    "embedding": null,
                    "h": null,
                    "parent": {
                        "py/id": 28
                    },
                    "py/object": "tree.TextTree"
                },
                {
                    "c": null,
                    "children": [],
                    "content": "Let O add \u00012|O hence n(cid:5) (cid:5)",
                    "embedding": null,
                    "h": null,
                    "parent": {
                        "py/id": 28
                    },
                    "py/object": "tree.TextTree"
                },
                {
                    "c": null,
                    "children": [],
                    "content": "Lemma 1 shows that if we somehow knew the correct \u2217, we could nd an optimal solution in truncated L2 set I sense by solving a standard least squares problem. In many cases, this can be done efciently. The key is then to nd all candidates for the correct inlier set and the following theorem implies how this can be achieved. Theorem 1. Assume that Conditions 1 and 2 are satised. Let I be a non-empty subset of the residuals { ri }n i=1 and O the remaining ones such that D(I, O) (cid:9)= \u2205. Then at least one point in D(I, O) is an FJ-point to an instance of Problem 3 of size \u2264 d. Lemma 2. Let v, e1, . . . , en be elements in R Suppose",
                    "embedding": null,
                    "h": null,
                    "parent": {
                        "py/id": 28
                    },
                    "py/object": "tree.TextTree"
                },
                {
                    "c": null,
                    "children": [],
                    "content": "Proof. According to the Theorem of Caratheodory, 0 can be written as a positive linear combination of no more than d + 1 of the vectors. If at most d of the ei\u2019s are used we are nished. It remains to consider the case whend they are in a with all bi > 0. If these ei\u2019s do not span R subspace and we can use Caratheodory again to reduce the set. If they do span Rd then there exist ci such that",
                    "embedding": null,
                    "h": null,
                    "parent": {
                        "py/id": 28
                    },
                    "py/object": "tree.TextTree"
                },
                {
                    "c": null,
                    "children": [],
                    "content": "Pick j such that cj/bj is minimized. Using (18) and (19),bj \u00b7 (19) \u2212 cj \u00b7 (18) = bjv +",
                    "embedding": null,
                    "h": null,
                    "parent": {
                        "py/id": 28
                    },
                    "py/object": "tree.TextTree"
                },
                {
                    "c": null,
                    "children": [],
                    "content": "All coefcients here are \u2265 0 and the jth coefcient is 0. Proof (Theorem 1). Consider Problem 3 for this I and O. As D(I, O) is closed and bounded, and f is continuous, a minimizer \u03b8 exists. By Theorem 4.3.2 in [2], \u03b8 will satisfy the Fritz-John conditions. More specically,will span a (m \u2212 d)-dimensional subspace perpendicular to the manifold tangent space at \u03b8. Let P be the projection operator onto this tangent space. By projecting (21) we get",
                    "embedding": null,
                    "h": null,
                    "parent": {
                        "py/id": 28
                    },
                    "py/object": "tree.TextTree"
                },
                {
                    "c": null,
                    "children": [],
                    "content": "Lemma 2 tells us that after renumbering, we can writed(cid:5) \u00af\u03bciP\u2207gi(\u03b8) = 0. \u00af\u03bc0P\u2207f (\u03b8) + (23) (cid:8)d i=1 \u00af\u03bci\u2207gi(\u03b8). Clearly it must Now consider \u00af\u03bc0\u2207f (\u03b8) + be perpendicular to the tangent space at \u03b8 and hence there (cid:5) exists \u00af\u03bbj such that",
                    "embedding": null,
                    "h": null,
                    "parent": {
                        "py/id": 28
                    },
                    "py/object": "tree.TextTree"
                },
                {
                    "c": null,
                    "children": [],
                    "content": "It follows that \u03b8 is an FJ-point to an instance of Problem 3 of size \u2264 d.",
                    "embedding": null,
                    "h": null,
                    "parent": {
                        "py/id": 28
                    },
                    "py/object": "tree.TextTree"
                },
                {
                    "c": null,
                    "children": [],
                    "content": "This theorem tells us that if we can compute all FJ-points for all instances of Problem 3 of size |I \u222a O| \u2264 d, we can also nd all possible partitions of inlier and outlier sets. For each FJ-point we simply check which residuals are < \u0001 and > \u0001, respectively. The only problem is residuals that are exactly \u0001. Generically, there will be at most d such residuals and hence we have 2d possible inlier sets to examine. In practice, only one of these sets will make \u03b8F J a real FJpoint satisfying the constraint \u03bci \u2265 0 from (11). Algorithm 1 Single-Model Fitting For the O(nd) instances of Problem 3 of size \u2264 d. Compute all FJ-points, denoted \u03b8F J. For each \u03b8F J,",
                    "embedding": null,
                    "h": null,
                    "parent": {
                        "py/id": 28
                    },
                    "py/object": "tree.TextTree"
                },
                {
                    "c": null,
                    "children": [],
                    "content": "Compute all ri(\u03b8F J ). Find the partitioning I, O induced by \u03b8F J. \u2217 for I. Compute least squares solution \u03b8 \u2217. If this has the lowest loss so far, store \u03b8",
                    "embedding": null,
                    "h": null,
                    "parent": {
                        "py/id": 28
                    },
                    "py/object": "tree.TextTree"
                },
                {
                    "c": null,
                    "children": [],
                    "content": "Complexity. To actually nd the FJ-points we need to study the Fritz-John conditions somewhat closer. It is clear that an FJ-point will have between 0 and d active inequality constraints. This leads to equations of the kind gi(\u03b8) = 0. Note that these do not depend on the partitioning between I and O in Problem 3. Hence the number of equation systems that we need to solve to nd all FJ-points is . Depending on the structure of the equations, each of these systems may have multiple solutions, but it does not depend on n. Finally, according to the discussion above each solution will normally only induce one partitioning, I, O of the residuals. For this I, we need to solve a least squares problem, which can often be done in O(n) time. Hence the total running time is O(nd+1) for Algorithm 1.",
                    "embedding": null,
                    "h": null,
                    "parent": {
                        "py/id": 28
                    },
                    "py/object": "tree.TextTree"
                }
            ],
            "content": "2. Problem Formulation Noise modelling. As noted above, most approaches for robust estimation in vision count the number of inliers to assess the quality of a solution, where inliers are by denition residual errors less than some prescribed threshold \u0001. This approach is simple and generally yields good results, but it does have its limitations. One problem is that the method might be sensitive to the choice of \u0001, but also that the distribution of the inlier errors is not modelled. In [4] a more rened loss function is proposed. The assumption is that inlier residuals have a clock-shaped error distribution similar to the Gaussian distribution, whereas outlier residuals have approximately uniformly distributed errors. (cid:2) These assumptions lead to the loss function c + exp (\u2212r",
            "embedding": null,
            "h": null,
            "parent": {
                "py/id": 0
            },
            "py/object": "tree.TextTree"
        },
        {
            "c": null,
            "children": [
                {
                    "c": null,
                    "children": [],
                    "content": "The previous results also hold in the multi-model case, as tting k d-dimensional models can be viewed as tting one kd-dimensional model. However, the algorithm is less useful as it requires an efcient subroutine for computing the L2-solution in the outlier-free case. This is in general not possible. If, on the other hand, we use the 0 \u2212 1 loss function, we can make the following important observation.",
                    "embedding": null,
                    "h": null,
                    "parent": {
                        "py/id": 90
                    },
                    "py/object": "tree.TextTree"
                },
                {
                    "c": null,
                    "children": [],
                    "content": "Theorem 2. Assume that we to t k models and that Conditions 1 and 2 are satised. An optimal solution to Problem 2 is a set of k FJ-points to instances of Problem 3 of size \u2264 d.",
                    "embedding": null,
                    "h": null,
                    "parent": {
                        "py/id": 90
                    },
                    "py/object": "tree.TextTree"
                },
                {
                    "c": null,
                    "children": [],
                    "content": "Proof. As the goal function can only attain a nite number of values, a minimizer is guaranteed to exist. Consider such k}. We will study \u03b8 a minimizer, {\u03b8 \u2217 \u2217 1 more closely, \u2217 \u2217 \u2217 1 and O j . Let I but note that the discussion holds for any \u03b8 1 \u2217 be the set of inliers and outliers, respectively, to \u03b8 1. Note that a residual can be an inlier to more than one model, but \u2217 \u2217 1) as in Dethis will not matter. Consider the set D(I 1 , O \u2217 nition 1. Clearly this set is non-empty since it contains \u03b8 1. k} is a solution Moreover, for any \u03b8 in this set, {\u03b8, \u03b8 \u2217 \u2217 \u2217 to Problem 2. By Theorem 1 at least one point in D(I 1) 1 , O is an FJ-point to an instance of Problem 3 of size \u2264 d. This can be repeated for indices 2, . . . , k.",
                    "embedding": null,
                    "h": null,
                    "parent": {
                        "py/id": 90
                    },
                    "py/object": "tree.TextTree"
                },
                {
                    "c": null,
                    "children": [],
                    "content": "The maximum k-cover problem. Assume that we have computed all FJ-points for instances of Problem 3 with |I \u222a O| \u2264 d residuals. The remaining problem is choosing k of these hypotheses such that Problem 2 is solved. Each hypothesis (or FJ-point) can be represented by its set of inliers Ii and we want to nd a maximum k-cover,",
                    "embedding": null,
                    "h": null,
                    "parent": {
                        "py/id": 90
                    },
                    "py/object": "tree.TextTree"
                },
                {
                    "c": null,
                    "children": [],
                    "content": "Algorithm 2 Multi-Model Fitting For each instance of Problem 3 with size \u2264 d. Compute all FJ-points, denoted \u03b8F J. For each \u03b8F J, Set IF J = { i| ri(\u03b8F J ) \u2264 \u0001}. Solve MAX k-COVER using the index sets { IF J }.",
                    "embedding": null,
                    "h": null,
                    "parent": {
                        "py/id": 90
                    },
                    "py/object": "tree.TextTree"
                },
                {
                    "c": null,
                    "children": [],
                    "content": "We return to the image registration problem introduced in Section 2. Given two sets of 2-vectors, {xi} and {yi}, nd a rotation R and a translation t that minimizes the truncated L2-norm, as illustrated in Figure 1.",
                    "embedding": null,
                    "h": null,
                    "parent": {
                        "py/id": 90
                    },
                    "py/object": "tree.TextTree"
                },
                {
                    "c": null,
                    "children": [],
                    "content": "As per previous discussions we need to nd all FJ-points to all instances of Problem 3 of size at most d = 3. We write the constraints gi asgi(R, t) = (Rxi + t \u2212 yi)",
                    "embedding": null,
                    "h": null,
                    "parent": {
                        "py/id": 90
                    },
                    "py/object": "tree.TextTree"
                },
                {
                    "c": null,
                    "children": [],
                    "content": "We will need different polynomial solvers depending on the number of active constraints. With 3 active constraints we get 3 equations of type (26) and the embedding h(\u03b8) = 2 \u2212 1 = 0. This amounts to 4 quadratic polynomial \u03b82 1 + \u03b82 equations in 4 unknowns. Using methods presented in [5] we have implemented a minimal solver in MATLAB that runs in about 0.6 ms on a standard computer (Intel I5).",
                    "embedding": null,
                    "h": null,
                    "parent": {
                        "py/id": 90
                    },
                    "py/object": "tree.TextTree"
                },
                {
                    "c": null,
                    "children": [],
                    "content": "For problems of size < 3 we also need to consider the constraint posed on the gradients of gi, hj and f in (11). This constraint implies linear dependence of the gradients. These gradients are easy to calculate and usingwe obtain the necessary extra equations. 5.2. Image Stitching",
                    "embedding": null,
                    "h": null,
                    "parent": {
                        "py/id": 90
                    },
                    "py/object": "tree.TextTree"
                },
                {
                    "c": null,
                    "children": [],
                    "content": "This is a well-known NP-hard problem, but it is easy to see that it is xed-parameter tractable with respect to the number of models. More precisely, let H be the set of hypotheses, and assume that we want to t k models. Since there are only possible choices, an exhaustive search can be done in polynomial time as long as k is xed. Normally, a more efcient solution is to formulate the max kcover problem as an integer linear program, and use standard solvers for this type of problem.",
                    "embedding": null,
                    "h": null,
                    "parent": {
                        "py/id": 90
                    },
                    "py/object": "tree.TextTree"
                },
                {
                    "c": null,
                    "children": [],
                    "content": "We formulate the problem as Horn et. al. [11]. Given two sets of unit 3-vectors, {xi} and {yi}, nd a rotation R such that",
                    "embedding": null,
                    "h": null,
                    "parent": {
                        "py/id": 90
                    },
                    "py/object": "tree.TextTree"
                },
                {
                    "c": null,
                    "children": [],
                    "content": "In summary, in order to optimally estimate a set of k models (Problem 2), one can use Algorithm 2. The worstcase running time is O(nkd+1).",
                    "embedding": null,
                    "h": null,
                    "parent": {
                        "py/id": 90
                    },
                    "py/object": "tree.TextTree"
                }
            ],
            "content": "4. Multiple Models",
            "embedding": null,
            "h": null,
            "parent": {
                "py/id": 0
            },
            "py/object": "tree.TextTree"
        },
        {
            "c": null,
            "children": [
                {
                    "c": null,
                    "children": [],
                    "content": "We will look at three applications in more detail: Image",
                    "embedding": null,
                    "h": null,
                    "parent": {
                        "py/id": 116
                    },
                    "py/object": "tree.TextTree"
                },
                {
                    "c": null,
                    "children": [],
                    "content": "The relevant inequality constraints for this problem are i Rxi + \u00012/2 \u2212 1 \u2265 0. The parameter space gi(R) = yT is 3-dimensional, one angle around each axis. We avoid trigonometry in the unknowns and embed the rotation matrix using a unit quaternion q. This does not alter the form of gi(R(q)) \u2265 0 but introduces an equality constraint h(q) = ||q||2 \u2212 1 = 0. Here R(q) merely denotes a rotation matrix parametrized by the quaternion q.",
                    "embedding": null,
                    "h": null,
                    "parent": {
                        "py/id": 116
                    },
                    "py/object": "tree.TextTree"
                },
                {
                    "c": null,
                    "children": [],
                    "content": "For problems dened by 3 active constraints we again have a system of 4 equations in 4 unknowns. Using methods presented in [1] a polynomial solver exploiting the symmetry of the quaternion representation was constructed. For problems where only two inequality constraints are active we can no longer formulate a solvable system. Again we need (11) to obtain a fourth equation necessary to solve for the 4 unknowns in q. Just as for the case of registration we use the implied linear dependence and det(\u2207f \u2207g1 \u2207g2 \u2207h) = 0 to obtain this equation. To simplify this expression we select f (q) = q1, giving us \u2207f = (1, 0, 0, 0)T reducing the above determinant calculation to a subdeterminant calculation. Single active constraints can be handled similarly. Our MATLAB implementation of the polynomial solvers runs in about 10 ms. 5.3. Multiple Model Registration",
                    "embedding": null,
                    "h": null,
                    "parent": {
                        "py/id": 116
                    },
                    "py/object": "tree.TextTree"
                },
                {
                    "c": null,
                    "children": [],
                    "content": "As discussed in Section 4, we need to calculate, again, all FJ-points in where up to 3 constraints are active for singlemodel registration. This part of the scheme is identical to the single-model case. Each solution (or FJ-point) provides us with an inlier set. Picking the maximum k-cover among all possible inlier sets is then performed using CPLEX with the provided MATLAB interface. 6. Fast Outlier Rejection",
                    "embedding": null,
                    "h": null,
                    "parent": {
                        "py/id": 116
                    },
                    "py/object": "tree.TextTree"
                },
                {
                    "c": null,
                    "children": [],
                    "content": "It would naturally be a great advantage if outliers could be discarded early and not even considered as input to Algorithm 1. This section will present such a method for fast outlier rejection which works both for registration and stitching. Note that only correspondences that can be shown to not be part of an optimal inlier set will be discarded.lowing lower bound to the total loss, \u00012|O| \u2264 (cid:8)n",
                    "embedding": null,
                    "h": null,
                    "parent": {
                        "py/id": 116
                    },
                    "py/object": "tree.TextTree"
                },
                {
                    "c": null,
                    "children": [],
                    "content": "The technique iterates through the correspondences. For each correspondence c, we obtain a bound of the following type: If c is an inlier, then the total loss l is larger than. . . If this bound is higher than the best solution so far, we can remove c permanently from the discussion. Rather than working directly with the truncated L2-norm we will use the foli=1 l(ri), where O is the minimal outlier set. Let us assume that residual i is below the threshold at optimum, that is, the ith correspondence is an inlier. Under this assumption, we will produce a bound on the optimal solution. Proposition 1. Suppose that for a set of corresponding points there exists a transformation T (for registration or stitching) such that all residuals are less than \u0001. Then there (cid:4) such that residual ri = 0 exists another transformation T and all other residuals rj are less than 2\u0001, rj \u2264 2\u0001, j (cid:9)= i. (cid:4) Proof. (Registration) Set t = R. Then ||t \u2212 t (cid:4)|| \u2264 2\u0001. rj = ||R",
                    "embedding": null,
                    "h": null,
                    "parent": {
                        "py/id": 116
                    },
                    "py/object": "tree.TextTree"
                },
                {
                    "c": null,
                    "children": [],
                    "content": "Proof. (Stitching) Let \u03b1 = \u2220(yi, Rxi). Then a rotation R\u03b1 about xi \u00d7 yi will map xi exactly to yi and ||R\u03b1|| \u2264 \u0001. So, set R",
                    "embedding": null,
                    "h": null,
                    "parent": {
                        "py/id": 116
                    },
                    "py/object": "tree.TextTree"
                },
                {
                    "c": null,
                    "children": [],
                    "content": "This means that a bound for the number of 2\u0001-inliers given that ri = 0 is also a bound for the number of \u0001-inliers given that ri \u2264 \u0001. For both registration and stitching, getting a bound is fairly easy as this constraint xes the transformation up to a one-dimensional rotation using correspondence (xi, yi). We can parameterize this rotation with an angle \u03b1. Each of the remaining correspondences yields an interval constraint on this \u03b1 (which should be interpreted modulo 2\u03c0). To get a bound on the number of inliers we need to nd a point that lies in as many of these intervals as possible. This can be done by sorting the intervals and going through the sorted list. The computationally most costly part here is the sorting and hence the cost of this algorithm is O(n log n). If we do this for each correspondence we get a cost of O(n2 log n), which is signicantly cheaper than the optimal algorithm.",
                    "embedding": null,
                    "h": null,
                    "parent": {
                        "py/id": 116
                    },
                    "py/object": "tree.TextTree"
                }
            ],
            "content": "5. Applications",
            "embedding": null,
            "h": null,
            "parent": {
                "py/id": 0
            },
            "py/object": "tree.TextTree"
        },
        {
            "c": null,
            "children": [
                {
                    "c": null,
                    "children": [],
                    "content": "We have performed a number of experiments on real data to demonstrate the validity of the approach on our three example applications. We compare our results with RANSAC, but in order for a fair comparison we use RANSAC with an exhaustive sampling of minimal subsets. The aim is to show that our approach is in fact practical, without having the drawbacks of a non-deterministic and non-optimal approach. For registration and stitching, the fast outlier rejection method of Section 6 is applied as a preprocessing step to Algorithm 1. Normally 90% to 98% of the outilers are eliminated in this step, but in rare examples this ratio drops and in the two worst examples only 0.2% and 11% are eliminated. For multi-model registration, we use Algorithm 2 with CPLEX for max k-cover, but before running the polynomial solver we do a simple test verifying that pairwise distances are consistent. This is a fast way to see if the solver will yield any real-valued solutions. 7.1. Registration",
                    "embedding": null,
                    "h": null,
                    "parent": {
                        "py/id": 134
                    },
                    "py/object": "tree.TextTree"
                },
                {
                    "c": null,
                    "children": [],
                    "content": "For the registration experiments the problem of matching two differently stained tissue slices of a prostate biopsy is addressed. Examples of such images are shown in Figure 4(a) out of a database of 88 pairs. These images vary greatly in the number of reliable matches, and can have high ratios of outliers (recall the example in Figure 1).",
                    "embedding": null,
                    "h": null,
                    "parent": {
                        "py/id": 134
                    },
                    "py/object": "tree.TextTree"
                },
                {
                    "c": null,
                    "children": [],
                    "content": "Truncation level is set at \u0001 = 3 pixels. Compared with standard RANSAC which optimizes the size of the inlier set",
                    "embedding": null,
                    "h": null,
                    "parent": {
                        "py/id": 134
                    },
                    "py/object": "tree.TextTree"
                },
                {
                    "c": null,
                    "children": [],
                    "content": "Figure 4. (a) Image pairs of prostate tissue in two different stainings. (b) Stitching example from FLICKR showing the view from the Eiffel Tower. This challenging example consists of two images taken under very different illumination conditions and resolutions, resulting in poor matching. (c) Image pair of a lung tissue biopsy which has three components. (Top) Hypothetical correspondences (cyan) obtained from SIFT. (Bottom) Inlier correspondences (green, blue and red) from the three estimated motions.",
                    "embedding": null,
                    "h": null,
                    "parent": {
                        "py/id": 134
                    },
                    "py/object": "tree.TextTree"
                }
            ],
            "content": "7. Experiments",
            "embedding": null,
            "h": null,
            "parent": {
                "py/id": 0
            },
            "py/object": "tree.TextTree"
        },
        {
            "c": null,
            "children": [],
            "content": "0 Improvement of truncated L2 error",
            "embedding": null,
            "h": null,
            "parent": {
                "py/id": 0
            },
            "py/object": "tree.TextTree"
        },
        {
            "c": null,
            "children": [],
            "content": "0 Improvement of truncated L2 error",
            "embedding": null,
            "h": null,
            "parent": {
                "py/id": 0
            },
            "py/object": "tree.TextTree"
        },
        {
            "c": null,
            "children": [],
            "content": "0 Improvement of truncated L2 error",
            "embedding": null,
            "h": null,
            "parent": {
                "py/id": 0
            },
            "py/object": "tree.TextTree"
        },
        {
            "c": null,
            "children": [
                {
                    "c": null,
                    "children": [],
                    "content": "A stitching example of a pair of images taken by different photographers at different times, downloaded from FLICKR with keywords \u201cview from the Eiffel tower\u201d is given in Fig",
                    "embedding": null,
                    "h": null,
                    "parent": {
                        "py/id": 150
                    },
                    "py/object": "tree.TextTree"
                },
                {
                    "c": null,
                    "children": [],
                    "content": "Table 1. The improvement of our method compared to sequential RANSAC. Note that RANSAC hardly ever nds the optimal solution even though the sampling of minimal sets is exhaustive.ure 4(b). In total, a database of 53 image pairs were tested. The images were of size 640 \u00d7 480 and had very narrow overlap. The truncation was set to \u0001 = 0.001 corresponding roughly to 1.5 pixels. Compared with standard RANSAC, there were 5 pairs with no difference. The other 48 pairs are summarized in the lower, left of Figure 5. Similarly with the truncated L2-RANSAC, there were 38 pairs with no difference while 15 pairs obtained improved results compared with the optimal method, see the lower, right of Figure 5.",
                    "embedding": null,
                    "h": null,
                    "parent": {
                        "py/id": 150
                    },
                    "py/object": "tree.TextTree"
                },
                {
                    "c": null,
                    "children": [],
                    "content": "The relative performance between our optimal method and RANSAC follows the same pattern as for the registration experiment. There is a signicant difference compared to standard RANSAC while for the truncated L2-RANSAC the performance difference is smaller. These ndings are consistent with [12] where a truncated quadratic loss is also found to perform better than simply counting inliers in the RANSAC-loop. 7.3. Multiple Model Registration",
                    "embedding": null,
                    "h": null,
                    "parent": {
                        "py/id": 150
                    },
                    "py/object": "tree.TextTree"
                },
                {
                    "c": null,
                    "children": [],
                    "content": "For the experiments on simultaneous multiple model registration we emulate structures as the one displayed in Figure 4(c). The image shows a lung biopsy with three components, matched to adjacent layers of the same tissues. Due to the lack of availability of such data we use our prostate data to generate multi-model cases with close to the same number of inliers. For the cases with two models we used 20 inliers per model, and in total 40 outliers. For the three model case we used models of different dominance and set the inlier sizes to 10, 20 and 30. The number of outliers",
                    "embedding": null,
                    "h": null,
                    "parent": {
                        "py/id": 150
                    },
                    "py/object": "tree.TextTree"
                },
                {
                    "c": null,
                    "children": [],
                    "content": "Figure 6. Timing experiments for registration. (Left) Runtime as a function of the number of correspondences for the fast rejection method. (Right) Runtime for Algorithm 1 as a function of problem size (\u2248 the number of inliers). The dashed line is a y = cx3-curve.was set to match the total number of inliers. The results for both methods, compared to using a sequential RANSAC is displayed in Table 1. Average running time for the 2-model examples was 18 s and 90 s for tting 3 models. 7.4. Runtimes and Time Complexity",
                    "embedding": null,
                    "h": null,
                    "parent": {
                        "py/id": 150
                    },
                    "py/object": "tree.TextTree"
                },
                {
                    "c": null,
                    "children": [],
                    "content": "By randomly selecting subproblems of different sizes from the registration data, we examined the running times of the fast outlier rejection and Algorithm 1 as a function of problem size. The results are shown in Figure 6. As most of the outliers are removed by the outlier rejection step and the runtime of the second step depends mainly on the number of inliers. This means that the total execution time of our algorithm varies from a couple of seconds to slightly over 3 h even if the number of input points is xed. In practice though, there would be no need to run Algorithm 1 exhaustively in cases with hundreds of inliers. The practical complexity for Algorithm 1 is cubic rather than the theoretical O(n4). It shows that for this size problems the dominant cost is that of computing the FJ-points. The runtime of RANSAC is about 1 s for all experiments.",
                    "embedding": null,
                    "h": null,
                    "parent": {
                        "py/id": 150
                    },
                    "py/object": "tree.TextTree"
                }
            ],
            "content": "0 Improvement of truncated L2 error Figure 5. Histogram of performance differences between our optimal method and standard RANSAC (left) and RANSAC which evaluates the truncated L2-error for each sample (right). The x-axis is scaled such that 1 unit corresponds to the cost of 1 outlier.",
            "embedding": null,
            "h": null,
            "parent": {
                "py/id": 0
            },
            "py/object": "tree.TextTree"
        },
        {
            "c": null,
            "children": [
                {
                    "c": null,
                    "children": [],
                    "content": "We have shown how to minimize the truncated quadratic loss function, which accurately models the noise for both inliers and outliers. Our experiments demonstrate that this yields a practical approach when combined with a fast outlier rejection step. One weakness is that for large number of inliers, it becomes infeasible to compute the optimal estimate. On the other hand, in such a case, it is not crucial to nd all inliers in order to get an accurate estimate.",
                    "embedding": null,
                    "h": null,
                    "parent": {
                        "py/id": 164
                    },
                    "py/object": "tree.TextTree"
                },
                {
                    "c": null,
                    "children": [],
                    "content": "Our work opens up the possibility to develop new feature detectors. Current detectors are optimized to nd a good inlier/outlier ratio, whereas our approach shows that it is possible to handle large amounts of outliers.",
                    "embedding": null,
                    "h": null,
                    "parent": {
                        "py/id": 164
                    },
                    "py/object": "tree.TextTree"
                },
                {
                    "c": null,
                    "children": [],
                    "content": "References [1] E. Ask, Y. Kuang, and K \u02daAstr\u00a8om. Exploiting p-fold symmetries for faster polynomial equation solving. In Int. Conf. Pattern Recognition, Tsukuba, Japan, 2012. 6gramming: Theory and Algorithms. Wiley, 1993. 3, 4",
                    "embedding": null,
                    "h": null,
                    "parent": {
                        "py/id": 164
                    },
                    "py/object": "tree.TextTree"
                },
                {
                    "c": null,
                    "children": [],
                    "content": "Trans. Pattern Analysis and Machine Intelligence, 2008. 1dences from pairwise constraints. Vision, 2009. 1",
                    "embedding": null,
                    "h": null,
                    "parent": {
                        "py/id": 164
                    },
                    "py/object": "tree.TextTree"
                },
                {
                    "c": null,
                    "children": [],
                    "content": "European Conf. on Computer Vision, 2008. 1",
                    "embedding": null,
                    "h": null,
                    "parent": {
                        "py/id": 164
                    },
                    "py/object": "tree.TextTree"
                }
            ],
            "content": "8. Conclusions",
            "embedding": null,
            "h": null,
            "parent": {
                "py/id": 0
            },
            "py/object": "tree.TextTree"
        }
    ],
    "content": "Optimal Geometric Fitting Under the Truncated L2-Norm Erik Ask",
    "embedding": null,
    "h": null,
    "parent": null,
    "py/object": "tree.TextTree"
}