{
    "c": null,
    "children": [
        {
            "c": null,
            "children": [
                {
                    "c": null,
                    "children": [],
                    "content": "We propose a new vector encoding scheme (tree quantization) that obtains lossy compact codes for highdimensional vectors via tree-based dynamic programming. Similarly to several previous schemes such as product quantization, these codes correspond to codeword numbers within multiple codebooks. We propose an integer programming-based optimization that jointly recovers the coding tree structure and the codebooks by minimizing the compression error on a training dataset. In the experiments with diverse visual descriptors (SIFT, neural codes, Fisher vectors), tree quantization is shown to combine fast encoding and state-of-the-art accuracy in terms of the compression error, the retrieval performance, and the image classication error.",
                    "embedding": null,
                    "h": null,
                    "parent": {
                        "py/id": 2
                    },
                    "py/object": "tree.TextTree"
                }
            ],
            "content": "Abstract",
            "embedding": null,
            "h": null,
            "parent": {
                "py/id": 0
            },
            "py/object": "tree.TextTree"
        },
        {
            "c": null,
            "children": [
                {
                    "c": null,
                    "children": [],
                    "content": "As very large datasets of high-dimensional vectors proliferate, machine learning, computer vision, and information retrieval systems that work with such datasets increasingly rely on lossy vector compression or hashing schemes. A crucial requirement for these schemes is the ability to evaluate distances and scalar products between compressed and uncompressed vectors efciently and without explicit decompression. At the moment, systems that rely on the product quantization compression [10] are often preferred to hashing approaches due to a more favourable memory-accuracy tradeoff as evidenced by comparisons in e.g. [8, 15]. Given a dataset of vectors in RD, product quantization starts by splitting the vector dimensions into M groups. Each dimension group is then quantized separately and independently from others using codebooks of small size (most often 256 codewords), whereas codewords in the codebooks have the dimension D/M. In the PQ compression scheme, an input vector is approximated as a concatenation of M codewords (one codeword from each codebook). Product quantization implicitly relies on the limited amount of correlation between the dimension groups, since each codebook is learned independently from others. The encoding process within PQ is very simple and fast, and the computation of scalar product and distances between a large number of PQ-compressed vectors and an uncompressed vector can be implemented very efciently using look-up tables.",
                    "embedding": null,
                    "h": null,
                    "parent": {
                        "py/id": 6
                    },
                    "py/object": "tree.TextTree"
                },
                {
                    "c": null,
                    "children": [],
                    "content": "Recently, we have proposed an alternative compression scheme called additive quantization (AQ) that pushes the coding accuracy of PQ-based methods even further [3]. Similarly to PQ, AQ maintains a set of M codebooks. However, the codewords within the codebooks are full-length, i.e. D-dimensional. During the compression stage AQ represents a vector as a sum of M codewords (one codeword from each codebook). The vector code is thus the same as within PQ, i.e. M codeword numbers. The additive nature of the compression means that the evaluation of scalar products between AQ-compressed and uncompressed vectors can use the same look-up table trick and is thus very fast. Evaluation of Euclidean distances takes slightly more time or an extra byte of memory but is still efcient. In general, AQ achieves a signicant boost in coding accuracy (for the same code length) over PQ, which can be explained by the lack of low-correlation assumption between dimension groups. Furthermore, AQ codebooks possess an increased number of parameters that can be adjusted at the codebook learning stage in order to t the data distribution.",
                    "embedding": null,
                    "h": null,
                    "parent": {
                        "py/id": 6
                    },
                    "py/object": "tree.TextTree"
                },
                {
                    "c": null,
                    "children": [],
                    "content": "The main limitation of the AQ-compression is the inefciency of the encoding step. As we show in [3], nding the optimal combination of the codebook vectors is equivalent to the MAP-inference in the fully-connected Markov random eld with unstructured and highly non-submodular pairwise potentials. As reported in [3] none of the standard MRF optimization methods [12] work well and therefore [3] uses a heuristics-driven beam search, which is able to nd approximate codings resulting in lower coding error than PQ-compression. Still, this approximate inference takes orders of magnitude more time than PQ encoding, and can be prohibitively slow for many practical applications, especially when online encoding of new vectors is needed. Here, we propose a new coding scheme called Tree Quantization (TQ) that belongs to the same family as PQ and AQ. Similarly to PQ and AQ, TQ maintains a set of M codebooks and, similarly to AQ, it encodes a vector as a sum of M codewords from different codebooks. The TQcode for a vector is thus, once again, a set of M codeword numbers. The difference from AQ lies in the special structure that TQ imposes onto its codebooks. The encoding is based on a tree graph (the coding tree), where vertices correspond to codebooks, while each of the D dimensions is assigned to an edge. Each codebook then encodes only the dimensions that are assigned to edges that are incident to the vertex corresponding to this codebook (Figure 1). All other dimensions are then xed to zero for all codewords in a given codebook.",
                    "embedding": null,
                    "h": null,
                    "parent": {
                        "py/id": 6
                    },
                    "py/object": "tree.TextTree"
                },
                {
                    "c": null,
                    "children": [],
                    "content": "By construction, the encoding process within the tree quantization is implemented via the MAP-inference in a tree-shaped model, and is therefore exact and efcient [16]. Perhaps the most interesting part of the TQ scheme is the codebook learning stage. Standard quantization, product quantization, and additive quantization all use k-means like processes to learn their codebooks, which alternate the encoding steps (\u201cE-steps\u201d) with the codebook-reestimation steps, during which the codebook assignments of the training vectors are kept xed (\u201cM-steps\u201d). Crucially, we demonstrate that TQ can follow the same scheme, and that given the codebook assignments of the training vectors, it is possible to estimate (i) the tree structure, (ii) the dimensions to edges assignments, and (iii) the codewords, all jointly and in a globally optimal way. Such global estimation during the M-step requires solving an integer linear program (ILP), which in our experiments was always solvable to optimality using a modern ILP solver [1] for D and M that were typically used in previous works.",
                    "embedding": null,
                    "h": null,
                    "parent": {
                        "py/id": 6
                    },
                    "py/object": "tree.TextTree"
                },
                {
                    "c": null,
                    "children": [],
                    "content": "We evaluate the tree quantization scheme in terms of coding errors as well as within the contexts of the nearest neighbor search (matching uncompressed queries to a compressed dataset) and classication (where either the training or the test sets are compressed). We compare TQ with several methods, namely PQ and AQ, the \u201coptimized\u201d versions of PQ and TQ, which additionally estimate a global rotation of the data that optimizes the coding accuracy [15, 8] and with the recent Composite Quantization (CQ) method [19] which approximates a vector as a sum of several codewords with xed pairwise scalar products. Overall, the global optimality of the TQ encoding (given the coding tree) as well as the global optimality of the extended M-step within thecoding tree learning, allowed TQ to achieve coding error, recall, and classication accuracy that were similar to the AQ encoding and much better than the PQ encoding. While achieving similar coding accuracy, TQ outperformed AQ by a large margin in terms of the encoding time.",
                    "embedding": null,
                    "h": null,
                    "parent": {
                        "py/id": 6
                    },
                    "py/object": "tree.TextTree"
                }
            ],
            "content": "1. Introduction",
            "embedding": null,
            "h": null,
            "parent": {
                "py/id": 0
            },
            "py/object": "tree.TextTree"
        },
        {
            "c": null,
            "children": [
                {
                    "c": null,
                    "children": [],
                    "content": "In this section, we rst discuss the representation employed by the tree quantization. We then brie\ufb02y discuss how this representation facilitates fast scalar product and Euclidean distance computations between uncompressed and compressed vectors in a way that is similar to product and additive quantizations. 2.1. Coding tree",
                    "embedding": null,
                    "h": null,
                    "parent": {
                        "py/id": 18
                    },
                    "py/object": "tree.TextTree"
                },
                {
                    "c": null,
                    "children": [],
                    "content": "We assume that we are dealing with vectors in the D\u2212dimensional space RD, and that vectors are to be encoded with M codebooks C 1, C 2, . . . , CM . Each codebook has K vectors (codewords) and in our experiments, as well as in most previous works on PQ and AQ, K is xed to 256. We denote cm(i) to be the ith codeword in the mth codebook, and cm(i)[d] to be the dth entry (dimension) of this vector. In TQ, each vectors is encoded using M numbers between 1 and 256, i.e. M bytes, corresponding to codeword numbers in each of the codebooks. TQ (as well as AQ) approximates a vector x with the code [i1, i2, . . . , iM ] as a sum of the corresponding codewords:",
                    "embedding": null,
                    "h": null,
                    "parent": {
                        "py/id": 18
                    },
                    "py/object": "tree.TextTree"
                },
                {
                    "c": null,
                    "children": [],
                    "content": "Unlike AQ that does not impose any structure on the codewords, TQ uses the coding tree (Figure 1) to impose such structure. The coding tree T is a tree graph with M vertices, where each vertex corresponds to a codebook. We further use the notation (m, n) \u2208 T for m\u2208 1..M and n\u2208 1..M to denote the fact that the mth and the nth vertices are connected by a tree edge. Given the tree T , we assign each of the D dimensions in RD to one of the edges in the tree. We denote with Dm,n the set of dimensions that are assigned to an edge (m, n) \u2208 T . Since each dimension is assigned to one edge, these sets are disjoint. Here and below, when using (m, n) as an index, we do not distinguish between (m, n) and (n, m) as the coding tree is undirected. We further dene Dm to be the union of all dimensionsets for edges that are incident to the vertex m, i.e.:",
                    "embedding": null,
                    "h": null,
                    "parent": {
                        "py/id": 18
                    },
                    "py/object": "tree.TextTree"
                },
                {
                    "c": null,
                    "children": [],
                    "content": "Dm = {(cid:71)Dm,n | n\u2208 1..M , (m, n) \u2208 T } .",
                    "embedding": null,
                    "h": null,
                    "parent": {
                        "py/id": 18
                    },
                    "py/object": "tree.TextTree"
                },
                {
                    "c": null,
                    "children": [],
                    "content": "TQ requires all codewords in the mth codebook to havedimensions that are not in Dm to be zero, i.e: \u2200i, d /\u2208 Dm, cm(i)[d] = 0 .",
                    "embedding": null,
                    "h": null,
                    "parent": {
                        "py/id": 18
                    },
                    "py/object": "tree.TextTree"
                },
                {
                    "c": null,
                    "children": [],
                    "content": "Figure 1. Tree quantization encoding for D-dimensional vectors (here D=16). Each dimension is assigned to an edge of the coding tree (the assignment is color-coded). Each of the M =8 vertices of the coding tree contains a codebook (shown for vertex #2). Each codebook encodes dimensions from the incident edges (also color-coded). An input vector x is then represented as a sum of M codewords ct(it) from vertex codebooks (shown as rectangles with active dimensions color-coded; the position of the codeword c2(i2) within the second codebook is highlighted in red).",
                    "embedding": null,
                    "h": null,
                    "parent": {
                        "py/id": 18
                    },
                    "py/object": "tree.TextTree"
                },
                {
                    "c": null,
                    "children": [],
                    "content": "As a result, each dimension is encoded by two codebooks corresponding to the end vertices of the edge the dimension is assigned to. This is different from PQ, where each dimension is coded by only one codebook and from AQ, where it is coded by all M codebooks. An important (for TQ) consequence of the codebook structure imposed by TQ is the orthogonality of any pair of codewords coming from two codebooks that are not adjacent in the tree, i.e.:",
                    "embedding": null,
                    "h": null,
                    "parent": {
                        "py/id": 18
                    },
                    "py/object": "tree.TextTree"
                },
                {
                    "c": null,
                    "children": [],
                    "content": "The representation (1) permits efcient operations between compressed and uncompressed vectors. The efciency is attained through the use of look-up tables. The algorithms here are essentially the same as those employed by AQ, although the Euclidean distances can be evaluated more efciently.",
                    "embedding": null,
                    "h": null,
                    "parent": {
                        "py/id": 18
                    },
                    "py/object": "tree.TextTree"
                },
                {
                    "c": null,
                    "children": [],
                    "content": "Generally, we consider an uncompressed query vector q and a dataset of L compressed vectors x1, . . . , xL with L(cid:29)K. Each xj is represented with the code [ij M ], i.e.:",
                    "embedding": null,
                    "h": null,
                    "parent": {
                        "py/id": 18
                    },
                    "py/object": "tree.TextTree"
                },
                {
                    "c": null,
                    "children": [],
                    "content": "Then, the scalar product between q and xj can be evaluated as:where \u0398m(\u00b7) = (cid:104)q, cm(\u00b7)(cid:105) can be precomputed and stored, given the query q. The complexity of computing these lookup tables is independent of L and therefore for large enough datasets becomes negligible. Apart from this overhead, thecomplexity of computing a scalar product is M lookups and M \u2212 1 additions per each compressed vector.",
                    "embedding": null,
                    "h": null,
                    "parent": {
                        "py/id": 18
                    },
                    "py/object": "tree.TextTree"
                },
                {
                    "c": null,
                    "children": [],
                    "content": "When one considers the (squared) Euclidean distance between q and the compressed vectors, extra operations are needed. Since:",
                    "embedding": null,
                    "h": null,
                    "parent": {
                        "py/id": 18
                    },
                    "py/object": "tree.TextTree"
                },
                {
                    "c": null,
                    "children": [],
                    "content": "Here, we use the orthogonality (4) to eliminate all crossterms for (m, n) /\u2208 T . To facilitate fast computation, the terms (cid:107)cm(\u00b7)(cid:107)2 can be added to the values in the lookup tables \u0398m(\u00b7) discussed above, while the cross-terms (\u00b7,\u00b7) = 2(cid:104)cm(\u00b7), cn(\u00b7)(cid:105) can be stored in separate \u0398m,n query-independent look-up tables. The overhead of computing the Euclidean distance over the scalar product (and over the distance computation with the PQ compression) is then M look-ups and additions (i.e. about two times slower). Note that for AQ the same overhead is quadratic in M, i.e. much larger, since cross-terms for all (m, n) have to be looked up and summed.",
                    "embedding": null,
                    "h": null,
                    "parent": {
                        "py/id": 18
                    },
                    "py/object": "tree.TextTree"
                }
            ],
            "content": "2. Tree quantization",
            "embedding": null,
            "h": null,
            "parent": {
                "py/id": 0
            },
            "py/object": "tree.TextTree"
        },
        {
            "c": null,
            "children": [
                {
                    "c": null,
                    "children": [],
                    "content": "A tree quantizer is characterized by the tree T and the codebooks C m(k), that are consistent with the tree. In this",
                    "embedding": null,
                    "h": null,
                    "parent": {
                        "py/id": 44
                    },
                    "py/object": "tree.TextTree"
                },
                {
                    "c": null,
                    "children": [],
                    "content": "To nd the optimal TQ-code [i1, i2, . . . im] for a vector x given the codebooks C 1 . . . CM , the reconstruction error E in the representation (1) is minimized:",
                    "embedding": null,
                    "h": null,
                    "parent": {
                        "py/id": 44
                    },
                    "py/object": "tree.TextTree"
                },
                {
                    "c": null,
                    "children": [],
                    "content": "E(i1, i2, . . . iM ) = (cid:107)x \u2212 M(cid:88)",
                    "embedding": null,
                    "h": null,
                    "parent": {
                        "py/id": 44
                    },
                    "py/object": "tree.TextTree"
                },
                {
                    "c": null,
                    "children": [],
                    "content": "Using (7), this function decomposes as:",
                    "embedding": null,
                    "h": null,
                    "parent": {
                        "py/id": 44
                    },
                    "py/object": "tree.TextTree"
                },
                {
                    "c": null,
                    "children": [],
                    "content": "E(i1, i2, . . . iM ) =where once again the orthogonality (4) is used to eliminate cross-terms for (m, n) /\u2208 T , and the constant term (cid:107)x(cid:107)2 is also omitted.",
                    "embedding": null,
                    "h": null,
                    "parent": {
                        "py/id": 44
                    },
                    "py/object": "tree.TextTree"
                },
                {
                    "c": null,
                    "children": [],
                    "content": "The minimization (10) is then equivalent to the MAPinference in the tree-shaped pairwise Markov random eld dened by the coding tree, where the terms Um(im)= \u2212 2(cid:104)x, cm(im)(cid:105) + (cid:107)cm(im)(cid:107)2 correspond to the unary terms. The terms Vm,n(im, in)=2(cid:104)cm(im), cn(in)(cid:105) can be precomputed independently of the query and constitute the pairwise terms.",
                    "embedding": null,
                    "h": null,
                    "parent": {
                        "py/id": 44
                    },
                    "py/object": "tree.TextTree"
                },
                {
                    "c": null,
                    "children": [],
                    "content": "The inference can thus be performed using dynamic programming (max product algorithm) in the tree graph [16], which is exact and has the complexity O(M K 2), while the precomputation of the unary terms has the complexity O(KD). While the rst term will typically be much larger and harder to vectorize, it is still much faster than the inference in the fully-connected model that has to be performed in the case of AQ [3] (e.g. the heuristic beam search algorithm proposed in [3] has the complexity O(M 2K 2(M + log M K))). The exactness and the efciency of the encoding process is the key advantage of TQ over AQ. 3.2. Codebook learning",
                    "embedding": null,
                    "h": null,
                    "parent": {
                        "py/id": 44
                    },
                    "py/object": "tree.TextTree"
                },
                {
                    "c": null,
                    "children": [],
                    "content": "We now focus on the task of learning a tree quantizer that is well adapted to a certain data distribution. We assume that a training dataset X = {x1, x2, . . . , xL} of L vectors is given, for which we minimize global reconstruction error over the codes and the tree quantizer parameters. Let us introduce the assignment variables A = {a(m,n)[d]} that are binary indicator variables, i.e. a(m,n)[d] = 1 iff the dimension d is assigned to the edge (m, n). Note that for each dimension d exactly one a(m,n)[d] = 1. Recall that if a training example xj hasthe code [i1, i2, . . . , iM ] and if the dimension d is assigned to the edge (m, n) then xj[d] is approximated as xj[d] \u2248 j )[d]. The global reconstruction error cm(im G(X) over all examples can therefore be written as:",
                    "embedding": null,
                    "h": null,
                    "parent": {
                        "py/id": 44
                    },
                    "py/object": "tree.TextTree"
                },
                {
                    "c": null,
                    "children": [],
                    "content": "To build the optimal quantizer, we need to minimize the functional G in (3.2) over all arguments, subject to the constraint that the assignment variables have to be consistent with some tree (\u2203T : a(m,n)[d] = 1 \u21d2 (m, n) \u2208 T ). Similarly to all other quantization-based algorithms, we perform this minimization by k-means-like alternations. Thus, we alternate the minimization over the codes {im j } given the quantizer parameters {C m} and A (\u201cE-step\u201d) and viceversa (\u201cM-step\u201d). The minimization over the codes given the tree quantizer is equivalent to nding the optimal encoding for every training example, which has already been discussed in Section 3.1. Below, we focus on the M-step, i.e. optimizing G over {C m} and A given the codes {im j }. A key observation from (3.2) is that when the codes are given, the objective decomposes into the sum of the reconstruction errors for independent dimensions. Denote with r(m,n)[d] the reconstruction error for the dimension d that would accumulate over all training examples if this dimension is assigned to the edge (m, n). Assuming that the codeword entries cm(k)[d], cn(k)[d] are set optimally for all k = 1..K we have:",
                    "embedding": null,
                    "h": null,
                    "parent": {
                        "py/id": 44
                    },
                    "py/object": "tree.TextTree"
                },
                {
                    "c": null,
                    "children": [],
                    "content": "The codebook parameters can then be minimized out of the quantizer update, i.e. the M-step is reduced to the minimization over the assignment variables only: j },{C m}, A; X) =",
                    "embedding": null,
                    "h": null,
                    "parent": {
                        "py/id": 44
                    },
                    "py/object": "tree.TextTree"
                },
                {
                    "c": null,
                    "children": [],
                    "content": "Algorithm 3.1: TRAINTREEQUANTIZATIONCODEBOOKS() input X = {x1, . . . , xL}, M, K {a(m,n)[d]}, {C m}, {imj } = Initialize(X, M, K) // randomly or via PQ",
                    "embedding": null,
                    "h": null,
                    "parent": {
                        "py/id": 44
                    },
                    "py/object": "tree.TextTree"
                },
                {
                    "c": null,
                    "children": [],
                    "content": "Figure 2. The pseudocode of the codebook learning process.",
                    "embedding": null,
                    "h": null,
                    "parent": {
                        "py/id": 44
                    },
                    "py/object": "tree.TextTree"
                },
                {
                    "c": null,
                    "children": [],
                    "content": "The minimization (3.2), once again, has to be subject to the assignments being consistent with some tree. Let us introduce the binary indicator variables e(m,n) that dene whether (m, n) is included into the tree. The constrained minimization of (3.2) can then be formulated using the following binary integer linear program (ILP):a(m,n)[d] \u2208 {0, 1}, e(m,n) \u2208 {0, 1}, (m, n) \u2208 F, d = 1..Da(m,n)[d] = 1, d = 1..D (16)e(m,n) \u2264 |V | \u2212 1,n\u2208V,m<n V \u2282 {1, . . . , M}e(m,n) = M \u2212 1 .",
                    "embedding": null,
                    "h": null,
                    "parent": {
                        "py/id": 44
                    },
                    "py/object": "tree.TextTree"
                },
                {
                    "c": null,
                    "children": [],
                    "content": "Here, (14) is a linear objective with r(m,n)[d] serving as coefcients, (16) ensures that each dimension is assigned to a single edge, (17) is a consistency constraint ensuring that dimensions can only be assigned to edges in the tree, (18) are the loop elimination constraints that are dened for all possible subsets of vertices and are in practice handled using delayed constraint generation. Finally, (19) ensures that the tree has M \u2212 1 edges and is therefore a spanning tree rather than a forest.",
                    "embedding": null,
                    "h": null,
                    "parent": {
                        "py/id": 44
                    },
                    "py/object": "tree.TextTree"
                },
                {
                    "c": null,
                    "children": [],
                    "content": "The resulting ILP is generally a hard one. However in our experiments we found that for the considered datasetsand for the practical range of dimensionalities D (upto several hundred) and code lengths M (4\u201332 bytes), the stateof-the-art general purpose solver [1] was able to solve the ILPs within several minutes (typically much faster). Consequently, it was possible to nd globally optimal M-steps within the codebook learning. Once the optimal tree structure T and the optimal assignment variables A are recovered from the ILP, the minimized-out variables cm(\u00b7)[d] can be recovered via the least-squares optimization (12). The pseudocode of the whole training pipeline is presented in Figure 2.",
                    "embedding": null,
                    "h": null,
                    "parent": {
                        "py/id": 44
                    },
                    "py/object": "tree.TextTree"
                },
                {
                    "c": null,
                    "children": [],
                    "content": "Global rotation. [8, 15] have recently suggested an optimized version of product quantization (OPQ). OPQ augments PQ codebook learning with the estimation of the global rotation of the data. We can use the same Orthogonal Procrustes analysis method as in OPQ [8, 15] to nd the global rotation that further minimizes the reconstruction error of TQ. We refer to this variant of the method as optimized tree quantization (OTQ).",
                    "embedding": null,
                    "h": null,
                    "parent": {
                        "py/id": 44
                    },
                    "py/object": "tree.TextTree"
                },
                {
                    "c": null,
                    "children": [],
                    "content": "Initialization. The learning process for OTQ thus alternates (i) the M-step (re-estimating the tree, the dimension assignments, and the codebook entries), (ii) the E-step (re-estimating the codes for training examples), and (iii) the global rotation re-estimation. While each of the steps attains a global minimum (and thus never increases the reconstruction error), the overall alternation scheme converges to a local minimum that is dependent on initialization. Importantly, one can prove the following statement relating the encoding accuracy of (O)TQ and (O)PQ for the same code length: Corollary: Let X = {x1, . . . , xL} be a training dataset, |C m| = K be a set of (O)PQ codelet C 1, . . . , CM , books trained on this dataset, and let {im j=1...L be the (O)PQ codes of the training vectors. Then it is possible to train (O)TQ codebooks for the same X, M, K that provide smaller or equal reconstruction error on X. In other words, one can guarantee that (O)TQ encodes X with better (or same) accuracy than (O)PQ.",
                    "embedding": null,
                    "h": null,
                    "parent": {
                        "py/id": 44
                    },
                    "py/object": "tree.TextTree"
                },
                {
                    "c": null,
                    "children": [],
                    "content": "Proof: see supplementary material. While the corollary refers to the encoding of a training set, we never observed any considerable overtting in our experiments for either of the methods. Consequently, as will be shown in the experiments, (O)TQ consistently outperforms (O)PQ in terms of the encoding accuracy on holdout datasets.",
                    "embedding": null,
                    "h": null,
                    "parent": {
                        "py/id": 44
                    },
                    "py/object": "tree.TextTree"
                }
            ],
            "content": "3. Encoding and Learning",
            "embedding": null,
            "h": null,
            "parent": {
                "py/id": 0
            },
            "py/object": "tree.TextTree"
        },
        {
            "c": null,
            "children": [
                {
                    "c": null,
                    "children": [],
                    "content": "In this section we evaluate the optimized tree quantization (OTQ) approach for the tasks of nearest neighbor search and large-scale classication. We compare OTQ with other codebook-based methods PQ [10], OPQ [8, 15], and AQ [3]. As AQ encoding becomes prohibitively slow for long codes, we used AQ only for extremely short codes",
                    "embedding": null,
                    "h": null,
                    "parent": {
                        "py/id": 82
                    },
                    "py/object": "tree.TextTree"
                },
                {
                    "c": null,
                    "children": [],
                    "content": "Figure 3. Average compression errors on SIFT1M (left) and Deep1M (right) datasets for different methods and visualizations of coding tree topologies of OTQ for the case M =8. AQ was used for 4-byte codes and APQ was used for 8-byte and 16-byte codes. OTQ provides the lowest error except for the shortest codes (M =4), where AQ performs best. On tree visualizations each edge is marked by a number of dimensions assigned to it.",
                    "embedding": null,
                    "h": null,
                    "parent": {
                        "py/id": 82
                    },
                    "py/object": "tree.TextTree"
                },
                {
                    "c": null,
                    "children": [],
                    "content": "We rst compare methods in the context of approximatenearest-neighbor search on the following two datasets:",
                    "embedding": null,
                    "h": null,
                    "parent": {
                        "py/id": 82
                    },
                    "py/object": "tree.TextTree"
                },
                {
                    "c": null,
                    "children": [],
                    "content": "We train all methods on the training sets and compress the main sets. We then look at (i) the compression (reconstruction) error and (ii) the usefulness of the obtained codes for retrieving true nearest neighbors. For the latter, we follow the popular protocol of [10]. We thus used the recall@T measure [10], dened as a probability (computed over a number of queries) that the set of T closest compressed vectors contains the true nearest neighbor of an uncompressed query. Three compression levels (M =4, 8, 16 bytes) were evaluated. As can be observed in Figure 3, for both datasets AQ performs best with 4\u2212byte codes but APQ becomes inferior with longer codes. Meanwhile OTQ outperforms all other methods with M = 8, 16 and provides almost the same quality as AQ with M = 4. Curiously, Figure 3 also",
                    "embedding": null,
                    "h": null,
                    "parent": {
                        "py/id": 82
                    },
                    "py/object": "tree.TextTree"
                },
                {
                    "c": null,
                    "children": [],
                    "content": "M = 4 52.6 18x M = 8 235.8 39x",
                    "embedding": null,
                    "h": null,
                    "parent": {
                        "py/id": 82
                    },
                    "py/object": "tree.TextTree"
                },
                {
                    "c": null,
                    "children": [],
                    "content": "Table 1. The average timings (in ms) of a 128-dimensional SIFT descriptor encoding with OTQ, AQ and APQ along with speed-ups factors provided by OTQ. A speedup over AQ/APQ is especially signicant for large M. shows that the trees learned by OTQ for the two datasets have quite different topologies. Interestingly, TQ outperforms AQ/APQ for long codes (M =8, 16) even with tree structure constraints imposed on its codebooks. The reason is that the TQ encoding is optimal for given codebooks. The AQ/APQ encoding (via Beam Search) is approximate, which results in higher compression error for M > 4 despite having more parameters.",
                    "embedding": null,
                    "h": null,
                    "parent": {
                        "py/id": 82
                    },
                    "py/object": "tree.TextTree"
                },
                {
                    "c": null,
                    "children": [],
                    "content": "The main advantage of OTQ over AQ/APQ is fast encoding especially for larger M. Table 1 demonstrates average times of a 128-dimensional SIFT descriptor encoding with both methods implemented with Python and Numpy. OTQ encoding is 17 times faster than APQ and up to 92 times faster than AQ encoding [3].",
                    "embedding": null,
                    "h": null,
                    "parent": {
                        "py/id": 82
                    },
                    "py/object": "tree.TextTree"
                },
                {
                    "c": null,
                    "children": [],
                    "content": "The relative performance of all methods in terms of the compression accuracy translates into the nearest-neighbor search accuracy (Figure 4). For reference, in one case we also provide the results for a state-of-the-art binary hashing method (ITQ [9] reproduced from [15]).",
                    "embedding": null,
                    "h": null,
                    "parent": {
                        "py/id": 82
                    },
                    "py/object": "tree.TextTree"
                },
                {
                    "c": null,
                    "children": [],
                    "content": "Figure 4. Euclidean nearest neighbor search accuracy based on different compression methods for SIFT1M and Deep1M datasets with the different code lengths. The x-axis shows the number T of items retrieved (in log-scale), while the y-axis shows Recall@T (the probability of the true neighbor being retrieved). For both datasets the recall@T with the the OTQ encoding is uniformly higher than for with the PQ and the OPQ encodings. AQ outperforms OTQ with 4\u2212byte codes, but for longer codes OTQ performs better than APQ.",
                    "embedding": null,
                    "h": null,
                    "parent": {
                        "py/id": 82
                    },
                    "py/object": "tree.TextTree"
                },
                {
                    "c": null,
                    "children": [],
                    "content": "Table 2. Comparison of Composite Quantization and Optimized Tree Quantization for the nearest neighbor search on the SIFT1M dataset.",
                    "embedding": null,
                    "h": null,
                    "parent": {
                        "py/id": 82
                    },
                    "py/object": "tree.TextTree"
                },
                {
                    "c": null,
                    "children": [],
                    "content": "Figure 5. Average timing of exhaustive nearest neighbor search in SIFT1M dataset using OPQ, OTQ and AQ/APQ. AQ was used for 4-byte codes and APQ was used for 8-byte and 16-byte codes. OTQ provides faster search than AQ/APQ because the complexity of distance evaluation with OTQ is linear in M (see Section 2.2)is the fact that number of terms in (8) is linear in M while within AQ/APQ this number is quadratic in M. In most of our experiments retrieval with OTQ is just 2 times slower than efcient OPQ retrieval providing signicantly better recall. Hence the usage of OTQ is justied when the memory budget is limited and the compression quality is more crucial when the runtime. We also note that OTQ is slowerthan (O)PQ in the case of Euclidean distance but for other similarity measures (e.g. dot-product similarity) OTQ can provide the same speed as PQ.",
                    "embedding": null,
                    "h": null,
                    "parent": {
                        "py/id": 82
                    },
                    "py/object": "tree.TextTree"
                },
                {
                    "c": null,
                    "children": [],
                    "content": "Another challenging competitor for TQ is the recent Composite Quantization (CQ) method [19]. Table 2 demonstrates the comparison of OTQ and CQ on the SIFT1M dataset (using gures provided by the authors of [19]). Overall, both methods achieve comparable performance.",
                    "embedding": null,
                    "h": null,
                    "parent": {
                        "py/id": 82
                    },
                    "py/object": "tree.TextTree"
                },
                {
                    "c": null,
                    "children": [],
                    "content": "Interestingly, CQ and OTQ achieve the advantage over PQ by analogous but complementary ways. Both CQ and OTQ relax codebooks orthogonality in PQ. In particular, CQ enforces \u201cslight non-orthogonality\u201d of all codebooks, while OTQ allows \u201carbitrary non-orthogonality\u201d between several codebooks (which are connected in the graph). One can incorporate CQ into OTQ framework and combine both",
                    "embedding": null,
                    "h": null,
                    "parent": {
                        "py/id": 82
                    },
                    "py/object": "tree.TextTree"
                },
                {
                    "c": null,
                    "children": [],
                    "content": "Reconstruction error 1280x 320x 0.957 0.711 0.737 0.548 0.521 0.637",
                    "embedding": null,
                    "h": null,
                    "parent": {
                        "py/id": 82
                    },
                    "py/object": "tree.TextTree"
                },
                {
                    "c": null,
                    "children": [],
                    "content": "Table 3. Reconstruction error and average precision of image classication with Fisher vectors for learning on uncompressed data and testing on compressed data. Codebooks for OPQ and OTQ were learned on the train+val set and were used to encode the test set. The classiers were learned on the training and validation sets and were tested on the test set. Better coding approximation of the OTQ results in higher classication accuracy. The mAP for uncompressed descriptors is 0.577.methods, by allowing slight non-orthogonality (as in CQ) for the codebooks not connected in the OTQ graph. OTQ inference will then still apply. Codebooks can be learned with our method and rened using local optimization (as in [19]). We did not compare runtime of CQ and OTQ as CQ implementation is not avaliable but CQ should perform faster for L2-distance queries and encoding and have similar speed for dot product queries.",
                    "embedding": null,
                    "h": null,
                    "parent": {
                        "py/id": 82
                    },
                    "py/object": "tree.TextTree"
                },
                {
                    "c": null,
                    "children": [],
                    "content": "Classication. We performed extra experiments on PASCAL VOC 2007 [7]. We compare OPQ and OTQ for a scenario when a classier trained on uncompressed descriptors is applied to a very large dataset of compressed descriptors in order to nd images with the highest classication score [6, 5]. In this scenario, it is only necessary to evaluate the scalar products between the query (the classier) and the compressed vectors.",
                    "embedding": null,
                    "h": null,
                    "parent": {
                        "py/id": 82
                    },
                    "py/object": "tree.TextTree"
                },
                {
                    "c": null,
                    "children": [],
                    "content": "We used Fisher Vector descriptors[18] with 256 components over SIFT descriptors PCA-compressed to 80 components. We then evaluated the degradation from the compression by OPQ and OTQ for different compression rates. As in [3], we split original Fisher vectors into R subvectors and compress each subvector by 8\u2212byte OPQ and OTQ. Different compression rates can be obtained by varying R. We use the standard mean average precision measure for PASCAL classication experiments. Both OPQ and OTQ codebooks were learned on the train+val set and used to compress descriptors from the test set.",
                    "embedding": null,
                    "h": null,
                    "parent": {
                        "py/id": 82
                    },
                    "py/object": "tree.TextTree"
                },
                {
                    "c": null,
                    "children": [],
                    "content": "Table 3 shows the compression error and the classication accuracy for three levels of compression (320x, 640x, 1280x). OTQ provides signicantly lower reconstruction error and consequently smaller degradation in classication accuracy. The advantage is particularly large (0.135 mAP) for the highest compression level.",
                    "embedding": null,
                    "h": null,
                    "parent": {
                        "py/id": 82
                    },
                    "py/object": "tree.TextTree"
                }
            ],
            "content": "4. Experiments",
            "embedding": null,
            "h": null,
            "parent": {
                "py/id": 0
            },
            "py/object": "tree.TextTree"
        },
        {
            "c": null,
            "children": [
                {
                    "c": null,
                    "children": [],
                    "content": "Experiments show that the accuracy of Tree Quantization, and in particular its \u201coptimized\u201d variant (OTQ) exceeds that of the optimized product quantization. This advantage is due to a larger number of parameters (2KD vs KD) that can be used to t the data distribution and the ability to model dependencies between all dimensions. The advantage is more pronounced for descriptors with easily identiable parts (such as spatial bins within SIFT, or separate GMM components within Fisher vectors).",
                    "embedding": null,
                    "h": null,
                    "parent": {
                        "py/id": 120
                    },
                    "py/object": "tree.TextTree"
                },
                {
                    "c": null,
                    "children": [],
                    "content": "While the AQ scheme has even more parameters (M KD) that can t the distribution and potentially achieve lower reconstruction error, it is severely hindered by the slowness and inexactness of the encoding. As was shown in the original AQ paper the problem of AQ encoding is equivalent to the problem of an inference in a fully-connected MRF in probabilistic modeling. The usage of TQ is then an analogy of Chow-Liu tree approximation for this MRF. Similarly to Chow-Liu tree, TQ can capture second-order correlations while remaining tractable for inference.",
                    "embedding": null,
                    "h": null,
                    "parent": {
                        "py/id": 120
                    },
                    "py/object": "tree.TextTree"
                },
                {
                    "c": null,
                    "children": [],
                    "content": "Overall, tree quantization provides a combination of high compression accuracy and fast encoding that is attractive for practical retrieval and classication systems. Tree quantization can also be combined with any indexing structure for non-exhaustive search. The state-of-the-art methods for large-scale nearest neighbor search [11, 2] currently use PQ/OPQ to encode database points. In fact, during retrieval they reconstruct points from a short-list of candidates using their PQ-codes. Then system calculates distances from candidates to queries explicitly thus not exploiting PQ fast distance evaluation procedure. Within such a system PQ can be easily replaced by OTQ or any other similar encoding scheme.",
                    "embedding": null,
                    "h": null,
                    "parent": {
                        "py/id": 120
                    },
                    "py/object": "tree.TextTree"
                },
                {
                    "c": null,
                    "children": [],
                    "content": "References [1] Gurobi optimizer. http://www.gurobi.com/, 2013. [2] A. Babenko and V. Lempitsky. The inverted multi-index. Intreme vector compression. In CVPR, 2014.scale object categorization on a budget. 3085\u20133092, 2012.",
                    "embedding": null,
                    "h": null,
                    "parent": {
                        "py/id": 120
                    },
                    "py/object": "tree.TextTree"
                },
                {
                    "c": null,
                    "children": [],
                    "content": "Iterative quantization: A procrustean approach to learning binary codes. In CVPR, 2011. [10] H. J\u00b4egou, M. Douze, and C. Schmid. Product quantizationfor nearest neighbor search. TPAMI, 33(1), 2011.quantization for approximate nearest neighbor search. CVPR. IEEE, 2014.classication with deep convolutional neural networks. NIPS, pages 1106\u20131114, 2012.works of Plausible Inference. Morgan Kaufmann, 1988.",
                    "embedding": null,
                    "h": null,
                    "parent": {
                        "py/id": 120
                    },
                    "py/object": "tree.TextTree"
                }
            ],
            "content": "5. Discussion",
            "embedding": null,
            "h": null,
            "parent": {
                "py/id": 0
            },
            "py/object": "tree.TextTree"
        }
    ],
    "content": "Tree Quantization for",
    "embedding": null,
    "h": null,
    "parent": null,
    "py/object": "tree.TextTree"
}