{
    "c": null,
    "children": [
        {
            "c": null,
            "children": [
                {
                    "c": null,
                    "children": [],
                    "content": "Most contemporary approaches to instance segmentation use complex pipelines involving conditional random elds, recurrent neural networks, object proposals, or template matching schemes. In this paper, we present a simple yet powerful end-to-end convolutional neural network to tackle this task. Our approach combines intuitions from the classical watershed transform and modern deep learning to produce an energy map of the image where object instances are unambiguously represented as energy basins. We then perform a cut at a single energy level to directly yield connected components corresponding to object instances. Our model achieves more than double the performance over the state-of-the-art on the challenging Cityscapes Instance Level Segmentation task.",
                    "embedding": null,
                    "h": null,
                    "parent": {
                        "py/id": 2
                    },
                    "py/object": "tree.TextTree"
                }
            ],
            "content": "Abstract",
            "embedding": null,
            "h": null,
            "parent": {
                "py/id": 0
            },
            "py/object": "tree.TextTree"
        },
        {
            "c": null,
            "children": [
                {
                    "c": null,
                    "children": [],
                    "content": "Instance segmentation seeks to identify the semantic class of each pixel as well as associate each pixel with a physical instance of an object. This is in contrast with semantic segmentation, which is only concerned with the rst task. Instance segmentation is particularly challenging in street scenes, where the scale of the objects can vary tremendously. Furthermore, the appearance of objects are affected by partial occlusions, specularities, intensity saturation, and motion blur. Solving this task will, however, tremendously benet applications such as object manipulation in robotics, or scene understanding and tracking for self-driving cars.",
                    "embedding": null,
                    "h": null,
                    "parent": {
                        "py/id": 6
                    },
                    "py/object": "tree.TextTree"
                },
                {
                    "c": null,
                    "children": [],
                    "content": "Current approaches generally use complex pipelines to handle instance extraction involving object proposals [20, 22, 7], conditional random elds (CRF) [32, 33], large recurrent neural networks (RNN) [24, 23, 2], or template matching [28]. In contrast, we present an exceptionally simple and intuitive method that signicantly outperforms the state-of-the-art. In particular, we derive a novel approach which brings together classical grouping techniques and modern deep neural networks.",
                    "embedding": null,
                    "h": null,
                    "parent": {
                        "py/id": 6
                    },
                    "py/object": "tree.TextTree"
                },
                {
                    "c": null,
                    "children": [],
                    "content": "The watershed transform is a well studied method inmathematical morphology. Its application to image segmentation can be traced back to the 70\u2019s [4, 3]. The idea behind this transform is fairly intuitive. Any greyscale image can be considered as a topographic surface. If we \ufb02ood this surface from its minima and prevent the merging of the waters coming from different sources, we effectively partition the image into different components (i.e., regions). This transformation is typically applied to the image gradient, thus the basins correspond to homogeneous regions in the image. A signicant limitation of the watershed transform is its propensity to over-segment the image. One of the possible solutions is to estimate the locations of object instance markers, which guide the selection of a subset of these basins [11, 21]. Heuristics on the relative depth of the basins can be exploited in order to merge basins. However, extracting appropriate markers and creating good heuristics is difcult in practice. As a consequence, modern techniques for instance segmentation do not exploit the watershed transform.",
                    "embedding": null,
                    "h": null,
                    "parent": {
                        "py/id": 6
                    },
                    "py/object": "tree.TextTree"
                },
                {
                    "c": null,
                    "children": [],
                    "content": "In this paper, we propose a novel approach which combines the strengths of modern deep neural networks with the power of this classical bottom-up grouping technique. We propose to directly learn the energy of the watershed transform such that each basin corresponds to a single instance, while all dividing ridges are at the same height in the energy domain. As a consequence, the components can be extracted by a cut at a single energy level without leading to over-segmentation. Our approach has several key advantages: it can be easily trained end-to-end, and produces very fast and accurate estimates. Our method does not rely on iterative strategies such as RNNs, thus has a constant runtime regardless of the number of object instances.",
                    "embedding": null,
                    "h": null,
                    "parent": {
                        "py/id": 6
                    },
                    "py/object": "tree.TextTree"
                },
                {
                    "c": null,
                    "children": [],
                    "content": "We demonstrate the effectiveness of our approach in the challenging Cityscapes Instance Segmentation benchmark [6], and show that we more than double the performance of the current state-of-the-art. In the following sections, we rst review related work. We then present the details behind our intuition and model design, followed by an analysis of our model\u2019s performance. Finally, we explore the impact of various parts of our model in ablation studies.",
                    "embedding": null,
                    "h": null,
                    "parent": {
                        "py/id": 6
                    },
                    "py/object": "tree.TextTree"
                }
            ],
            "content": "1. Introduction",
            "embedding": null,
            "h": null,
            "parent": {
                "py/id": 0
            },
            "py/object": "tree.TextTree"
        },
        {
            "c": null,
            "children": [
                {
                    "c": null,
                    "children": [],
                    "content": "Several instance level segmentation approaches have been proposed in recent years. We now brie\ufb02y review them.",
                    "embedding": null,
                    "h": null,
                    "parent": {
                        "py/id": 18
                    },
                    "py/object": "tree.TextTree"
                },
                {
                    "c": null,
                    "children": [],
                    "content": "Proposal based: Many approaches are based on the renement of object proposals. For example, [1] generates object segments proposals, and reasons about combining them into object instances. In a similar spirit, [12] selects proposals using CNN features and non-maximum suppression. Based on this, [5] further reasons about multiple object proposals to handle occlusion scenarios where single objects are split into multiple disconnected patches. [7] uses a deep cascaded neural network to propose object instance bounding boxes, rene instance masks, and semantically label the masks in sequence. [20, 22] generate segmentation proposals using deep CNNs, which are then further rened to achieve better segmentation boundaries. Additionally, [31] uses a modied R-CNN model to propose instance bounding boxes, which are then further rened to obtain instance level segmentation.",
                    "embedding": null,
                    "h": null,
                    "parent": {
                        "py/id": 18
                    },
                    "py/object": "tree.TextTree"
                },
                {
                    "c": null,
                    "children": [],
                    "content": "Deep structured models: [32, 33] rst use CNNs to perform local instance disambiguation and labelling, followed by a global conditional random eld (CRF) to achieve instance label consistency. Recent work by [2] uses object detection proposals in conjunction with a deep high order CRF to reason about pixel assignment in overlapping object proposal boxes.",
                    "embedding": null,
                    "h": null,
                    "parent": {
                        "py/id": 18
                    },
                    "py/object": "tree.TextTree"
                },
                {
                    "c": null,
                    "children": [],
                    "content": "Template matching: [28] extracts image features using CNNs to assign a sector label to each pixel in an object instance, which corresponds to one of eight discretized radial bins around the object\u2019s visible center. A template matching scheme is then used to associate instance center proposals and pixels with an object instance.",
                    "embedding": null,
                    "h": null,
                    "parent": {
                        "py/id": 18
                    },
                    "py/object": "tree.TextTree"
                },
                {
                    "c": null,
                    "children": [],
                    "content": "Recurrent Networks: [24] uses CNNs for feature extraction, followed by a recurrent neural network (RNN) that generates instance labels for one object at a time. The recurrent structures (based on ConvLSTM [25]) keep track of instances that have already been generated, and inhibit these regions from further instance generation. Additionally, [23] extracts image features similar to [28] and employs a fairly complex pipeline including a ConvLSTM structure to direct a bounding box generation network followed by a segmentation network that extracts individual instances.",
                    "embedding": null,
                    "h": null,
                    "parent": {
                        "py/id": 18
                    },
                    "py/object": "tree.TextTree"
                },
                {
                    "c": null,
                    "children": [],
                    "content": "CNN: [15] leverages only a CNN trained to provide multiple outputs to simultaneously predict instance numbers, bounding box coordinates, and category condence scores for each pixel. This is followed by generic clustering algorithms to group the resulting output into instance-wise labels. Additionally, [13] proposed deep convolutional neural network that learns the underlying shapes of objects, and performs multiple unconstrained inference steps to rene regions corresponding to an object instance while ignoring neighboring pixels that do not belong to the primary object.",
                    "embedding": null,
                    "h": null,
                    "parent": {
                        "py/id": 18
                    },
                    "py/object": "tree.TextTree"
                },
                {
                    "c": null,
                    "children": [],
                    "content": "Proposal + recursion: that recursively renes proposals.",
                    "embedding": null,
                    "h": null,
                    "parent": {
                        "py/id": 18
                    },
                    "py/object": "tree.TextTree"
                },
                {
                    "c": null,
                    "children": [],
                    "content": "In contrast, in this paper we propose a novel approach which combines the strengths of modern deep neural networks with the power of the watershed transform. Our model is simple, fast, accurate, and inherently handles an arbitrary number of instances per image with ease.",
                    "embedding": null,
                    "h": null,
                    "parent": {
                        "py/id": 18
                    },
                    "py/object": "tree.TextTree"
                }
            ],
            "content": "2. Related",
            "embedding": null,
            "h": null,
            "parent": {
                "py/id": 0
            },
            "py/object": "tree.TextTree"
        },
        {
            "c": null,
            "children": [
                {
                    "c": null,
                    "children": [],
                    "content": "We start our discussion with a review of the watershed transform, a well studied method in mathematical morphology. This technique is built on the fact that any greyscale image can be considered as a topographic surface. If we \ufb02ood this surface from its minima while building barriers to prevent the merging of the waters coming from different sources, we effectively partition the image into different components or regions. These components are called catchment basins. The barriers or watershed lines then represent the boundaries between the different basins (i.e., boundaries between regions).",
                    "embedding": null,
                    "h": null,
                    "parent": {
                        "py/id": 36
                    },
                    "py/object": "tree.TextTree"
                },
                {
                    "c": null,
                    "children": [],
                    "content": "This process is illustrated in the rst row of Fig. 2 for In this case, the waa one dimensional energy function. tershed transform results in seven components, which are illustrated in different colors. Note that the traditional watershed transform tends to produce an over-segmentation of the image due to spurious small ridges which produce separate components. In this example, although there are 3 main components, the watershed transform over-segments the image because of small perturbations in the energy.",
                    "embedding": null,
                    "h": null,
                    "parent": {
                        "py/id": 36
                    },
                    "py/object": "tree.TextTree"
                },
                {
                    "c": null,
                    "children": [],
                    "content": "Several algorithms have been developed to estimate the components. [3] proposed an algorithm that iteratively lls the watershed landscape from each local minimum, adding dams wherever two neighbouring bodies of water meet.through another set of network layers to learn the nal energy. In principle, one can interpret this network as learning to perform the distance transform of each point within an object instance to the instance\u2019s boundary. Fig. 4 shows an example of the input, intermediate results, and nal output of our method. We refer the reader to Fig. 3 for an illustration of our network architecture.tional watershed transform and our deep watershed transform. The resulting instances are represented as colors across the top.",
                    "embedding": null,
                    "h": null,
                    "parent": {
                        "py/id": 36
                    },
                    "py/object": "tree.TextTree"
                },
                {
                    "c": null,
                    "children": [],
                    "content": "These dams dene the segmentation boundaries. Additionally, [18] details a number of alternative watershed transform algorithms, including topological distance, shortest path algorithms, spanning trees, and marker based methods. The watershed transform is typically applied to the image gradient, while the catchment basins correspond to homogeneous grey level regions in the image. However, estimating sharp gradients that represent the boundaries between different instances is a very challenging process. In the next section, we will show an alternative approach which directly learns to predict the energy landscape.",
                    "embedding": null,
                    "h": null,
                    "parent": {
                        "py/id": 36
                    },
                    "py/object": "tree.TextTree"
                }
            ],
            "content": "3. A Review on the Watershed Transform",
            "embedding": null,
            "h": null,
            "parent": {
                "py/id": 0
            },
            "py/object": "tree.TextTree"
        },
        {
            "c": null,
            "children": [
                {
                    "c": null,
                    "children": [
                        {
                            "c": null,
                            "children": [],
                            "content": "The second half of the overall network takes as input the 2-channel unit vector map, and produces a discretized modied watershed transform map with K = 16 possible energy values. In this case, bin 0 corresponds to background or regions within 2 pixels of an instance boundary and is referredto as having an energy level of 0. Meanwhile, higher numbered bins with higher energy levels correspond to regions in the interior of object instances. The bins are chosen to maximize the binning resolution of energy levels near zero (to facilitate accurate cutting), while achieving an approximate balance between the total numbers of pixels within each class.",
                            "embedding": null,
                            "h": null,
                            "parent": {
                                "py/id": 48
                            },
                            "py/object": "tree.TextTree"
                        },
                        {
                            "c": null,
                            "children": [],
                            "content": "The WTN is a fairly generic CNN, with an emphasis on reasoning with high spatial accuracy and resolution. The architecture is shown in the right half of Fig. 3. In particular, the network consists of two 5 \u00d7 5 convolutional lter blocks each followed by a 2 \u00d7 2 average pooling, before undergoing a set of 1 \u00d7 1 convolutions and upsampling to the input image resolution.",
                            "embedding": null,
                            "h": null,
                            "parent": {
                                "py/id": 48
                            },
                            "py/object": "tree.TextTree"
                        }
                    ],
                    "content": "4.2. Watershed Transform Network (WTN)",
                    "embedding": null,
                    "h": null,
                    "parent": {
                        "py/id": 46
                    },
                    "py/object": "tree.TextTree"
                },
                {
                    "c": null,
                    "children": [
                        {
                            "c": null,
                            "children": [],
                            "content": "We rst pre-train our DN and WTN networks. This process is followed by end-to-end training of the whole network.",
                            "embedding": null,
                            "h": null,
                            "parent": {
                                "py/id": 54
                            },
                            "py/object": "tree.TextTree"
                        },
                        {
                            "c": null,
                            "children": [],
                            "content": "Direction Network pre-training: We pre-train the network using the mean squared error in the angular domain as loss:wpk cos\u22121 < ~up,GT, ~up,pred > k2where Pobj is the set of all pixels belonging to a semantic class with object instances, and wp is a weighting factor proportional to the inverse of the square root of the object instance\u2019s area. We use the mean squared angular error as opposed to the commonly used cosine distance, as large angular errors (occuring when the network associates a pixel with the wrong object instance) should incur significant larger penalties than small angular errors (which have little impact).",
                            "embedding": null,
                            "h": null,
                            "parent": {
                                "py/id": 54
                            },
                            "py/object": "tree.TextTree"
                        },
                        {
                            "c": null,
                            "children": [],
                            "content": "This network is pre-trained using the original input images gated by the ground truth semantic segmentation and the ground truth unit vectors ~uGT. The lower layers (conv1 to conv5) are initialized with VGG16 [27]. The weights of the upper layers are initialized randomly according to the Xavier initialization scheme [10]. However, the intialization variance of the weights of the nal layer of each prediction branch is set manually such that the variance of each branch\u2019s output is of the same order of magnitude before concatenation. This encourages the network to consider the output of each branch. We use the ADAM optimizer to train the network for 20 epochs with a batch size of 4, with a constant learning rate of 1e-5 and L2 weight penalty of 1e-5.",
                            "embedding": null,
                            "h": null,
                            "parent": {
                                "py/id": 54
                            },
                            "py/object": "tree.TextTree"
                        },
                        {
                            "c": null,
                            "children": [],
                            "content": "Watershed Network pre-training: trained using a modied cross-entropy losswhere tp,k is the k-th element of pixel p\u2019s one-hot target vector, yp,k is the k-th channel of the network output at p, wp is a coefcient to adjust the importance of smaller objects (as dened in the DN pre-training section), and ck is a scaling constant specic to each discretization class. Because the single energy level cut occurs at just above zero energy (i.e., near object instance boundaries), an accurate estimation of pixels at low energy levels is of crucial importance. Thus, the set {ck} is selected to be in increasing order. In this case, any errors of low energy levels are assigned a greater level of penalty, which encourages the network to focus on boundary regions. We pre-train the network using the ground truth semantic segmentation and ground truth direction predictions as input, and the discretized ground truth modied watershed transform as target. All weights are initialized using Xavier initialization [10]. We train the network for 25 epochs using the ADAM optimizer. A batch size of 6, constant learning rate of 5e-4, and a L2 weight penalty of 1e-6 are used.",
                            "embedding": null,
                            "h": null,
                            "parent": {
                                "py/id": 54
                            },
                            "py/object": "tree.TextTree"
                        },
                        {
                            "c": null,
                            "children": [],
                            "content": "End-to-end ne-tuning: We cascaded the pre-trained models for the DN and WTN and ne-tuned the complete model for 20 epochs using the RGB image and semantic segmentation output of PSPNet as input, and the ground truth distance transforms as the training target. We use a batch size of 3, constant learning rate of 5e-6, and a L2 weight penalty of 1e-6.",
                            "embedding": null,
                            "h": null,
                            "parent": {
                                "py/id": 54
                            },
                            "py/object": "tree.TextTree"
                        }
                    ],
                    "content": "4.3. Network Training",
                    "embedding": null,
                    "h": null,
                    "parent": {
                        "py/id": 46
                    },
                    "py/object": "tree.TextTree"
                },
                {
                    "c": null,
                    "children": [
                        {
                            "c": null,
                            "children": [],
                            "content": "We cut our watershed transform output at energy level 1 (0 to 2 pixels from boundary) for classes with many smaller objects (person, rider, bicycle, motorcycle), and level 2 (3 to 4 pixels from boundary) for classes with larger objects (car, bus, truck, train). Following this, the instances are dilated using a circular structuring element whose radius equals the maximum erosion at the energy level of the cut. This offsets the boundary erosion from the non-zero threshold. The connected components are identied in the resulting image, directly yielding the proposed instances. The proposals are further rened by basic hole-lling. Finally, we remove small, spurious instances.",
                            "embedding": null,
                            "h": null,
                            "parent": {
                                "py/id": 66
                            },
                            "py/object": "tree.TextTree"
                        }
                    ],
                    "content": "4.4. Energy Cut and Instance Extraction",
                    "embedding": null,
                    "h": null,
                    "parent": {
                        "py/id": 46
                    },
                    "py/object": "tree.TextTree"
                }
            ],
            "content": "4. Deep Watershed Tranform",
            "embedding": null,
            "h": null,
            "parent": {
                "py/id": 0
            },
            "py/object": "tree.TextTree"
        },
        {
            "c": null,
            "children": [
                {
                    "c": null,
                    "children": [],
                    "content": "In this section, we evaluate our approach on the challenging Cityscapes Instance-Level Semantic Labelling Task [6]. The ofcial benchmark test and validation set results are found in Tables 1 and 2. We then perform ablation studies with the validation set to examine the performance of various aspects of our model.wpck(\u00aftp,k log \u00afyp,k + tp,k log yp,k)",
                    "embedding": null,
                    "h": null,
                    "parent": {
                        "py/id": 70
                    },
                    "py/object": "tree.TextTree"
                },
                {
                    "c": null,
                    "children": [],
                    "content": "Dataset: The Cityscapes Instance Labelling Task contains 5000 nely annotated street scene images taken by a vehicle-mounted camera. Each image has a resolution of",
                    "embedding": null,
                    "h": null,
                    "parent": {
                        "py/id": 70
                    },
                    "py/object": "tree.TextTree"
                },
                {
                    "c": null,
                    "children": [],
                    "content": "AP 50% AP 100m AP 50mvan den Brand et al. [29] Cordts et al. [6] Uhrig et al. [28] Oursvan den Brand et al. [29] Cordts et al. [6] Uhrig et al. [28] Ours",
                    "embedding": null,
                    "h": null,
                    "parent": {
                        "py/id": 70
                    },
                    "py/object": "tree.TextTree"
                },
                {
                    "c": null,
                    "children": [],
                    "content": "Metric: We employed by the Cityscapes leaderboard. Several variants of the instancelevel average precision score are used. This is calculated by nding the precision at various levels of intersectionover-union (IoU) between predicted instances and ground truth instances, ranging from 50% to 95%. The main score is the Average Precision (AP). Additionally, there are three minor scores: AP at 50% overlap, AP of objects closer than 50m, and AP of objects closer than 100m. Methods are ranked by the AP score over all classes (mean AP). Note that AP is a detection score, which does not penalize overlapping instances or a large number of predictions, as long as they are ranked in the proper order. Thus, it places approaches (like ours) which predict a single instance label (or background) per pixel at a disadvantage, while favoring detection-based methods. Despite this, we use these metrics to be consistent with the the evaluation of the state-of-the-art. For the {bus,truck,train} classes, we order the instances by simply averaging the semantic segmentation\u2019s output condence within each instance to somewhat counteract the errors by semantic segmentation.stance level segmentation. Average size is in pixels.",
                    "embedding": null,
                    "h": null,
                    "parent": {
                        "py/id": 70
                    },
                    "py/object": "tree.TextTree"
                },
                {
                    "c": null,
                    "children": [],
                    "content": "Sem. Seg. IoU Inst. Seg. APon the validation set with various semantic segmentation sources. Semantic segmentation IoU Class scores [6] are also provided.",
                    "embedding": null,
                    "h": null,
                    "parent": {
                        "py/id": 70
                    },
                    "py/object": "tree.TextTree"
                },
                {
                    "c": null,
                    "children": [],
                    "content": "For all other classes, we use a random ordering. Note that sophisticated ranking techniques can be used to further improve the score. However, the segmentation quality remains this same. This again highlights a shortcoming of using AP as the metric.",
                    "embedding": null,
                    "h": null,
                    "parent": {
                        "py/id": 70
                    },
                    "py/object": "tree.TextTree"
                },
                {
                    "c": null,
                    "children": [],
                    "content": "In addition to AP, we report the mean weighted coverage score introduced in [26] on the validation set. This metric enforces a single instance label per pixel, and is therefore more suitable for evaluating our approach. We hope that future work will likewise report this score when applicable.",
                    "embedding": null,
                    "h": null,
                    "parent": {
                        "py/id": 70
                    },
                    "py/object": "tree.TextTree"
                },
                {
                    "c": null,
                    "children": [],
                    "content": "Ours Ours + Ordering Ours + Oracle Ordering",
                    "embedding": null,
                    "h": null,
                    "parent": {
                        "py/id": 70
                    },
                    "py/object": "tree.TextTree"
                },
                {
                    "c": null,
                    "children": [],
                    "content": "Comparison to the state-of-the-art: We show the instance segmentation test set scores in Table 1. Additionally, we show the class-specic AP scores in Table 2. It is evident that we achieve a large improvement over the stateof-the-art in all semantic classes. Moreover, we do not use depth information to train our model, unlike [28].",
                    "embedding": null,
                    "h": null,
                    "parent": {
                        "py/id": 70
                    },
                    "py/object": "tree.TextTree"
                },
                {
                    "c": null,
                    "children": [],
                    "content": "Analysis of the intermediate training target: Our nal network is the result of the end-to-end ne-tuning of two pre-trained sub-networks (DN and WTN). Fig. 4 (f) shows the output of the DN after netuning. It is evident that the ne-tuned model retained the direction prediction as an intermediate task. This suggests that the intermediate training target is effective.",
                    "embedding": null,
                    "h": null,
                    "parent": {
                        "py/id": 70
                    },
                    "py/object": "tree.TextTree"
                },
                {
                    "c": null,
                    "children": [],
                    "content": "In\ufb02uence of semantic segmentation: While we elected to use PSPNet [34] as our semantic segmentation source, we additionally demonstrate that our method is able to use other sources. Table 4 shows the use of LRR [9] for semantic segmentation. Using the same pre-trained DN and DTN models, we perform end-to-end ne-tuning using LRR as semantic segmentation. We note that the performance of our model improves with better semantic segmentation. Thus, future advances in segmentic segmentation methods can further improve the performance of our approach.",
                    "embedding": null,
                    "h": null,
                    "parent": {
                        "py/id": 70
                    },
                    "py/object": "tree.TextTree"
                },
                {
                    "c": null,
                    "children": [],
                    "content": "Condence score estimate: As mentioned, the AP score calculated by the Cityscapes benchmark requires a condence score for each instance. For the {bus, truck, train} set, we produce a weak ranking based on semantic segmentation softmax condence. Instances of all other classes are randomly ranked. Table 5 explores the impact of various ordering schemes. We compare our ordering with random for all semantic classes, as well as optimal ordering using oracle IoU. We see that ordering using oracle IoU can increase our model\u2019s performance by 6.34%. Note, however, that this has no impact on the actual quality of proposed object instances, which remain the same. This shows the necessity of a different metric such as muCov [26] that can evaluate segmentation-based approaches fairly.",
                    "embedding": null,
                    "h": null,
                    "parent": {
                        "py/id": 70
                    },
                    "py/object": "tree.TextTree"
                },
                {
                    "c": null,
                    "children": [],
                    "content": "Qualitative Results: Fig. 5 depicts visualizations of sample results on the validation set, which is not used as part of training. It is evident that our model produces very high quality instance segmentation results. In these results, predicted and ground truth object instances only share the same color if they have greater than 50% IoU.",
                    "embedding": null,
                    "h": null,
                    "parent": {
                        "py/id": 70
                    },
                    "py/object": "tree.TextTree"
                },
                {
                    "c": null,
                    "children": [],
                    "content": "Failure Modes: Our model has several weaknesses. Some images in Fig. 5 demonstrate these cases. The rst issue is that the current formulation of our method does not handle objects that have been separated into multiple pieces by occlusion. This is most obvious in the 3rd image from the bottom in Fig. 5 as the far-right vehicle is bisected by the street sign pole, and the bicycle in the right part of the image just above. The resulting pieces are not merged into one component. This is a drawback of most bottom-up grouping approaches. The second issue are cases where two objects sharing an occlusion boundary are mostly but not fully separated by a line of low energy. This is seen in the rightmost vehicle in the 11th image. We anticipate that a combination of our method with top-down reasoning approaches will greatly alleviate these two issues.",
                    "embedding": null,
                    "h": null,
                    "parent": {
                        "py/id": 70
                    },
                    "py/object": "tree.TextTree"
                },
                {
                    "c": null,
                    "children": [],
                    "content": "Because we rely upon correct semantic segmentation, errors from this (such as identifying a train as a bus) cannot be xed by our method. This is clearly shown by the truck in the last example. A possible solution could be to use semantic segmentation as soft gating, or to reason about semantic and instance segmentation jointly. Finally, some very complex scenes such as some subgroups of people on the left in the second to fourth example are incorrectly separated by our model, and are fused together.",
                    "embedding": null,
                    "h": null,
                    "parent": {
                        "py/id": 70
                    },
                    "py/object": "tree.TextTree"
                }
            ],
            "content": "5. Experimental Evaluation",
            "embedding": null,
            "h": null,
            "parent": {
                "py/id": 0
            },
            "py/object": "tree.TextTree"
        },
        {
            "c": null,
            "children": [
                {
                    "c": null,
                    "children": [],
                    "content": "In this paper, we have proposed a simple instance segmentation technique inspired by the intuitive and classical watershed transform. Using a novel deep convolutional neural network and innovative loss functions for pretraining and ne-tuning, we proposed a model that generates a modied watershed energy landscape. From this energy landscape, we directly extract high quality object instances. Our experiments show that we can more than double the performance of the state-of-the-art in the challenging Cityscapes Instance Segmentation task. We will release the network weights and code for training and testing our model. In the future, we plan to augment the method to handle object instances bisected by occlusions. Additionally, we wish to explore the possibility of extending our approach to perform joint semantic and instance level segmentation, in hopes of further rening both outputs simultaneously.",
                    "embedding": null,
                    "h": null,
                    "parent": {
                        "py/id": 102
                    },
                    "py/object": "tree.TextTree"
                },
                {
                    "c": null,
                    "children": [],
                    "content": "Acknowledgements: This work was partially supported by ONR-N00014-14-1-0232, Samsung, NVIDIA, Google and NSERC.instances are only given the same color if they have over 50% IoU.ment object candidates. In NIPS, 2015. 1, 2to rene object segments. In ECCV, 2016. 1, 2",
                    "embedding": null,
                    "h": null,
                    "parent": {
                        "py/id": 102
                    },
                    "py/object": "tree.TextTree"
                },
                {
                    "c": null,
                    "children": [],
                    "content": "End-to-end instance segmentation and counting with recurrent attention. arXiv preprint arXiv:1605.09410, 2016. 1, 2",
                    "embedding": null,
                    "h": null,
                    "parent": {
                        "py/id": 102
                    },
                    "py/object": "tree.TextTree"
                },
                {
                    "c": null,
                    "children": [],
                    "content": "Segmentation. In ECCV, 2016. 1, 2",
                    "embedding": null,
                    "h": null,
                    "parent": {
                        "py/id": 102
                    },
                    "py/object": "tree.TextTree"
                },
                {
                    "c": null,
                    "children": [],
                    "content": "Networks for Large-Scale Image Recognition. 2015. 4, 5",
                    "embedding": null,
                    "h": null,
                    "parent": {
                        "py/id": 102
                    },
                    "py/object": "tree.TextTree"
                },
                {
                    "c": null,
                    "children": [],
                    "content": "Instance-level Segmentation of Vehicles by Deep Contours. In ACCV Workshop, 2016. 6",
                    "embedding": null,
                    "h": null,
                    "parent": {
                        "py/id": 102
                    },
                    "py/object": "tree.TextTree"
                },
                {
                    "c": null,
                    "children": [],
                    "content": "Dilated Convolutions. In ICLR, 2016. 4ing deep higher-order crfs. In BMVC, 2016. 1, 2age segmentation. Suppl:6(1):299\u2013314, 1991. 1, 2tation using deep higher-order crfs. In CVPR, 2015. 2training deep feedforward neural networks. 2010. 5taneous detection and segmentation. In ECCV, 2014. 2",
                    "embedding": null,
                    "h": null,
                    "parent": {
                        "py/id": 102
                    },
                    "py/object": "tree.TextTree"
                },
                {
                    "c": null,
                    "children": [],
                    "content": "Networks for Semantic Segmentation. In CVPR, 2015. 4a brief history. arXiv preprint arXiv:1202.0216, 2012. 3",
                    "embedding": null,
                    "h": null,
                    "parent": {
                        "py/id": 102
                    },
                    "py/object": "tree.TextTree"
                }
            ],
            "content": "6. Conclusion",
            "embedding": null,
            "h": null,
            "parent": {
                "py/id": 0
            },
            "py/object": "tree.TextTree"
        }
    ],
    "content": "Deep Watershed Transform for Instance Segmentation Min Bai",
    "embedding": null,
    "h": null,
    "parent": null,
    "py/object": "tree.TextTree"
}