{
    "c": null,
    "children": [
        {
            "c": null,
            "children": [
                {
                    "c": null,
                    "children": [],
                    "content": "Given a stereo pair it is possible to recover a depth map and use that depth to render a synthetically defocused image. Though stereo algorithms are well-studied, rarely are those algorithms considered solely in the context of producing these defocused renderings. In this paper we present a technique for efciently producing disparity maps using a novel optimization framework in which inference is performed in \u201cbilateral-space\u201d. Our approach produces higher-quality \u201cdefocus\u201d results than other stereo algorithms while also being 10 \u2212 100\u00d7 faster than comparable techniques.",
                    "embedding": null,
                    "h": null,
                    "parent": {
                        "py/id": 2
                    },
                    "py/object": "tree.TextTree"
                }
            ],
            "content": "Abstract",
            "embedding": null,
            "h": null,
            "parent": {
                "py/id": 0
            },
            "py/object": "tree.TextTree"
        },
        {
            "c": null,
            "children": [
                {
                    "c": null,
                    "children": [],
                    "content": "Expensive DSLR cameras are capable of producing shallow-depth-of-eld images \u2014 objects at a certain distance from the camera are in focus, while nearer or farther objects are out of focus. This is due to the large apertures (and equally-large lenses) of DSLRs. Cellphone cameras, in contrast, have small apertures and therefore deep depthsof-eld; in most non-macro cellphone camera images, the entire scene is in focus. Because consumers and photographers generally prefer shallow-depth-of-eld images, companies such as HTC [15] have begun producing devices with two rear-facing cameras to enable this \u201cdefocus\u201d effect. With two or more images of a subject, stereo techniques can be used to estimate a per-pixel disparity map, which can then be used to render synthetically defocused shallow-depth-of-eld images.",
                    "embedding": null,
                    "h": null,
                    "parent": {
                        "py/id": 6
                    },
                    "py/object": "tree.TextTree"
                },
                {
                    "c": null,
                    "children": [],
                    "content": "Accomplishing this defocus effect requires a stereo algorithm with a number of distinct properties. Because consumer cameras have high resolutions (4-16 megapixel resolutions are common), the stereo algorithm must be tractable at high resolutions1. The algorithm must produce good depth maps, both in terms of accurate depth estimates andproduce the disparity map shown in Fig. 1b and then render a synthetically defocused image. Though our depths are sometimes incorrect, they are incorrect in ways that tend to not matter for the defocus task, and so our defocused images look natural even upon close inspection. Images produced using other stereo algorithms (such as Fig. 1c) tend to have artifacts that render then unacceptable to photographers. The reader is encouraged to zoom in and inspect the images closely.in terms of localization \u2014 edges in the depth map must closely track edges in the image to avoid rendering artifacts. And due to the time and power required to transfer high-resolution images between a mobile device and a server (and because users expect their cameras to be responsive, even without internet access) the stereo algorithm should be tractable even on a mobile platform. In this paper we present an algorithm that can process a 4-megapixel stereo pair in less than one second and produces higherquality depth maps for the defocus use-case than existing algorithms. A variant of our stereo algorithm is used as part of the \u201cLens Blur\u201d feature in the Google Camera app [13]. Of course, there are other ways to produce depth maps besides stereo algorithms. An active depth sensor can be embedded in a mobile device [11], but this requires specialized hardware, consumes lots of power, typically produces low-resolution depth maps, and often only works indoors. Lytro [21] and Pelican [29] capture a light eld using a microlens array or a camera array, respectively, and then resample that light eld to produce defocused images. These approaches require specialized hardware, and the size of their synthetic apertures is limited by the size of their physical apertures \u2014 they cannot easily produce defocused images that are not a subset of the sampled light eld. Researchers have investigated depth-recovery from semi-stationary videos [16, 34], but these approaches are difcult to use and fail on moving objects. Our approach requires just two conventional cameras, and our renderings are limited only by the quality of our stereo algorithm and the baseline of the cameras.",
                    "embedding": null,
                    "h": null,
                    "parent": {
                        "py/id": 6
                    },
                    "py/object": "tree.TextTree"
                },
                {
                    "c": null,
                    "children": [],
                    "content": "Stereo is a well-studied problem, comprehensively surveyed in [25]. Most past work has focused on small images (with some exceptions [26]), and many techniques become slow or intractable at higher resolutions. Our algorithm is tractable at resolutions as high as 64 megapixels, and is 10-100\u00d7 faster than comparable state-of-the-art algorithms. Some stereo approaches use specialized hardware [12] or GPU-acceleration [19] to improve performance. Our approach\u2019s speed is due to algorithm design rather than implementation, making high speeds possible even with our straightforward C++ implementation.",
                    "embedding": null,
                    "h": null,
                    "parent": {
                        "py/id": 6
                    },
                    "py/object": "tree.TextTree"
                },
                {
                    "c": null,
                    "children": [],
                    "content": "Traditional stereo evaluation metrics favor algorithms that produce accurate metric depth estimates rather than well-localized depth edges, under the assumption that depth is a useful tool for robot navigation or a similar task. This means that algorithms that perform well on standard stereo benchmarks such as Middlebury [25, 26] or KITTI [9] often do not produce satisfactory results when used for defocus rendering applications, as shown in Figure 1. To this end, we present our own benchmark and dataset designed to measure the end-to-end defocus quality of a stereo algorithm. We nd that, though our algorithm does not produce good results according to traditional stereo benchmarks, it outperforms the state-of-the-art at this defocus task.",
                    "embedding": null,
                    "h": null,
                    "parent": {
                        "py/id": 6
                    },
                    "py/object": "tree.TextTree"
                },
                {
                    "c": null,
                    "children": [],
                    "content": "Most stereo algorithms work by assigning a disparity label to each pixel in an image. The core idea of our technique is that we avoid per-pixel inference by leveraging techniques for fast bilateral ltering [1, 5] to \u201cresample\u201d a dense stereo problem from pixel-space into a much smaller \u201cbilateral-space\u201d. Bilateral-space is a resampling ofpixel-space (or any vector space in which bilateral afnities are computed) such that small, simple blurs between adjacent vertices in bilateral-space are equivalent to large, edge-aware blurs in pixel-space. Instead of performing inference with respect to all pixels in an image, we instead approximate a per-pixel optimization problem in this reduced bilateral-space. Our bilateral-space is dened such that it is cheap to compute, such that general optimization problems can be efciently embedded into that space, and such that per-pixel depth-labelings we produce after inference have the edge-aware properties that make them useful for our defocus task. Because inference is done in this compact \u201cbilateral-space\u201d instead of pixel-space, our approach is fast and scalable despite solving a global optimization problem with non-local smoothness priors.",
                    "embedding": null,
                    "h": null,
                    "parent": {
                        "py/id": 6
                    },
                    "py/object": "tree.TextTree"
                },
                {
                    "c": null,
                    "children": [],
                    "content": "We are not the rst to exploit edge-aware ltering in the context of stereo, or the similar problem of optical \ufb02ow. Several optical \ufb02ow techniques use bilateral ltering to produce edge-aware \ufb02ow elds [27, 31]. Other techniques take this idea one step further, and use techniques for fast bilateral ltering to produce accelerated \ufb02ow algorithms [18, 24]. Others have used different non-local edgeaware lters, such as the guided lter [23] and MST-based non-local lters [33]. Fast bilateral ltering has also been used successfully for semantic segmentation [17]. These approaches based on fast bilateral ltering generally perform inference with respect to pixels, and use fast bilateral ltering techniques to speed up a per-pixel lter used during inference. We take this idea a step further, and use the core ideas behind fast bilateral ltering techniques to resample an optimization problem into the space in which bilateral ltering is fast, and then solve the optimization problem in that reduced space. In contrast to previous techniques, our use of a bilateral lter allows our optimization problem to be solved more efciently than most approaches based on simple local smoothness, and causes more aggressive bilateral lters (larger lter sizes) to make optimization faster. Though most fast stereo research tends to focus on \u201clocal\u201d techniques, our technique is completely global (we solve an optimization problem with respect to every pixel) while being faster than these local techniques. Unlike most \u201cglobal\u201d stereo techniques, our optimization problem is convex, which make optimization easy and guarantees convergence.",
                    "embedding": null,
                    "h": null,
                    "parent": {
                        "py/id": 6
                    },
                    "py/object": "tree.TextTree"
                }
            ],
            "content": "1. Introduction",
            "embedding": null,
            "h": null,
            "parent": {
                "py/id": 0
            },
            "py/object": "tree.TextTree"
        },
        {
            "c": null,
            "children": [
                {
                    "c": null,
                    "children": [],
                    "content": "The bilateral lter [28] is an edge-preserving lter, which blurs along edges but not across edges by locally adapting the lter to the image content. A convenient way to think of the bilateral lter is as a normalized matrix-vector multiplication:",
                    "embedding": null,
                    "h": null,
                    "parent": {
                        "py/id": 20
                    },
                    "py/object": "tree.TextTree"
                },
                {
                    "c": null,
                    "children": [],
                    "content": "Where Ai,j is the weight between pixels i and j, x is a (vectorized) input image, y is the ltered output image, / is element-wise division, and 1 is a vector of all ones. Formally, A is dened as:",
                    "embedding": null,
                    "h": null,
                    "parent": {
                        "py/id": 20
                    },
                    "py/object": "tree.TextTree"
                },
                {
                    "c": null,
                    "children": [],
                    "content": "Where the \u03c3xy and \u03c3rgb parameters control the spatial and range bandwidths of the lter, respectively.",
                    "embedding": null,
                    "h": null,
                    "parent": {
                        "py/id": 20
                    },
                    "py/object": "tree.TextTree"
                },
                {
                    "c": null,
                    "children": [],
                    "content": "There have been many proposed techniques for speeding up bilateral ltering [1, 2, 5, 8]. Two of these techniques, the bilateral grid [5] and the permutohedral lattice [1] express bilateral ltering as a \u201csplat/blur/slice\u201d procedure: pixel values are \u201csplatted\u201d onto a small set of vertices in a grid or lattice (a soft histogramming operation), then those vertex values are blurred, and then the ltered values for each pixel are produced via a \u201cslice\u201d (an interpolation) of the blurred vertex values. Though neither paper presents itself in this fashion, it is convenient to describe these techniques as approximating A with a matrix factorization:",
                    "embedding": null,
                    "h": null,
                    "parent": {
                        "py/id": 20
                    },
                    "py/object": "tree.TextTree"
                },
                {
                    "c": null,
                    "children": [],
                    "content": "Where multiplication by S is the \u201csplat\u201d, multiplication by \u00afB is the \u201cblur\u201d, and multiplication by ST is the \u201cslice\u201d. Even though A may be large and dense, by construction S is a short, wide, and sparse matrix, and \u00afB is small and sparse. \u00afB is actually a product of several sparse matrices (though we will treat it as a single matrix for convenience). See the supplementary material for visualizations of these bilateral representations as matrix decompositions. While the naive ltering of Eq. 1 is often intractably slow, this factorization allows for fast ltering:y =(cid:0)ST(cid:0) \u00afB (Sx)(cid:1)(cid:1) /(cid:0)ST(cid:0) \u00afB (S1)(cid:1)(cid:1)",
                    "embedding": null,
                    "h": null,
                    "parent": {
                        "py/id": 20
                    },
                    "py/object": "tree.TextTree"
                },
                {
                    "c": null,
                    "children": [],
                    "content": "We will refer to splat/blur/slice techniques like the bilateral grid or the permutohedral lattice as \u201cbilateral representations\u201d. In this work we will demonstrate how to take a certain class of global optimization problems phrased in terms of pixels and a bilateral afnity measure and embed that problem into a bilateral representation. We will focus on two bilateral representations: the permutohedral lattice, and a simplied variant of the bilateral grid, though other representations are possible. Both representations work by resampling a signal from pixel-space into \u201cbilateral-space\u201d, where small blurs between adjacent vertices in bilateralspace are equivalent to large, non-local, edge-aware blurs in pixel-space. The permutohedral lattice accurately approximates A by lifting points into a higher dimensional space and using barycentric interpolation [1]. The simplied bilateral grid is based on the bilateral grid of [5], where interpolation has been replaced by \u201chard\u201d assignment and where the \u201cblur\u201d is a sum of lters rather than a product. A similarpaper, here shown ltering a toy one-dimensional grayscale image of a step-edge. This toy image corresponds to a 2D space visualized here (x = pixel location, y = pixel value) while in the paper we use RGB images, which corresponds to a 5D space (XYRGB). The lattice (Fig 2a) uses barycentric interpolation to map pixels to vertices and requires d+1 blurring operations, where d is the dimensionality of the space. Our simplied bilateral grid (Fig 2b) uses nearestneighbor interpolation and requires d blurring operations which are summed rather than done in sequence. The grid is cheaper to construct and to use than the lattice, but the use of hard assignments means that the ltered output often has blocky piecewise-constant artifacts.data structure has been used for mean-shift image segmentation [6, 22]. Our grid is cheap to construct and to use but produces a worse approximation of A, while the permutohedral lattice is expensive but models A accurately. For a better intuition for these bilateral representations see Figures 2 and 3, or the supplemental material.",
                    "embedding": null,
                    "h": null,
                    "parent": {
                        "py/id": 20
                    },
                    "py/object": "tree.TextTree"
                },
                {
                    "c": null,
                    "children": [],
                    "content": "The efciency of ltering with a bilateral representation is due to several factors: the sparsity of the splat/slice matrix, the sparsity of the blur matrices, and the fact that the number of vertices is generally much smaller than the number of pixels. For a 4-megapixel image with \u03c3rgb = 8 and \u03c3xy = 32 (the values we use in all of our experiments), the bilateral representation (which adapts its size according to image content) usually contains 40-200 thousand vertices \u2014 a 10-200\u00d7 reduction in the number of variables. As these \u03c3\u2019s grow larger, the number of vertices needed in the bilateral representation grows smaller. Our algorithm works by \u201csplatting\u201d a per-pixel global stereo algorithm into this compact bilateral-space, solving a convex optimizationrepresentation of the image in Fig 3a, where each vertex has been assigned a random color. Each color in this visualization corresponds to a variable in our optimization problem. In Fig 3c we have that same visualization for the permutohedral lattice, which \u201csoftly\u201d models each pixel as a weighted combination of its surrounding vertices instead of using \u201chard\u201d assignment.problem in bilateral-space through repeated \u201cblurring\u201d, and nally \u201cslicing\u201d out a per-pixel disparity map upon convergence. This is much more efcient than performing inference in the much-larger pixel-space, which would be much more memory-intensive in addition to requiring repeated splatting and slicing.",
                    "embedding": null,
                    "h": null,
                    "parent": {
                        "py/id": 20
                    },
                    "py/object": "tree.TextTree"
                }
            ],
            "content": "2. Fast Bilateral Filtering",
            "embedding": null,
            "h": null,
            "parent": {
                "py/id": 0
            },
            "py/object": "tree.TextTree"
        },
        {
            "c": null,
            "children": [
                {
                    "c": null,
                    "children": [],
                    "content": "We will now construct a global stereo optimization problem, where we solve for a disparity pi of every pixel in the image subject to some smoothness constraint: \u02c6Ai,j (pi \u2212 pj)2 + \u03bb",
                    "embedding": null,
                    "h": null,
                    "parent": {
                        "py/id": 36
                    },
                    "py/object": "tree.TextTree"
                },
                {
                    "c": null,
                    "children": [],
                    "content": "As is common, we have a smoothness term and a data term which are balanced with some multiplier \u03bb. \u02c6Ai,j is the afnity between pixels i and j, where a stronger afnity causes the disparities at pixels i and j to be more similar in a leastsquares sense. \u02c6A is a bistochastic version of A (all rows and columns sum to 1), which is easier to manipulate and has desirable properties when used as a lter [20]. Each fi(\u00b7) is a convex cost function for pixel i which penalizes different values of pi. In stereo nomenclature, the set of all fi(\u00b7) collectively form the \u201ccost volume\u201d of the stereo pair. Given that \u02c6A is bistochastic and symmetric, our problem can be rewritten as follows:",
                    "embedding": null,
                    "h": null,
                    "parent": {
                        "py/id": 36
                    },
                    "py/object": "tree.TextTree"
                },
                {
                    "c": null,
                    "children": [],
                    "content": "See the supplemental material for a derivation of this equivalence. We will leverage our insight from Eq. 3 that A can be expressed as a matrix factorization by performing a variable substitution which reformulates our problem in terms of vertices instead of pixels:",
                    "embedding": null,
                    "h": null,
                    "parent": {
                        "py/id": 36
                    },
                    "py/object": "tree.TextTree"
                },
                {
                    "c": null,
                    "children": [],
                    "content": "Where v is a vector of disparity values for each bilateralspace vertex. This reparametrization not only reduces the dimensionality of the space, but also allows us to reduce the cost of evaluating the loss function by projecting our loss into bilateral-space. We then solve our optimization problem in bilateral-space to recover v\u2217, and from that we produce a per-pixel disparity map p\u2217 = STv\u2217.",
                    "embedding": null,
                    "h": null,
                    "parent": {
                        "py/id": 36
                    },
                    "py/object": "tree.TextTree"
                },
                {
                    "c": null,
                    "children": [],
                    "content": "This reparametrization means that not all solutions are expressible: each pixel\u2019s disparity must be an interpolated function (a \u201cslice\u201d) of the disparities of the bilateralspace vertices in that pixel\u2019s simplex, heavily constraining our output space. Our output disparity can only have sharp edges when there are corresponding edges in the input image, meaning that we cannot produce depth maps that are not smooth in a bilateral sense. Effectively, this reparametrization means that our output disparity map must resemble the output of a bilateral lter. This is consistent with our target application: depth discontinuities are only noticeable in defocused images where there are image edges, and a blurred \ufb02at region looks identical to a non-blurred \ufb02at region. This decision is also consistent with the inherent limits of stereo: depth discontinuities that are not visible in the input images are difcult to recover. This analysis breaks down slightly for the simplied bilateral grid which, due to the use of nearest-neighbor assignment instead of interpolation, can produce blocky artifacts in \u201csliced\u201d disparity images \u2014 though as we will demonstrate, this can be ameliorated with simple post-processing. Let us rewrite the smoothness term of the per-pixel optimization problem in Eq. 6 in bilateral-space:p \u2248 vT(cid:0)Cs \u2212 Cn \u00afBCn",
                    "embedding": null,
                    "h": null,
                    "parent": {
                        "py/id": 36
                    },
                    "py/object": "tree.TextTree"
                },
                {
                    "c": null,
                    "children": [],
                    "content": "Where Cs a diagonal matrix whose diagonal is equal to the row-sum of S (Cs = diag(S1)), and Cn is a diagonal matrix which is constructed such that Cn \u00afBCn1 = Cs1. See the supplemental material for the derivation of this equivalence, which also necessarily describes how we deal with the bistochasticization of \u02c6A.",
                    "embedding": null,
                    "h": null,
                    "parent": {
                        "py/id": 36
                    },
                    "py/object": "tree.TextTree"
                },
                {
                    "c": null,
                    "children": [],
                    "content": "Now let us rewrite the data term of our per-pixel optimization problem in bilateral-space. Remember that in pixel-space, our loss is a per-pixel function fi(pi), which we will assume to be a lookup table that we will access with linear interpolation such that optimization is continuous with respect to p. We will construct a set of bilateralspace lookup tables by \u201csplatting\u201d our per-pixel lookup tables, giving us a bilateral-space cost volume. Let us dene gj(vj) as a lookup table for vertex j, as follows:",
                    "embedding": null,
                    "h": null,
                    "parent": {
                        "py/id": 36
                    },
                    "py/object": "tree.TextTree"
                },
                {
                    "c": null,
                    "children": [],
                    "content": "Where Sj is the row of the splat matrix that corresponds to vertex j, which consists of a set of pixel indices i and weights w.",
                    "embedding": null,
                    "h": null,
                    "parent": {
                        "py/id": 36
                    },
                    "py/object": "tree.TextTree"
                },
                {
                    "c": null,
                    "children": [],
                    "content": "Combining our smoothness and data terms, we have our",
                    "embedding": null,
                    "h": null,
                    "parent": {
                        "py/id": 36
                    },
                    "py/object": "tree.TextTree"
                },
                {
                    "c": null,
                    "children": [],
                    "content": "This bilateral-space optimization problem is approximately equivalent to our pixel-space optimization problem of Eq. 5, where the approximation is due to some differences required for efcient bistochastization.",
                    "embedding": null,
                    "h": null,
                    "parent": {
                        "py/id": 36
                    },
                    "py/object": "tree.TextTree"
                }
            ],
            "content": "3. Problem Formulation",
            "embedding": null,
            "h": null,
            "parent": {
                "py/id": 0
            },
            "py/object": "tree.TextTree"
        },
        {
            "c": null,
            "children": [
                {
                    "c": null,
                    "children": [],
                    "content": "Our framework as we have described it is agnostic to the choice of the data term fi(pi), as long as it is a convex lookup table. Naively, we could choose a standard cost such as sum-of-absolute-values and \u201csplat\u201d that pixel-space cost volume into bilateral-space as shown in Eq. 9. But this is inefcient: it requires computing an entire N \u00d7 D-sized cost volume (where N is the number of pixels and D is the number of disparities) which is both slow and memoryintensive, and it requires D \u201csplat\u201d operations. We will therefore use a particular data term that retains convexity and allows the bilateral-space cost volume to be quickly computed with O(N ) complexity in time and space. We will parametrize our per-pixel cost as follows:fi(pi) = max(0, pi \u2212 ui) + max(0, li \u2212 pi)",
                    "embedding": null,
                    "h": null,
                    "parent": {
                        "py/id": 58
                    },
                    "py/object": "tree.TextTree"
                },
                {
                    "c": null,
                    "children": [],
                    "content": "This is the sum of two hinge-losses for each pixel, which penalizes values of pi that lie outside of the range [li, ui]. Similarly-convex costs have been used in stereo algorithms [35], though usually alongside progressive relaxation, which we do not attempt. An instance of this cost for a single pixel is visualized in Figure 4. Details of how these upper and lower bounds are computed can be found in the supplemental material, though our algorithm is agnostic to how these bounds are computed.",
                    "embedding": null,
                    "h": null,
                    "parent": {
                        "py/id": 58
                    },
                    "py/object": "tree.TextTree"
                },
                {
                    "c": null,
                    "children": [],
                    "content": "This loss is a coarse approximation to more descriptive losses such as sum-of-absolute-differences. For example, if we observe a match at two disparities, this loss assumes that all disparities between them are also viable matches. But this loss has many desirable properties: 1) it is compact, as we need only store two numbers per pixel, 2) it is convex, 3) it can be evaluated efciently, and 4) it can be embedded into bilateral-space efciently, as we will demonstrate. First, recall that the derivative of a hinge is a Heaviside function, that the derivative of a Heaviside function is a delta function, and that integration is a linear operator. With this knowledge, we see that it is possible to compute a weighted sum of hinge losses by computing a weighted sum of delta functions, and then integrating that sum twice. We can use this insight to construct each lookup table of ourpute disparity for the right image. We have highlighted in yellow a pixel of interest in the right image and the corresponding scanline in the left image which may match that pixel (assuming rectication). We identify the range of the left scanline which may match the right pixel, as described in the supplemental material. The upper and lower bounds of that range [li, ui] completely dene the two hinge-losses we impose on the right pixel.bilateral-space cost volume gj(\u00b7) as follows:w [x = (ui + 1)]w [x = (li \u2212 1)]",
                    "embedding": null,
                    "h": null,
                    "parent": {
                        "py/id": 58
                    },
                    "py/object": "tree.TextTree"
                },
                {
                    "c": null,
                    "children": [],
                    "content": "Where the square brackets are indicator functions. We construct each gj(\u00b7) as the sum of two double-cumulativesums of histograms of upper and lower bounds, producing a lookup table of losses. Computing this cost volume requires O(N ) operations to splat the bounds and O(M D) operations to integrate the lookup tables (where M is the number of vertices), which in practice is 20-200\u00d7 faster than the O(N D) operations required by the naive approach in Eq. 9.",
                    "embedding": null,
                    "h": null,
                    "parent": {
                        "py/id": 58
                    },
                    "py/object": "tree.TextTree"
                }
            ],
            "content": "4. An Efcient Stereo Data Term",
            "embedding": null,
            "h": null,
            "parent": {
                "py/id": 0
            },
            "py/object": "tree.TextTree"
        },
        {
            "c": null,
            "children": [
                {
                    "c": null,
                    "children": [],
                    "content": "Now that we have projected our optimization problem into bilateral-space, we can solve it. Because our problem isin our output (Fig. 5b), which we remove by ltering with respect to the input image (Fig. 5a) using a domain transform [7], causing our output (Fig. 5c) to more-closely resemble that of our lattice-based model (Fig. 5d).convex many optimization techniques are viable. We use a multiscale variant of L-BFGS. This requires that we be able to efciently compute our loss function and its gradient. To review, our loss function is:loss(v) = vT(cid:0)Cs \u2212 Cn \u00afBCn (cid:88)",
                    "embedding": null,
                    "h": null,
                    "parent": {
                        "py/id": 68
                    },
                    "py/object": "tree.TextTree"
                },
                {
                    "c": null,
                    "children": [],
                    "content": "This is simply Eq. 10 with linear interpolation written out in full. The gradient of this loss function is:",
                    "embedding": null,
                    "h": null,
                    "parent": {
                        "py/id": 68
                    },
                    "py/object": "tree.TextTree"
                },
                {
                    "c": null,
                    "children": [],
                    "content": "With our loss and gradient dened, we use L-BFGS (through the open-source optimization package Ceres [4]) to solve for a bilateral-space solution v\u2217, from which we can \u201cslice\u201d a pixel-space solution p\u2217:v\u2217 = arg minv loss(v) p\u2217 = STv\u2217",
                    "embedding": null,
                    "h": null,
                    "parent": {
                        "py/id": 68
                    },
                    "py/object": "tree.TextTree"
                },
                {
                    "c": null,
                    "children": [],
                    "content": "Optimization speed can be improved using multiscale techniques, as described in the supplemental material. In all experiments we terminate after 25 iterations of L-BFGS, which we found sufcient.",
                    "embedding": null,
                    "h": null,
                    "parent": {
                        "py/id": 68
                    },
                    "py/object": "tree.TextTree"
                },
                {
                    "c": null,
                    "children": [],
                    "content": "The nearest-neighbor assignment used in our simplied bilateral grid creates blocky artifacts in \ufb02at regions of the input image. To remove these artifacts, we post-process these disparity maps using the domain transform (DT) [7], a fast edge-aware ltering technique. See Figure 5 for a visualization of the output of our simplied grid model before and after the domain transform. 6. Results",
                    "embedding": null,
                    "h": null,
                    "parent": {
                        "py/id": 68
                    },
                    "py/object": "tree.TextTree"
                },
                {
                    "c": null,
                    "children": [],
                    "content": "Evaluating a stereo algorithm for the defocus task is challenging. Though there are many stereo datasets [9, 25,",
                    "embedding": null,
                    "h": null,
                    "parent": {
                        "py/id": 68
                    },
                    "py/object": "tree.TextTree"
                },
                {
                    "c": null,
                    "children": [],
                    "content": "In our experiments we evaluated againstthe topperforming stereo techniques with available code: LIBELAS [10], SGM (the OpenCV implementation implementation of [14], the top technique on V3 of the Middlebury stereo dataset [26] as of 9/2014), SPS-StFl [32] (the top technique on the KITTI stereo benchmark [9] as of 9/2014), LPS [26] (a top-performing technique on Middlebury V3 meant to perform well on high-resolution images), and CostFilter [23]2 (a technique which aims to be fast and edge-aware, like ours). We also benchmark against a baseline of our own creation: \u201cSAD-lattice\u201d, a sum-ofabsolute-values stereo algorithm where the cost volume is ltered with \u02c6A before taking the arg min, which demonstrates that simply using a bilateral lter is not the same as working in bilateral-space. We tried to benchmark against [33], but the code ran out of memory on 1-megapixel images and crashed. For each baseline we include a variant in which disparity is post-processed with the domain transform. We did not modify the hyperparameters of any baseline, and we tuned our own models against the Middlebury training set [25]. This seems to be a fair evaluation, as we use the same training set as other techniques and use our own benchmark only as a test set.",
                    "embedding": null,
                    "h": null,
                    "parent": {
                        "py/id": 68
                    },
                    "py/object": "tree.TextTree"
                },
                {
                    "c": null,
                    "children": [],
                    "content": "For our benchmark we will recover a depth map from a stereo pair, render a set of images (a focal stack) using an image from that stereo pair and the recovered depth, and compare those renderings to a \u201ctrue\u201d shallow-depth-of-eld image generated from a light eld. We could instead render synthetically defocused images using the ground-truth disparity maps of a standard stereo dataset, but even \u201cgroundtruth\u201d depth maps tend to have rough edges and missing pixels. Most importantly, such an approach would presuppose the assumption that good defocused images can be produced by rendering images according to disparity maps, which is precisely one of the claims that we wish to validate. This benchmark is constructed from the Stanford Light Field Archive [3], which allows us to produce rectied stereo pairs and ground-truth defocused images. See",
                    "embedding": null,
                    "h": null,
                    "parent": {
                        "py/id": 68
                    },
                    "py/object": "tree.TextTree"
                },
                {
                    "c": null,
                    "children": [],
                    "content": "Method Ours(grid) Ours(grid)+DT Ours(lattice) LIBELAS[10] SGM[14] CostFilter[23] SPS-StFl[32] LPS[26] SAD-lattice LIBELAS+DT SGM+DT CostFilter+DT SPS-StFl+DT 13.49 SAD-lattice+DT 8.71 LPS+DTtime (s) pixel4 pixel\u221e patch4 patch\u221e grad4 grad\u221e dssim4 dssim\u221e avg. 0.500 0.30 0.500 0.32 0.499 4.32 0.540 1.91 0.573 2.45 0.604 0.596 0.534 0.554 0.519 0.523 0.539 0.532 0.529 0.514metric the best-performing technique is red and the secondbest is yellow. Our approaches outperform the baselines, even those post-processed with the domain transform, and our grid approach is substantially faster.mean \u00b1 std. Method Ours (grid) + DT 175 185 162 134 165 145 161.0 \u00b1 18.8 9.3 \u00b1 3.7 LIBELAS[10] 18.2 \u00b1 6.0 SGM[14] 16.3 \u00b1 5.7 CostFilter[23] 31.7 \u00b1 12.4 SPS \u2212 StFl[32] 27.5 \u00b1 5.4 SAD \u2212 latticenumber of times that the output of each algorithm was preferred over the others, for 264 cropped image regions. Each user\u2019s preferences are shown in each column, with the average (mean and standard deviation) shown at the end. For each user the most-preferred technique is highlighted in red, and the second-most-preferred is in yellow.",
                    "embedding": null,
                    "h": null,
                    "parent": {
                        "py/id": 68
                    },
                    "py/object": "tree.TextTree"
                },
                {
                    "c": null,
                    "children": [],
                    "content": "Figure 6 for a visualization of a light eld and the corresponding stereo pair and shallow-depth-of-eld image that we extract from it. Some cropped defocused images rendered using depth maps from our technique and the baseline techniques can be seen in Figure 7. As shown in Table 1, our techniques outperform all baselines (even those whose output has been post-processed), and our grid-based technique is faster than the fastest baseline. The lattice-based model produces higher-quality results, though post-processing our grid-based model increases its quality to the level of the lattice-based model while being much faster. Details of this benchmark can be found in the supplemental material.",
                    "embedding": null,
                    "h": null,
                    "parent": {
                        "py/id": 68
                    },
                    "py/object": "tree.TextTree"
                },
                {
                    "c": null,
                    "children": [],
                    "content": "To perform our user study we acquired a large dataset of images taken from our own stereo camera, which consists of two 4-megapixel cellphone cameras spaced 10mm apart. Our stereo rig was calibrated using standard epipolar geometry techniques to produce rectied image pairs. For each pair we ran our own algorithm (the post-processed grid version) and the baseline algorithms. One stereo pair is shownscene from the light eld dataset. The images that we average together to produce our \u201cground truth\u201d shallow-depthof-eld image (Fig. 6b) are circled in magenta, and the two images we took to form our stereo pair (Fig. 6c, visualized as a red-blue anaglyph) are circled in green.our input stereo pair, a ground-truth shallow-depth-of-eld image rendered from a light eld, and the rendering produced using the disparity maps generated from our algorithm and the baseline stereo algorithms. Ours looks natural and similar to the ground-truth, while the others tend to have false edges and artifacts.presented with six images produced with six different stereo algorithms, and was asked to select the image that they preferred.in Figure 1, and many more can be seen in the supplemental material.",
                    "embedding": null,
                    "h": null,
                    "parent": {
                        "py/id": 68
                    },
                    "py/object": "tree.TextTree"
                },
                {
                    "c": null,
                    "children": [],
                    "content": "For our user study, we had six people of varying levels of photographic expertise who were not involved in this project compare the output of our algorithm and the baseline algorithms. We repeatedly presented each user a cropped subset of a scene showing the renderings produced with each algorithm, and asked the user to select the rendering which they preferred. Examples of these trials can be seen in Figure 8. The users were each shown 264 cropped renderings in total: 4 cropped regions from 66 images, automatically cropped to the location where the rendering disagreed the most (the window with the maximum variance across the gradients-magnitudes of the renderings). The algorithms were presented in a random order on each presentation to avoid bias. The results can be seen in Table 2. The preferences of the users are surprisingly consistent, with the output of our algorithm being chosen by all participants roughly 5\u00d7 more often than the next most preferred algorithm (SPS-StFl). Even more surprisingly, the users strongly agreed with one another, with the median intra-user agreement on votes being 51%.",
                    "embedding": null,
                    "h": null,
                    "parent": {
                        "py/id": 68
                    },
                    "py/object": "tree.TextTree"
                },
                {
                    "c": null,
                    "children": [],
                    "content": "To evaluate the speed of our approach, we took 20 stereo pairs from our dataset and cropped or tiled them to produce an expanded set of images with resolutions from 0.25 to 64 megapixels (the maximum disparity remained unchanged). By running each algorithm on that set of images we can see how speed varies with respect to image resolution, as shown in Figure 9. Because code was not available for the LPS baseline [26] we used its performance on our light eld dataset3 to extrapolate runtimes at different scales, which roughly agree with [26]: LPS is slower than LIBELAS and faster than SGM. Our grid-based algorithm is roughly 10 \u2212 20\u00d7 faster than LIBELAS, the next fastest algorithm, with our speed improvement increasing with the size of the image. All of our reported times exclude the disk I/O time require to read images and write depth maps. 7. Conclusions",
                    "embedding": null,
                    "h": null,
                    "parent": {
                        "py/id": 68
                    },
                    "py/object": "tree.TextTree"
                },
                {
                    "c": null,
                    "children": [],
                    "content": "We have presented a technique for computing a disparity map from a stereo pair, for the purpose of synthetically defocusing an image. Our technique produces better looking defocused images than comparable state-of-the-art techniques, while being 10-100\u00d7 faster. Our algorithm is built on a novel technique for embedding optimization problems into the \u201csplat-blur-slice\u201d data structures that are traditionally used for fast bilateral ltering. We have presented a novel benchmark for evaluating stereo algorithms with respect to the defocus task as well as a user study, which both demonstrate that our technique produces higher-quality results than existing stereo algorithms.to produce disparity maps and runtimes for each imageour algorithm and baselines, shown as a function of image resolution. \u201cOurs (coarse)\u201d is our grid model where we have doubled \u03c3xy and \u03c3rgb to show that runtime depends on the scale of the bilateral representation. The SPS-StFl baseline crashed at resolutions > 8 megapixels, so its times are extrapolated. Note that the LPS times are from a different computer, and are extrapolated from 1-megapixel runtimes.",
                    "embedding": null,
                    "h": null,
                    "parent": {
                        "py/id": 68
                    },
                    "py/object": "tree.TextTree"
                },
                {
                    "c": null,
                    "children": [],
                    "content": "Though our technique is fast and accurate, it comes with some caveats. Our emphasis on accurately localizing edges means that our algorithm is less accurate at estimating metrically correct depths \u2014 though this tradeoff seems worthwhile when targeting defocus applications. Our approach limits what disparity maps we can produce: if two pixels have similar color and positions, then the nal disparity of those pixels must be similar. This is occasionally the source of errors when a foreground object resembles a nearby background object, though if the foreground and background are exactly the same color then these mistakes are generally not objectionable \u2014 a blurry \ufb02at patch looks identical to a un-blurred \ufb02at patch.",
                    "embedding": null,
                    "h": null,
                    "parent": {
                        "py/id": 68
                    },
                    "py/object": "tree.TextTree"
                },
                {
                    "c": null,
                    "children": [],
                    "content": "Our approach has several benets besides speed and defocus quality. The memory required is low, as we do not construct a complete cost-volume and instead manipulate an implicit cost-volume. Because our algorithm is a global technique, information propagates across the entire image during inference, unlike most local stereo algorithms. Our loss is convex and therefore easy to optimize and without local minima, and our optimization approximately corrsponds to a straightforward per-pixel global stereo algorithm. Our technique has only three intuitive hyperparameters which can be tuned to trade quality for speed. Our output disparity tightly follows edges in the input image, making our depth maps well-suited to many graphics applications. Though we focused on two specic bilateral representations, our technique is agnostic to the specic \u201csplat-blur-slice\u201d approach being used and may generalize to future advances in fast bilateral ltering.dense two-frame stereo correspondence algorithms. 2002.",
                    "embedding": null,
                    "h": null,
                    "parent": {
                        "py/id": 68
                    },
                    "py/object": "tree.TextTree"
                },
                {
                    "c": null,
                    "children": [],
                    "content": "References [1] A. Adams, J. Baek, and M. A. Davis. Fast high-dimensional Eurographics,ltering using the permutohedral lattice. 2010.age processing with the bilateral grid. SIGGRAPH, 2007.in low level vision. ICPR, 2002.",
                    "embedding": null,
                    "h": null,
                    "parent": {
                        "py/id": 68
                    },
                    "py/object": "tree.TextTree"
                },
                {
                    "c": null,
                    "children": [],
                    "content": "Lens blur in the new google camera app. googleresearch.blogspot.com/2014/04/ lens-blur-in-new-google-camera-app.html. [14] H. Hirschm\u00a8uller. Accurate and efcient stereo processing by semi-global matching and mutual information. CVPR, 2005. [15] HTC. Htc one-m8. www.htc.com/us/smartphones/connected crfs with gaussian edge potentials. NIPS, 2011.tion for optical \ufb02ow. ECCV, 2012.eral stereo on the gpu. ECVW11, 2011.cal segmentation using mean shift. CVPR, 2007.",
                    "embedding": null,
                    "h": null,
                    "parent": {
                        "py/id": 68
                    },
                    "py/object": "tree.TextTree"
                }
            ],
            "content": "5. Optimization",
            "embedding": null,
            "h": null,
            "parent": {
                "py/id": 0
            },
            "py/object": "tree.TextTree"
        }
    ],
    "content": "Fast Bilateral-Space Stereo for Synthetic Defocus",
    "embedding": null,
    "h": null,
    "parent": null,
    "py/object": "tree.TextTree"
}