{
    "c": null,
    "children": [
        {
            "c": null,
            "children": [
                {
                    "c": null,
                    "children": [],
                    "content": "From a set of images in a particular domain, labeled with part locations and class, we present a method to automatically learn a large and diverse set of highly discriminative intermediate features that we call Part-based One-vs-One Features (POOFs). Each of these features specializes in discrimination between two particular classes based on the appearance at a particular part. We demonstrate the particular usefulness of these features for ne-grained visual categorization with new state-of-the-art results on bird species identication using the Caltech UCSD Birds (CUB) dataset and parity with the best existing results in face verication on the Labeled Faces in the Wild (LFW) dataset. Finally, we demonstrate the particular advantage of POOFs when training data is scarce.",
                    "embedding": null,
                    "h": null,
                    "parent": {
                        "py/id": 2
                    },
                    "py/object": "tree.TextTree"
                }
            ],
            "content": "Abstract",
            "embedding": null,
            "h": null,
            "parent": {
                "py/id": 0
            },
            "py/object": "tree.TextTree"
        },
        {
            "c": null,
            "children": [
                {
                    "c": null,
                    "children": [],
                    "content": "Fine-grained visual categorization has become a popular area over the past several years. In contrast to basiclevel recognition, in which we need to distinguish basiclevel categories such as chair and car from each other, the ne-grained categorization problem asks us to distinguish subordinate-level categories such as ofce chair and kitchen chair from each other. One relatively well-studied example of ne-grained visual categorization is species or breed recognition.",
                    "embedding": null,
                    "h": null,
                    "parent": {
                        "py/id": 6
                    },
                    "py/object": "tree.TextTree"
                },
                {
                    "c": null,
                    "children": [],
                    "content": "Many of the most accurate approaches to ne-grained visual categorization are based on detecting and extracting features from particular parts of the objects. For example, in dog breed classication one may extract features from the nose and base of the ears [16, 23]. Face recognition is an extreme case of ne-grained visual categorization in which the \u201csubcategories\u201d are individual instances, and the best face recognition methods extract features from locations determined by nding facial landmarks such as the corners of the eyes [3, 31, 36]. Intuitively, we expect ne-grained visual categorization to require part-based approaches because the differences between subcategories are small and not noticeable from global, image-level features. Fine-grained visual categorization also conveniently enables part-based approaches, because objects within the same basic-level category will often have the \u201csame\u201d parts [25], allowing for easier comparison. For example since all dogs have noses, it is natural in dog breed recognition to attempt to detect and extract features from the nose. In basic-level categorization this approach is more difcult, as there is no natural corresponding part among instances of dogs, motorboats, and staplers.",
                    "embedding": null,
                    "h": null,
                    "parent": {
                        "py/id": 6
                    },
                    "py/object": "tree.TextTree"
                },
                {
                    "c": null,
                    "children": [],
                    "content": "Computer vision has produced a wide array of standard features, including SIFT [17], SURF [1], HOG [7], LBP [20], etc. A straightforward approach to part-based recognition is to extract some of these features at the part locations and build a classier. In general, however, these standard features are unlikely to be optimal for any particular problem; what is best will likely vary both by domain (the best features for dogs are different from the best features for birds) and by task (the best features for face recognition are different from the best features for gender classication).",
                    "embedding": null,
                    "h": null,
                    "parent": {
                        "py/id": 6
                    },
                    "py/object": "tree.TextTree"
                },
                {
                    "c": null,
                    "children": [],
                    "content": "In this work, we build a framework for learning a large set of discriminative intermediate-level features, which we call Part-based One-vs-One Features (POOFs), specialized for a particular domain and set of parts. The process of learning these features is illustrated in Figure 1. We start with a dataset of images in the domain, labeled by class and with part locations. For any pair of classes, for any pair of parts, we extract some low-level features in a grid of cells that covers the two parts, and train a linear classier to distinguish the two classes from each other. (In our experiments we use histograms of gradient direction or color as the low-level features.) The weights assigned by this classier to different cells of the grid indicate the most discriminative region around these parts for this pair of classes. We x the support region for our feature based on these weights, and then retrain the classier to nd a discriminative projection. The combination of the two parts, the low-level feature, the learned support region, and the nal projection form a POOF, which can produce a scalar",
                    "embedding": null,
                    "h": null,
                    "parent": {
                        "py/id": 6
                    },
                    "py/object": "tree.TextTree"
                },
                {
                    "c": null,
                    "children": [],
                    "content": "Figure 1. Learning a Part-based One-vs-One Feature (POOF) for bird species identication. Given (a) a reference dataset of images labeled with class (species) and part locations, a POOF is dened by specifying two classes, one part for feature extraction, another part for alignment, and a low-level \u201cbase feature.\u201d (b) Samples of the two chosen classes are taken from the dataset and (c) aligned to put the two chosen parts in xed locations. (d) The aligned images are divided into cells at multiple scales, from which the base feature is extracted. A linear classier is trained to distinguish the two classes, giving (e) a weight to each cell. We threshold the weights and nd the maximal connected component contiguous to the chosen feature part, setting this as (f) the support region for the POOF. Finally, a classier is trained on the base feature values from just the support region. The output of this classier is our one-vs-one feature.score (the decision value from the classier) for any test image with locations for the two parts. This score is our intermediate-level feature. If our dataset does not have part locations, the straightforward simplication of taking the grid over the whole image or the object\u2019s bounding box produces OOFs rather than POOFs, but we do not analyzed their performance here.",
                    "embedding": null,
                    "h": null,
                    "parent": {
                        "py/id": 6
                    },
                    "py/object": "tree.TextTree"
                },
                {
                    "c": null,
                    "children": [],
                    "content": "This paper makes the following contributions:",
                    "embedding": null,
                    "h": null,
                    "parent": {
                        "py/id": 6
                    },
                    "py/object": "tree.TextTree"
                },
                {
                    "c": null,
                    "children": [],
                    "content": "While each POOF is only known to be discriminative for the two classes used in its denition, we nd that collections of POOFs are useful not only for classication into the classes in the reference dataset, but for other tasks in the same domain. We show examples in two domains, bird species and faces.",
                    "embedding": null,
                    "h": null,
                    "parent": {
                        "py/id": 6
                    },
                    "py/object": "tree.TextTree"
                }
            ],
            "content": "1. Introduction",
            "embedding": null,
            "h": null,
            "parent": {
                "py/id": 0
            },
            "py/object": "tree.TextTree"
        },
        {
            "c": null,
            "children": [
                {
                    "c": null,
                    "children": [],
                    "content": "Fine-grained visual categorization has seen a lot of work recently. Instance-level recognition can be seen as the \u201cnest-grained\u201d categorization, and is most commonly seen as face recognition or image search. Face recognition often takes a part-based approach, either by explicitly extracting features at landmark points (e.g. [6, 30, 34]) or by performing an alignment step based on parts, then extracting features from xed locations (e.g. [3, 14, 31]). [3] in particular takes an approach similar to ours in using binary onevs-one classiers trained on a reference set as discriminative features for the domain. In all of these cases, however, the locations and shapes of the regions from which the features are extracted are designed and tuned by hand. In our work, the selection of regions for feature extraction is fully automatic, allowing the method to be applied easily to any domain.",
                    "embedding": null,
                    "h": null,
                    "parent": {
                        "py/id": 22
                    },
                    "py/object": "tree.TextTree"
                },
                {
                    "c": null,
                    "children": [],
                    "content": "Moving up a step from instance-level recognition, subordinate category recognition has been explored mostly in the context of species or breed recognition. Many authors have reported bird species identication results on the CaltechUCSD Birds Dataset [27], using the idea of parts in one way or another. [8, 32, 33, 35] in different ways attempt to nd parts of the image that are discriminative without explicit part labels, but cannot achieve the accuracy of a supervised part-based approach. [4, 26] propose interactive approaches which include the system requesting the location of the most discriminative parts from the user. [9] denes a set of justtwo coarse parts (the head and body) used to align the images, but do not use ne-scale part locations to dene their features. Additional ne-grained recognition work has been demonstrated on trees [13], \ufb02owers [19], butter\ufb02ies [28, 8], and dogs [16, 21, 23].",
                    "embedding": null,
                    "h": null,
                    "parent": {
                        "py/id": 22
                    },
                    "py/object": "tree.TextTree"
                },
                {
                    "c": null,
                    "children": [],
                    "content": "Although much recognition work continues to use xed features such as SIFT, HOG, and LBP, there is also work which, like ours, attempts to some degree to learn the feature from a dataset. One branch of this is the work on attributes. [14] and [15] train attribute classiers based on a set of classes with labeled attributes, then apply the attribute classiers to novel classes, in the domains of faces and animal species respectively. In both cases, unlike our POOFs, the attributes are chosen by hand. [8] comes closer to our work, automatically nding discriminative attributes, and their support regions, based on a hierarchical oversegmentation of the images. However, by deriving the regions from segmentation, they seem to only nd attributes that correspond to single-color regions of the images.",
                    "embedding": null,
                    "h": null,
                    "parent": {
                        "py/id": 22
                    },
                    "py/object": "tree.TextTree"
                },
                {
                    "c": null,
                    "children": [],
                    "content": "Outside the realm of ne-grained categorization, there is some work in learning discriminative features. [11] applies linear discriminant analysis to remove correlation between HOG features, improving their accuracy. Brown et al. [5] describe a formal optimization method for learning a parametrized descriptor based on a set of matching patches, and a convex formulation of this method is presented in [24]. These methods restrict the shape of the feature support region to one of several symmetric congurations, while our method allows any shape of descriptor, up to the resolution of our base feature grid.",
                    "embedding": null,
                    "h": null,
                    "parent": {
                        "py/id": 22
                    },
                    "py/object": "tree.TextTree"
                }
            ],
            "content": "2. Related Work",
            "embedding": null,
            "h": null,
            "parent": {
                "py/id": 0
            },
            "py/object": "tree.TextTree"
        },
        {
            "c": null,
            "children": [
                {
                    "c": null,
                    "children": [],
                    "content": "Our method requires as input a reference dataset of images belonging to the domain under study, annotated with class labels and part locations. It is not necessary that all parts be labeled in all images. The output of our method is a set of discriminative features we call Part-based Onevs-One Features, suitable for many tasks in this domain. If the task at hand is supervised classication, the reference dataset may simply be the training set, but it need not be. It can also be a separate dataset labeled with classes different from those in the classication task. We show examples of this in Sections 4.2 and 4.3.",
                    "embedding": null,
                    "h": null,
                    "parent": {
                        "py/id": 32
                    },
                    "py/object": "tree.TextTree"
                },
                {
                    "c": null,
                    "children": [],
                    "content": "Given the reference set, the process of POOF learning is fully automatic. The method is illustrated in Figure 1, and is motivated overall by the goal of building a discriminative and diverse set of features. Let the reference set consist of images in N classes {1, ..., N }, each image labeled with P parts. Each POOF we will learn is dened byi, j \u2208 {1, ..., N } with i (cid:3)= j,f,a,b for the POOF built based on these parameters; it is a function that extracts a single, scalar score from any image in the domain, and in combination the T i,j f,a,b form a powerful feature space. We learn how to extract T i,j",
                    "embedding": null,
                    "h": null,
                    "parent": {
                        "py/id": 32
                    },
                    "py/object": "tree.TextTree"
                }
            ],
            "content": "3. Part-Based One-vs-One Features",
            "embedding": null,
            "h": null,
            "parent": {
                "py/id": 0
            },
            "py/object": "tree.TextTree"
        },
        {
            "c": null,
            "children": [],
            "content": "1. The POOF will be learned based on the reference images of classes i and j. We rst take all these images, exclude those in which either part f or part a is missing, and perform a similarity transform to bring points f and a to xed positions. The transformed image is then cropped to a rectangular region enclosing points f and a. Depending on whether points f and a are close to or far from each other on images in this domain, T i,j",
            "embedding": null,
            "h": null,
            "parent": {
                "py/id": 0
            },
            "py/object": "tree.TextTree"
        },
        {
            "c": null,
            "children": [],
            "content": "2. We tile the cropped images with a grid of feature cells, and extract the base feature from each cell. We do multiple tilings, each using grid cells of a different size, and so extracting features at a different scale.",
            "embedding": null,
            "h": null,
            "parent": {
                "py/id": 0
            },
            "py/object": "tree.TextTree"
        },
        {
            "c": null,
            "children": [],
            "content": "3. For the tiling at each scale, we train a linear support vector machine to distinguish class i from class j, based on the concatenation of the base feature values over the grid.",
            "embedding": null,
            "h": null,
            "parent": {
                "py/id": 0
            },
            "py/object": "tree.TextTree"
        },
        {
            "c": null,
            "children": [],
            "content": "4. The trained SVM weight vector gives weights to every dimension of the base feature in every grid cell. We assign to each grid cell in each tiling the maximum absolute SVM weight over the dimensions in the feature vector that correspond to that cell. By thresholding these weights, we obtain a mask on the aligned images that denes the grid cells that are most discriminative between class i and j.",
            "embedding": null,
            "h": null,
            "parent": {
                "py/id": 0
            },
            "py/object": "tree.TextTree"
        },
        {
            "c": null,
            "children": [],
            "content": "5. Starting with the grid cell containing part f as a seed, we nd the maximum connected component of grid cells above the threshold in each tiling. This will act as a mask on the aligned image, dening at each scale a discriminative region around part f . By restricting the region to a connected component of f , we force POOFs with different feature parts to use different regions, encouraging diversity across the set of POOFs. f,a,b is the concatenation of the base feature at the masked cells in all the tilings. Using this feature and all aligned images of classes i and j, we train another linear SVM. This SVM learns a projection of the masked, multiscale, local feature to a single dimension. This projection is T i,j",
            "embedding": null,
            "h": null,
            "parent": {
                "py/id": 0
            },
            "py/object": "tree.TextTree"
        },
        {
            "c": null,
            "children": [
                {
                    "c": null,
                    "children": [],
                    "content": "POOFs, ground truth parts, HOG (73.30%) POOFs, ground truth parts, gradhist (68.73%) POOFs, det. parts, HOG (56.78%) POOFs, det. parts, gradhist (54.42%) Low-level feats., ground truth parts (39.99%) Attributes, ground truth parts [27] (17.31%)y c a r u c c A",
                    "embedding": null,
                    "h": null,
                    "parent": {
                        "py/id": 48
                    },
                    "py/object": "tree.TextTree"
                },
                {
                    "c": null,
                    "children": [],
                    "content": "POOFs, ground truth parts, HOG (85.68%) POOFs, ground truth parts, gradhist (80.15%) POOFs, det. parts, HOG (70.10%) POOFs, det. parts, gradhist (65.08%)",
                    "embedding": null,
                    "h": null,
                    "parent": {
                        "py/id": 48
                    },
                    "py/object": "tree.TextTree"
                },
                {
                    "c": null,
                    "children": [],
                    "content": "Figure 2. Bird species classication accuracy on the full 200species CUBS benchmark.",
                    "embedding": null,
                    "h": null,
                    "parent": {
                        "py/id": 48
                    },
                    "py/object": "tree.TextTree"
                },
                {
                    "c": null,
                    "children": [],
                    "content": "Figure 3. Bird species classication accuracy on the \u201cbirdlets\u201d subset of 14 woodpeckers and vireos dened in [9].f,a,b from a new image with part locations, we proceed through the steps above again. The new image is aligned by similarity to put parts f and a in standard locations, then the base-level feature is extracted from just the masked cells of the tilings at each scale. The resulting vector is evaluated by the SVM to get a scalar projection value, which is the POOF score.",
                    "embedding": null,
                    "h": null,
                    "parent": {
                        "py/id": 48
                    },
                    "py/object": "tree.TextTree"
                },
                {
                    "c": null,
                    "children": [],
                    "content": "Note that switching i and j simply reverses the sign of the feature (i is taken as the \u201cpositive\u201d class when training the SVMs). To avoid redundancy, we restrict ourselves to i < j. In contrast, parts f and a play different roles in constructing the POOF, so it may be useful to have both T i,j 1,2,b and T i,j",
                    "embedding": null,
                    "h": null,
                    "parent": {
                        "py/id": 48
                    },
                    "py/object": "tree.TextTree"
                },
                {
                    "c": null,
                    "children": [],
                    "content": "In our current implementation, we use the following settion, with 8 x 8 and 16 x 16-pixel cells.",
                    "embedding": null,
                    "h": null,
                    "parent": {
                        "py/id": 48
                    },
                    "py/object": "tree.TextTree"
                },
                {
                    "c": null,
                    "children": [],
                    "content": "This gives us a nine-bin unsigned gradient direction histogram, an 18-bin signed gradient orientation histogram, and 4 normalization constants, for, in total, a 31-dimensional feature for each grid cell. These are concatenated as in the gradhist variant. The second base feature is a color histogram. We use the same grids as for the gradient direction histograms, assigning each pixel to one of 32 color centers to form a histogram of length 32. The color histograms are then concatenated as with the gradient orientation histograms. The color centers are obtained by running k-means in RGB space on the pixels in the aligned and cropped region for all the images in the reference set, so the color centers are a function of f and a.",
                    "embedding": null,
                    "h": null,
                    "parent": {
                        "py/id": 48
                    },
                    "py/object": "tree.TextTree"
                }
            ],
            "content": "6. The low-level feature associated with T i,j",
            "embedding": null,
            "h": null,
            "parent": {
                "py/id": 0
            },
            "py/object": "tree.TextTree"
        },
        {
            "c": null,
            "children": [
                {
                    "c": null,
                    "children": [
                        {
                            "c": null,
                            "children": [],
                            "content": "The Caltech-UCSD Birds 200-2011 dataset [27] contains 11,788 photographs of birds spanning 200 species. Each image is labeled with its species, a bounding box for the bird, and the image coordinates of fteen parts: the back, beak, belly, breast, crown, forehead, left eye, left leg, left wing, nape, right eye, right leg, right wing, tail, and throat. The images are split into training and test sets, with about 30 images per species in the training set, and the remainder in the test set. The authors propose several benchmarks for species recognition and part detection. Here, we evaluate on the \u201clocalized species categorization\u201d benchmark, in which the part locations for all images are provided to the algorithm, and the task is, given the species labels on the training images, to determine the species of the test images. We also include results using an automatic parts detector in place of the ground truth positions.",
                            "embedding": null,
                            "h": null,
                            "parent": {
                                "py/id": 66
                            },
                            "py/object": "tree.TextTree"
                        },
                        {
                            "c": null,
                            "children": [],
                            "content": "There are very few images in the dataset with all fteen parts visible. In particular, most birds have only one eye and one wing visible. When a part is not visible, it is labeled as such, with no position given. To better be able to make correspondences between parts, we preprocess the images, performing a left-right re\ufb02ection on any image in which the right eye is visible but the left is not. This gives us a dataset in which almost all of the images have the left eye labeled (a few images have neither eye visible). We then disregard the (usually missing) right eye, right wing, and right leg parts. To apply POOFs to this problem, we take the training set as our reference set. There are 200 classes, twelve parts, and \u00b7 12 \u00b7 11 \u00b7 2 = 5, 253, 600 two base features, yielding possibilities if we exhaustively learn features for all (i, j, f, a, b). Instead, we randomly choose 5000 sets of parameters and learn just those features. We then extract the POOF scores from the training and test images, obtaining a feature vector of length 5000 for each image. Using this feature, we train a set of 200 one-vs-all linear SVMs to classify species. For each image, we rank the 200 species from highest to lowest classier response. Taking the top ranked species for each image, we achieve a classication accuracy of 68.73% using the gradhist variant of the gradient feature, or 73.30% using the HOG variant.",
                            "embedding": null,
                            "h": null,
                            "parent": {
                                "py/id": 66
                            },
                            "py/object": "tree.TextTree"
                        },
                        {
                            "c": null,
                            "children": [],
                            "content": "While the localized species categorization protocol dened in [27] uses the ground truth part locations, this does not give automatic classication performance. To evaluate automatic classication, we rerun the experiment using automatically detected part locations on the test data in place of the ground truth locations. We use part locations from the part detector of [2] on images cropped to the bounding boxes of the birds, allowing us to compare with previous work that uses the bounding boxes but not the part labels.",
                            "embedding": null,
                            "h": null,
                            "parent": {
                                "py/id": 66
                            },
                            "py/object": "tree.TextTree"
                        },
                        {
                            "c": null,
                            "children": [],
                            "content": "Figure 4. Face parts from the detector of [2].",
                            "embedding": null,
                            "h": null,
                            "parent": {
                                "py/id": 66
                            },
                            "py/object": "tree.TextTree"
                        },
                        {
                            "c": null,
                            "children": [],
                            "content": "Using these detected part locations, we obtain a classication accuracy of 54.42% with the gradhist variant or 56.78% with HOG. The rate at which the correct species is in the top k ranked species is shown in Figure 2. For comparison with existing work, we also show our results when restricted to the 14-species \u201cbirdlets\u201d subset of the dataset dened in [9] in Figure 3. Our rank-1 classication accuracy on this subset using the gradhist variant is 80.15% using the ground truth parts and 65.08% using the detected parts, or 85.68% and 70.10% using HOG.",
                            "embedding": null,
                            "h": null,
                            "parent": {
                                "py/id": 66
                            },
                            "py/object": "tree.TextTree"
                        },
                        {
                            "c": null,
                            "children": [],
                            "content": "To show the benet of the POOFs, we contrast our onevs-all species classiers with classiers trained in a similar way, but without the POOFs. The POOFs are built using histograms of gradient direction and color over spatial grids covering the parts as the base features. For comparison, we build species classiers that operate directly on the concatenation of these base features over all twelve parts. As with the POOF-based species classiers, these classiers are linear SVMs. These classiers achieve a rank-1 accuracy of 39.99%.",
                            "embedding": null,
                            "h": null,
                            "parent": {
                                "py/id": 66
                            },
                            "py/object": "tree.TextTree"
                        },
                        {
                            "c": null,
                            "children": [],
                            "content": "Baseline accuracy on the localized species categorization benchmark reported in [27] is 17.31%, barely a quarter of our accuracy. To our knowledge, ours is the rst subsequent work strictly following this protocol. However there are several pieces of work on this dataset reporting results of different experiments with which we can make comparisons.",
                            "embedding": null,
                            "h": null,
                            "parent": {
                                "py/id": 66
                            },
                            "py/object": "tree.TextTree"
                        },
                        {
                            "c": null,
                            "children": [],
                            "content": "Our result of 56.78% based on automatically detected parts uses only the ground truth bounding boxes, as does all the previous work cited here, and is far higher than any existing results on the full 200-species dataset, although there are differences in the experiments that make some of the comparisons imperfect. [4] and [33] report rank-1 accuracies, of 19% and 19.2% using multiple kernel learning and random forests respectively. However they use an earlier version of the dataset [29] with less training data. [32] reports 44.73% mean average precision on the birdlets subset using the earlier version of the dataset (our mAP with HOG on the birdlets subset is 85.57% using ground truth parts or 70.16% using detected parts). Only [8] and [35]report on the later version of the dataset. The former does not include results on the full 200-species set or the known birdlets subset, however the highest accuracy they report is 55%, on a ve-species subset, very close to our automatic result on the much more difcult 200-species set. The latter is the most directly comparable to our work, reporting mean average precision of 28.18% on the 200-species benchmark and 57.44% on the birdlets subset. Our comparable mean average precisions with HOG are 56.89% and 70.16% respectively.",
                            "embedding": null,
                            "h": null,
                            "parent": {
                                "py/id": 66
                            },
                            "py/object": "tree.TextTree"
                        }
                    ],
                    "content": "4.1. Bird Species Identication",
                    "embedding": null,
                    "h": null,
                    "parent": {
                        "py/id": 64
                    },
                    "py/object": "tree.TextTree"
                },
                {
                    "c": null,
                    "children": [
                        {
                            "c": null,
                            "children": [],
                            "content": "In face verication, we are given two face images, of people not encountered at any training stage, and must determine whether they are two images of the same person or images of two different people. Because we must deal with previously unseen faces, there is no training set of images belonging to the classes we will be faced with at test time, as there was in the previous example, where we could learn our features based on the training set. Here, we learn the features from a set of face images entirely separate from the evaluation dataset, in the belief that the features we discover are generally applicable to the face domain.",
                            "embedding": null,
                            "h": null,
                            "parent": {
                                "py/id": 84
                            },
                            "py/object": "tree.TextTree"
                        },
                        {
                            "c": null,
                            "children": [],
                            "content": "The Labeled Faces in the Wild (LFW) [12] is the standard face verication dataset and benchmark, containing 6,000 face pairs and a ten-fold cross-validation protocol for algorithm evaluation. The best existing result on the \u201cimage-restricted\u201d benchmark is 93.30% [3], using a separate reference dataset of images labeled with identity to train a set of \u201cTom-vs-Pete\u201d classiers, which are then used as feature extractors feeding a higher level classier. We use this same reference dataset to learn POOFs, and also transform the images with the \u201cidentity-preserving alignment\u201d from that work as a preprocessing step, based on part detections from the detector of [2].",
                            "embedding": null,
                            "h": null,
                            "parent": {
                                "py/id": 84
                            },
                            "py/object": "tree.TextTree"
                        },
                        {
                            "c": null,
                            "children": [],
                            "content": "The reference dataset, from [3], consists of 20,639 face images, downloaded from the internet, spanning 120 subject identities. The images are annotated with the location of 95 parts, a fairly dense representation that is useful for alignment, but unnecessary for learning the our features; we use only the sixteen-part subset shown in Figure 4. We learn a random selection of 10,000 POOFs from this dataset, following the steps in Section 3 without modication.",
                            "embedding": null,
                            "h": null,
                            "parent": {
                                "py/id": 84
                            },
                            "py/object": "tree.TextTree"
                        },
                        {
                            "c": null,
                            "children": [],
                            "content": "To apply POOFs to the verication problem, we follow the method of [3]. For each verication pair (I, J), we get 10,000-dimensional POOF score vectors f (I), f (J). We then represent the pair by the concatenation of |f (I)\u2212f (J)| and f (I)\u00b7f (J) (where the subtraction and multiplication are performed elementwise) to get a 20,000-dimensional pair feature vector. This image pair feature is extracted from the training folds to train a same-vs-different classier that makes the verication decision.",
                            "embedding": null,
                            "h": null,
                            "parent": {
                                "py/id": 84
                            },
                            "py/object": "tree.TextTree"
                        },
                        {
                            "c": null,
                            "children": [],
                            "content": "We obtain an accuracy of 93.13%, with a standard devie v i t i s o p e u r T",
                            "embedding": null,
                            "h": null,
                            "parent": {
                                "py/id": 84
                            },
                            "py/object": "tree.TextTree"
                        },
                        {
                            "c": null,
                            "children": [],
                            "content": "Our result, gradhist (93.13%) Our result, HOG (92.80%) Tom-vs-Pete [3] (93.10%) Associate-Predict [34] (90.57%) Brain-Inspired [22] (88.13%) CSML [18] (88.00%)",
                            "embedding": null,
                            "h": null,
                            "parent": {
                                "py/id": 84
                            },
                            "py/object": "tree.TextTree"
                        }
                    ],
                    "content": "4.2. Face Verication",
                    "embedding": null,
                    "h": null,
                    "parent": {
                        "py/id": 64
                    },
                    "py/object": "tree.TextTree"
                },
                {
                    "c": null,
                    "children": [
                        {
                            "c": null,
                            "children": [],
                            "content": "Figure 5. Results on the LFW benchmark. Our result, and the top four previous results.e v i t i s o p e u r T",
                            "embedding": null,
                            "h": null,
                            "parent": {
                                "py/id": 98
                            },
                            "py/object": "tree.TextTree"
                        },
                        {
                            "c": null,
                            "children": [],
                            "content": "Our result, gradhist (93.13%) Our result, HOG (92.80%) Low-level features (85.33%)",
                            "embedding": null,
                            "h": null,
                            "parent": {
                                "py/id": 98
                            },
                            "py/object": "tree.TextTree"
                        }
                    ],
                    "content": "0.3 False positive rate",
                    "embedding": null,
                    "h": null,
                    "parent": {
                        "py/id": 64
                    },
                    "py/object": "tree.TextTree"
                },
                {
                    "c": null,
                    "children": [
                        {
                            "c": null,
                            "children": [],
                            "content": "Figure 6. Comparison of POOFs with low-level features on the LFW benchmark.ation of 0.40%across the ten folds using the gradhist variant, or 92.80%\u00b10.47% using HOG. Our method shares a great deal with the state-of-the-art method of [3], and obtains very similar results. The most important difference is that our method is general, where they carefully choose the support regions for the Tom-vs-Pete classiers based on knowledge of face recognition. Our method is also more efcient at test time, using a linear rather than an RBF kernel. Our ROC curve is shown in Figure 5, with the four best published results on this benchmark. Figure 6 compares the result from the POOFs with a result using the base features alone, showing, as in Figure 2 for bird species recognition, a substantial boost due to the POOFs.",
                            "embedding": null,
                            "h": null,
                            "parent": {
                                "py/id": 104
                            },
                            "py/object": "tree.TextTree"
                        },
                        {
                            "c": null,
                            "children": [],
                            "content": "Table 1. Attribute classication accuracy. For each attribute, the rst row gives the baseline accuracy obtained by training directly on the low-level base features (color and gradient direction histograms), and the second row gives accuracies using our POOFs. The more accurate of the two is in bold. The last column gives accuracies of the classiers of Kumar et al. [14] on the same test images, in bold when better than the POOFs classier with 600 training samples. The last row shows the average improvement of the POOFs over the low-level features or [14]. As these are binary attributes, chance gives 50% accuracy.",
                            "embedding": null,
                            "h": null,
                            "parent": {
                                "py/id": 104
                            },
                            "py/object": "tree.TextTree"
                        }
                    ],
                    "content": "0.3 False positive rate",
                    "embedding": null,
                    "h": null,
                    "parent": {
                        "py/id": 64
                    },
                    "py/object": "tree.TextTree"
                },
                {
                    "c": null,
                    "children": [
                        {
                            "c": null,
                            "children": [],
                            "content": "Our third experiment is attribute classication on human faces. For their work on attributes, Kumar et al. [14] downloaded face images from the Internet, labeled them with attributes such as gender, race, age, and hair color, and used these labels to train attribute classiers based on low-level features such as raw pixel color and gradients. We use this same dataset to train a set of attribute classiers based on",
                            "embedding": null,
                            "h": null,
                            "parent": {
                                "py/id": 110
                            },
                            "py/object": "tree.TextTree"
                        },
                        {
                            "c": null,
                            "children": [],
                            "content": "POOFs. Kumar et al. have made available both human labels and the results of their attribute classiers for 19 binary attributes on the 7701 images in View 2 of LFW. Restricting ourselves to these 19 attributes, we use these images as our test set.",
                            "embedding": null,
                            "h": null,
                            "parent": {
                                "py/id": 110
                            },
                            "py/object": "tree.TextTree"
                        },
                        {
                            "c": null,
                            "children": [],
                            "content": "Although the classes in this task (attributes) are of a different type from those in the previous experiment (identities), we remain in the face domain, and so expect the POOFs we learned there to be useful here. We use the POOFs learned in Section 4.2 without modication. (This means they are trained using our reference set, not the attributes-labeled images.) To build attribute classiers, we simply extract our 10,000 POOF scores from the attribute training images, and use these feature vectors to train a linear SVM for each attribute. One of the benets of POOFs is that by incorporating knowledge of the domain learned from the reference set, which is not labeled with attributes, they reduce the need for a large attribute-labeled training set. To demonstrate this, we restrict the number of images we use from the training set.",
                            "embedding": null,
                            "h": null,
                            "parent": {
                                "py/id": 110
                            },
                            "py/object": "tree.TextTree"
                        },
                        {
                            "c": null,
                            "children": [],
                            "content": "The results on the test set are shown in Table 1, using the gradhist variant of the gradient orientation base feature. As before, we also show the performance of classiers built directly on the low-level base features. In almost every case our POOFs outperform the classier operating directly on the low-level features. The difference is especially large when the amount of training data is small. At six training samples, many of the direct classiers are at chance accuracy (e.g. gender) or even worse; it is easy for the classier to attach signicance to a random peculiarity of the six images it sees. Our POOFs, based on what they have learned is discriminative in a different set of classes (identities) in the same type of image (faces), avoid this noise. The table also shows the results of the classiers of [14] on this dataset. These classiers are trained on between 1500 and 5600 samples each. To account for biases in the dataset, the accuracies we report are the means of the accuracies on positive and negative test images. (For example, the test set is 6% Asian, so a direct calculation of accuracy would give a \u201cnever-Asian\u201d classier 94% accuracy, but our calculation would give it 50%.)",
                            "embedding": null,
                            "h": null,
                            "parent": {
                                "py/id": 110
                            },
                            "py/object": "tree.TextTree"
                        }
                    ],
                    "content": "4.3. Attribute Classication",
                    "embedding": null,
                    "h": null,
                    "parent": {
                        "py/id": 64
                    },
                    "py/object": "tree.TextTree"
                }
            ],
            "content": "4. Experiments",
            "embedding": null,
            "h": null,
            "parent": {
                "py/id": 0
            },
            "py/object": "tree.TextTree"
        },
        {
            "c": null,
            "children": [
                {
                    "c": null,
                    "children": [],
                    "content": "We have described a method for building a large set of Part-based One-vs-One Features based on a dataset of images labeled by class and with part locations, and shown them to have excellent performance in a series of experiments with different tasks on different datasets, outperforming existing work on the CUBS-200 2011 dataset and equaling the best results on the extensively studied LFW dataset. The strength of the POOFs lies in their ability to bring knowledge from an external, labeled dataset to bear on the problem at hand, even when the labels on the external set are of different classes from the dataset under study, and the discriminative power and diversity brought about by training each POOF on a single pair of classes and a single part.robust features. In Proc. ECCV, 2006. 1of local image descriptors. Trans. PAMI, 33(1), 2011. 3templates. Trans. PAMI, 15(10), 1993. 2",
                    "embedding": null,
                    "h": null,
                    "parent": {
                        "py/id": 120
                    },
                    "py/object": "tree.TextTree"
                },
                {
                    "c": null,
                    "children": [],
                    "content": "Cats and dogs. In Proc. CVPR, 2012. 3human detection. In Proc. CVPR, 2005. 1, 4",
                    "embedding": null,
                    "h": null,
                    "parent": {
                        "py/id": 120
                    },
                    "py/object": "tree.TextTree"
                },
                {
                    "c": null,
                    "children": [],
                    "content": "J. Experimental Psychology: General, 113(2), 1984. 1",
                    "embedding": null,
                    "h": null,
                    "parent": {
                        "py/id": 120
                    },
                    "py/object": "tree.TextTree"
                },
                {
                    "c": null,
                    "children": [],
                    "content": "Dog breed classication using part localization. ECCV, 2012. 1, 3tures. In Proc. ICCV, 1999. 1face recognition. In Proc. CVPR, 2011. 2, 6sub-category recognition. In Proc. CVPR, 2012. 2, 5",
                    "embedding": null,
                    "h": null,
                    "parent": {
                        "py/id": 120
                    },
                    "py/object": "tree.TextTree"
                }
            ],
            "content": "5. Conclusions",
            "embedding": null,
            "h": null,
            "parent": {
                "py/id": 0
            },
            "py/object": "tree.TextTree"
        }
    ],
    "content": "POOF: Part-Based One-vs-One Features for Fine-Grained Categorization, Face",
    "embedding": null,
    "h": null,
    "parent": null,
    "py/object": "tree.TextTree"
}