{
    "c": null,
    "children": [
        {
            "c": null,
            "children": [],
            "content": "Abstract",
            "embedding": null,
            "h": null,
            "parent": {
                "py/id": 0
            },
            "py/object": "tree.TextTree"
        },
        {
            "c": null,
            "children": [
                {
                    "c": null,
                    "children": [],
                    "content": "The standard approach for supervised learning of object detection models requires the annotation of each target object instance with a bounding box in the training set. This fully supervised paradigm is tedious and costly for large-scale datasets. The alternative but more challenging paradigm is to learn from the growing amount of noisily and sparsely annotated visual data available. In this work, we focus on the specic \u201cweakly supervised\u201d case when the annotation at training time is restricted to presence or absence of object instances at image-level.",
                    "embedding": null,
                    "h": null,
                    "parent": {
                        "py/id": 4
                    },
                    "py/object": "tree.TextTree"
                },
                {
                    "c": null,
                    "children": [],
                    "content": "An ideal weakly supervised learning (WSL) for object detection is expected to guide the missing annotations to a",
                    "embedding": null,
                    "h": null,
                    "parent": {
                        "py/id": 4
                    },
                    "py/object": "tree.TextTree"
                },
                {
                    "c": null,
                    "children": [],
                    "content": "Figure 1. An illustration of our learning model: In the top row, we show clusters of objects and object parts that are simultaneously learned with the detectors during training. Our method encourages highly probable windows to be similar among them through the jointly learned clusters during training. The colored lines indicate similarity between windows and clusters. Best viewed in color.solution that disentangles object instances from noisy and cluttered background. The standard WSL paradigm alternates between labeling the missing annotations and learning a classier based on these labellings in a spirit similar to Expectation Maximization (EM). Due to the missing annotations, this optimization is non-convex and therefore prone to getting stuck in a local minimum (and sensitive to initialization). In practice, although the optimal solution would lead to a perfect localization of the objects, guiding the optimization to such point is quite challenging and the weakly supervised detection performance is far from the supervised one. We can comprehend the importance of properly guiding the optimization by considering the extreme case of perfect localization, i.e. the fully supervised case, which can be considered an upper bound in terms of performance. For instance, the best reported detection performance that relies on the convolutional neural network (CNN) features of [6] on the Pascal VOC 2007 dataset [7] is 58.5% ([10]) mean average precision (AP) in the fully supervised case while it is 30.9% ([30]) in the weakly supervised case. Thus improving the optimization of our non-convex problem is vital because it would directly lead to better detection performance.",
                    "embedding": null,
                    "h": null,
                    "parent": {
                        "py/id": 4
                    },
                    "py/object": "tree.TextTree"
                },
                {
                    "c": null,
                    "children": [],
                    "content": "Here, we investigate a possible way to improve the optimization by imposing similarity among objects of the same class. A typical application where such similarity is exploited is co-segmentation [13, 24], which is the task of localizing similar objects in a set of images. The underlying principle behind co-segmentation is to search for a portion of the image that is the most similar among the set of given images. If the visual descriptors of the objects are similar among the images and the optimization function is smooth enough, then all the objects in the images can be properly localized. While the same assumption is also valid for the weakly supervised object detection problem, most state-ofthe-art algorithms do not enforce directly similarity among the objects. Instead they follow an iterative and discriminative approach: rst a classier on the initially chosen image parts is learned and then the most discriminative portions of the image are found by applying the learned classier. In fact, while learning a classier on the previously chosen image portions and imposing distinctiveness from the background, the similarity among them usually weakens, as it is not explicitly enforced. Therefore, using an additional similarity channel can help to avoid overtting on the current localization hypotheses and to better guide the weakly supervised localization.",
                    "embedding": null,
                    "h": null,
                    "parent": {
                        "py/id": 4
                    },
                    "py/object": "tree.TextTree"
                },
                {
                    "c": null,
                    "children": [],
                    "content": "To address the overtting, previous work has developed a number of different strategies. Cinbis et al. [4] use a multifold splitting of the training set to prevent getting stuck to wrong labellings in the previous iteration. Deselaers et al. [5] use the similarity principle by enforcing pairwise connections among the chosen windows in the training data. In this paper we also use similarity, but in a novel and different way. First, we want to use a similarity measure that is \u201clocal\u201d. Enforcing a global similarity among all the data samples (e.g. distance to the average of the samples) is a too strict assumption that often does not hold, especially in modern and difcult datasets due to intra-class and viewpoint variations. Second, in contrast to [5] we want a similarity measure that is \u201csmooth\u201d over the samples, so that it is easier to optimize and it can support multiple and different hypotheses simultaneously. To this end, we do not limit our hypotheses to the object only but also include parts of it. It is well known that certain classes have parts that share appearance in almost all samples, but globally the objects can have a quite different appearance (e.g. bicycles can be very different but their wheels are generally very similar among different instances). Finally, we want our method to be scalable. Considering the exponential number of possible hypotheses when considering also object parts, we want to avoid the expensive CRF optimization needed in [5].",
                    "embedding": null,
                    "h": null,
                    "parent": {
                        "py/id": 4
                    },
                    "py/object": "tree.TextTree"
                },
                {
                    "c": null,
                    "children": [],
                    "content": "In this paper we propose to couple a smooth discriminative learning procedure as proposed in our earlier work [2] with a convex clustering algorithm [17]. While the discriminative learning estimates a model to best separate positive and negative data, the clustering searches for a small set ofexemplars. These exemplars that best describe our training data are not directly forced to be the localization hypotheses but they are selected based on the probability of being part of the object. This indirectly enforces the localized hypotheses to be similar to one another (similar to the cluster centers) and therefore it is a way to enforce local similarity without the need of the expensive pairwise CRF. Furthermore, the optimal number of clusters is automatically selected by the algorithm. This also allows the clustering procedure to optimally adapt to the new localization of object instances at any point of the learning and, due to the convexity of the optimization, it does not depend on the initialization. This idea is illustrated in Fig.1.",
                    "embedding": null,
                    "h": null,
                    "parent": {
                        "py/id": 4
                    },
                    "py/object": "tree.TextTree"
                },
                {
                    "c": null,
                    "children": [],
                    "content": "The remainder of the paper is structured as follows. Section 2 discusses the related work. Section 3 explains the inference and learning procedures. Section 4 details the experiments on the PASCAL VOC 2007 dataset [7] and Section 5 concludes the paper.",
                    "embedding": null,
                    "h": null,
                    "parent": {
                        "py/id": 4
                    },
                    "py/object": "tree.TextTree"
                }
            ],
            "content": "1. Introduction",
            "embedding": null,
            "h": null,
            "parent": {
                "py/id": 0
            },
            "py/object": "tree.TextTree"
        },
        {
            "c": null,
            "children": [
                {
                    "c": null,
                    "children": [],
                    "content": "Convex clustering. The clustering formulation of our method builds on the work of [17], that casts a clustering problem into a convex minimization by assigning to each sample a sparse distribution of weights that represent their importance. In contrast to non-convex clustering methods",
                    "embedding": null,
                    "h": null,
                    "parent": {
                        "py/id": 20
                    },
                    "py/object": "tree.TextTree"
                },
                {
                    "c": null,
                    "children": [],
                    "content": "Clustering in WSL. Recent literature on weakly supervised object detection [27, 28, 30] uses clustering to initialize their latent variables (i.e. object windows, part congurations and sub-categories respectively) and learns object detectors based on this initialization. In contrast, our method iteratively renes discriminative clusters that help to localize object instances better in the following iterations. Song et al. [27, 28] formulate a discriminative submodular algorithm to discover an initial set of image windows and part congurations respectively that are likely to contain the target object. Wang et al. [30] apply a latent semantic discovery via probabilistic latent Semantic Analysis (pLSA) on the windows of positive samples and further employ these clusters as sub-categories. It assumes that the clustering algorithm can nd a single compact cluster for the foreground (the object itself) class and multiple ones for the related background (e.g. aeroplane sky and trees). The algorithm requires a careful tuning of cluster numbers to obtain good clusters for each category. In contrast, our method only focuses on the intra-class variance in the foreground via the obtained clusters and does not explicitly model the related background. In addition, our learning automatically determines the optimal number of clusters. The modelling of related background is complimentary to our method and can be expected to further improve our performance.",
                    "embedding": null,
                    "h": null,
                    "parent": {
                        "py/id": 20
                    },
                    "py/object": "tree.TextTree"
                },
                {
                    "c": null,
                    "children": [],
                    "content": "Learning sub-categories. Our formulation also bears some similarities to the work of [1, 8, 12] that simultaneously cluster the positive samples into sub-categories and learn to separate each cluster from the negative samples. Using multiple sub-categories can also be used in our method and that may further improve results. However, in our case we focus on a more challenging problem in which we are not given the ground truth bounding boxes nor the sub-category membership of positive samples. Learning jointly to cluster, localize and classify remains a challenge.",
                    "embedding": null,
                    "h": null,
                    "parent": {
                        "py/id": 20
                    },
                    "py/object": "tree.TextTree"
                }
            ],
            "content": "2. Related Work Non-convex optimization. To alleviate the shortcomings of the non-convex optimization problem, previous work mainly focused on smoothing the latent SVM formulation [2, 14, 20, 27], developing initialization strategies [4, 16] or regulating the latent space [2]. Joulin et al. [14] propose a weakly supervised learning formulation that is based on a convex relaxation of a soft-max loss and show that such a learning is less prone to get stuck in a local minimum. Similarly, Song et al. [27] smooth the latent SVM formulation of [8] by applying Nesterov\u2019s smoothing technique [22]. As a matter of fact, we use the soft-max formulation that has been proposed in [2]. This formulation does not require initialization of missing annotations, enables us to use a quasi-Newton optimization and thus leads to a faster convergence. Kumar et al. [16] propose an iterative self-paced learning algorithm that iteratively selects a set of easy samples and learns a new classier. Song et al. [27] initialize the object locations via a sub-modular clustering method. Additionally, Bilen et al. [2] propose a posterior regularization formulation that regularizes the latent (object location) space by penalizing unlikely congurations based on symmetry and mutual exclusion of objects. In fact, our approach can also be seen as a regularization technique that enforces similarity between object windows. Although we did not include them in our experiments, symmetry and mutual exclusion can also be used in our method.",
            "embedding": null,
            "h": null,
            "parent": {
                "py/id": 0
            },
            "py/object": "tree.TextTree"
        },
        {
            "c": null,
            "children": [
                {
                    "c": null,
                    "children": [],
                    "content": "To detect the presence y and the location h of target objects in an unseen image x for a given detector dened by a vector of parameters w, we maximize a linear prediction function as:where \u03a6(x, y, h) is a joint feature vector:if y = 1 if y = \u22121.",
                    "embedding": null,
                    "h": null,
                    "parent": {
                        "py/id": 28
                    },
                    "py/object": "tree.TextTree"
                },
                {
                    "c": null,
                    "children": [],
                    "content": "In words, the prediction rule (1) labels the image x as negative, if the score of the best window (h\u2217) is not positive. To learn w, we rst dene an objective function L on a set of training samples S = {(xi, yi), i = 1, . . . , N} and minimize it with respect to w:",
                    "embedding": null,
                    "h": null,
                    "parent": {
                        "py/id": 28
                    },
                    "py/object": "tree.TextTree"
                },
                {
                    "c": null,
                    "children": [],
                    "content": "Review of latent SVM. We want our object models to score high for positive images (i.e. y = 1) and low for negative images (i.e. y = \u22121). To train such object models that can separate between positive and negative samples, a common formulation to measure the mismatch between the image, label and window is the max-margin latent SVM (LSVM) [31]:lmm(w, xi, yi) = max y,hwhere \u2206(yi, y) is zero-one error, i.e. \u2206(yi, y) = 0 if y = yi, 1 else. This formulation aims to separate the highest scoring window h from the other congurations. However, this formulation has certain shortcomings for the object detection task: (i) it can only choose one window for each positive image, and this limits the learning to leverage multiple object instances, (ii) the optimization is sensitive to initialization of latent parameters for positive images. Therefore, we use a smoother learning method, the soft-max latent SVM (SLSVM) formulation of [2] that can consider multiple object instances in a single image and does not require initialization of latent parameters. The soft-max term lsm is given as:",
                    "embedding": null,
                    "h": null,
                    "parent": {
                        "py/id": 28
                    },
                    "py/object": "tree.TextTree"
                },
                {
                    "c": null,
                    "children": [],
                    "content": "Convex Clustering. Now, we want to introduce in the objective function an additional term Lc that enforces similarity among the selected windows so that the new objective is:",
                    "embedding": null,
                    "h": null,
                    "parent": {
                        "py/id": 28
                    },
                    "py/object": "tree.TextTree"
                },
                {
                    "c": null,
                    "children": [],
                    "content": "L(w,S) = LR(w) + \u03bbLsm(w,S) + \u03b3Lc(w,S).",
                    "embedding": null,
                    "h": null,
                    "parent": {
                        "py/id": 28
                    },
                    "py/object": "tree.TextTree"
                },
                {
                    "c": null,
                    "children": [],
                    "content": "However, enforcing similarity is a challenging task because: (i) in the absence of annotated objects, it is not clear between which window pairs to enforce similarity, and (ii) object categories may contain signicant variance in appearance and forcing a global similarity among all windows can hurt performance.",
                    "embedding": null,
                    "h": null,
                    "parent": {
                        "py/id": 28
                    },
                    "py/object": "tree.TextTree"
                },
                {
                    "c": null,
                    "children": [],
                    "content": "To address the rst challenge, we avoid a hard decision for choosing an object window and use a soft measure that gives a probability of a window h of image x for the target",
                    "embedding": null,
                    "h": null,
                    "parent": {
                        "py/id": 28
                    },
                    "py/object": "tree.TextTree"
                },
                {
                    "c": null,
                    "children": [],
                    "content": "To mitigate the second problem, we enforce similarity between object windows and \u201crepresentative\u201d clusters in positive training images instead of between each object window pair. For the sake of brevity, we introduce a new variable u to denote window h of image x. U = S + \u00d7 H denotes the set of possible windows from the set of positive training images S+. We learn scalar weights qu to measure how representative a window u:qu = 1 s.t. qu \u2265 0,",
                    "embedding": null,
                    "h": null,
                    "parent": {
                        "py/id": 28
                    },
                    "py/object": "tree.TextTree"
                },
                {
                    "c": null,
                    "children": [],
                    "content": "Finally, inspired by [17], we propose a clustering termwhere d\u03c6(u, u(cid:48)) = (cid:107)\u03c6(u) \u2212 \u03c6(u(cid:48))(cid:107)2 is the Euclidean distance between two window representations (\u03c6(u), \u03c6(u(cid:48))). \u03b1 is a positive temperature parameter and controls the sparseness of the q terms. The convex clustering term penalizes congurations with discriminative windows of high probability (p(u, w)) far from the important clusters (windows h with high qu). Moreover, the term Lc has two desirable properties: (i) it is convex given w so it is guaranteed to nd the optimal solution, and (ii) it results in a sparse selection of clusters (window u with qu greater than zero). Thus it automatically nds the number of clusters which is optimal for the given \u03b1. Optimization. We minimize the objective function L in (5) iteratively in two steps with coordinate descent. We rst initialize the cluster weights q uniformly, x them, and minimize L for w. As our objective function is smooth, our optimization can benet from the quasi-Newton method LBFGS [18] which we found faster and more accurate than stochastic gradient descent. In the next step, we x the found w and optimize Lc for q. To update the vector q, we use the iterative method as in [17] which is guaranteed to nd the global optimum. We dene a similarity measure su,u(cid:48) = e\u2212\u03b1d\u03c6(u,u(cid:48)) and introduce two auxiliary vectors z and \u03b7:u\u2208U p(u, w) su,u(cid:48) z(t) u",
                    "embedding": null,
                    "h": null,
                    "parent": {
                        "py/id": 28
                    },
                    "py/object": "tree.TextTree"
                },
                {
                    "c": null,
                    "children": [],
                    "content": "We can see from Eq. (9) that the update rule for clusters depends on the probability p(u, w) and the probability depends on the learned w (see Eq. (6)). As in the rst iterations the learned w is not accurate yet, we observe that in these conditions the clustering term can be detrimental to our learning. Thus we assign a small weight to \u03b3 in the rst iteration and gradually allow it to grow to its dened value, similarly to deterministic annealing approaches [9]. The clustering term Lc requires the computation of pairwise distances between all the windows in the positive images. For efciency we pre-compute the distances once at the beginning of the training. In order to speed up the algorithm, we also rank the values of su,u(cid:48) and keep only the largest 1000 values. We use the approximate nearest neighbor algorithm in [21]. We observe that this approximation has negligible effect in our nal results.",
                    "embedding": null,
                    "h": null,
                    "parent": {
                        "py/id": 28
                    },
                    "py/object": "tree.TextTree"
                },
                {
                    "c": null,
                    "children": [],
                    "content": "K-means clustering To evaluate the importance of the use of convex clustering in our method we also introduce a clustering term based on the standard k-means method [19] which is non-convex. In that case the clustering loss dened in Eq. 7 becomes:where c \u2208 C are the cluster centers. As in standard k-means, in this case the optimization of the loss is performed in two step: (i) compute the sample-cluster assignments, and (ii) re-compute the cluster centers c as the weighted mean of the samples p(u, w)\u03c6(u) belonging to each cluster.",
                    "embedding": null,
                    "h": null,
                    "parent": {
                        "py/id": 28
                    },
                    "py/object": "tree.TextTree"
                },
                {
                    "c": null,
                    "children": [],
                    "content": "In the same way as we have modied the original convex clustering to account for the discriminativity of the windows, we multiply each square distance to a cluster with the probability term p(u, w). In this case, as the clustering is not convex, to avoid to get stuck in poor local minima, at each iteration of the full loss dened in Eq. 5, we re-start the k-means algorithm with a random initialization of the cluster centers. Notice that in contrast to Eq. 7, in this case we do not need the term qu because now each cluster c is a latent variable by itself. We call this clustering weighted k-means algorithm. In the experimental results we compare this approach to the convex clustering quantitatively.",
                    "embedding": null,
                    "h": null,
                    "parent": {
                        "py/id": 28
                    },
                    "py/object": "tree.TextTree"
                }
            ],
            "content": "3. Inference and Learning Problem Formulation. Our goal is to detect the locations of the objects of a target class (e.g. \u201cbicycle\u201d, \u201cperson\u201d), if there is any, in a previously unseen image. To do so, we learn an object detector for the target class by using a set of positive images (images where at least one object of the target class is present) and negative images (images where there is no object of the target class present). As the locations of the target objects in the positive images are not given, we formulate the task in a latent support vector machine (LSVM) formulation [8, 31] where we aim to nd the latent parameter (object window) for each training sample that best discriminates positive images from negative ones. In general the object of the target class is the region of the image that is the most similar among positive images. Thus, with this procedure, we jointly learn the location of object instances for each positive training image and a detector that is able to localize that object. In the following part of this section we dene the problem in a formal way. Let x \u2208 X , y \u2208 {\u22121, 1} and h \u2208 H denote an image, its binary label and the object location (bounding box) respectively. To generate the set of possible object locations (H), we use the selective search method of Uijlings et al. [29] which produces around 1,500 windows per image. This helps us to speed-up our inference and to avoid many background regions. To represent the candidate windows, we rely on the powerful Convolutional Neural Network features of [6] and denote the feature vector for the window h of the image x with \u03c6(x, h).",
            "embedding": null,
            "h": null,
            "parent": {
                "py/id": 0
            },
            "py/object": "tree.TextTree"
        },
        {
            "c": null,
            "children": [
                {
                    "c": null,
                    "children": [
                        {
                            "c": null,
                            "children": [],
                            "content": "In this part, we use our implementation of latent SVM (LSVM) (see Eq. (3)), soft-max latent SVM (SLSVM) (see (4)) as our baselines and compare them to our method. We also evaluate a variation of our algorithm (Ours (k-means)) where the clustering is performed with the weighted kmeans algorithm (see 10) instead of our convex formulation. We present the performance of the methods in Figure 2 for the 20 VOC 2007 classes in terms of average precision (AP). First we compare the LSVM to its soft",
                            "embedding": null,
                            "h": null,
                            "parent": {
                                "py/id": 56
                            },
                            "py/object": "tree.TextTree"
                        },
                        {
                            "c": null,
                            "children": [],
                            "content": "Figure 2. A comparison of our method with k-means (Ours (k-means)) and convex (Ours (convex)) clustering to the baselines LSVM, soft-max LSVM (SLSVM) and SLSVM in terms of average precision (AP). Our method with convex clustering signicantly outperforms the baselines for most of the categories. Best viewed in color.version and see that smoothing the hard-max formulation leads to an improvement of 1.2 points. As expected, this improvement is more prominent in categories which often have multiple instances in a single image, such as \u201cchair\u201d, \u201ccow\u201d, \u201csheep\u201d and \u201ctv-monitor\u201d because there, in contrast to LSVM, SLSVM can exploit the presence of multiple objects. It should be noted that we use a single temperature parameter \u03b2 for all categories and tuning this parameter in a category specic way can further improve both SLSVM and our method. While adding the weighted k-means clustering (Ours (k-means)) improves 0.5 points over the baseline SLSVM, the convex clustering formulation (Ours (convex)) achieves a signicant improvement in most of the classes and 3.3% in mAP over SLSVM. The performance gap between the two clustering formulations shows the importance of a smooth and convex formulation for clustering. We also observe that our method fails to learn discriminative clusters and improve the baseline in classes with relatively low detection rates (\u223c 10% AP) such as \u201cbottle\u201d, \u201cchair\u201d and \u201cperson\u201d that often appear in cluttered indoor scenes.",
                            "embedding": null,
                            "h": null,
                            "parent": {
                                "py/id": 56
                            },
                            "py/object": "tree.TextTree"
                        },
                        {
                            "c": null,
                            "children": [],
                            "content": "In Figure 3 we illustrate the renement in the localization of object instances during the iterative learning. The rst column depicts the nal detections of SLSVM and our method in purple and yellow respectively. The second column shows a response map of SLSVM, while third, fourth and fth columns depict response maps of our method during different iterations. In the rst two samples of \u201caeroplane\u201d and \u201ccar\u201d, SLSVM detections contain some related background \u201csky\u201d and \u201croad\u201d respectively. Our method progressively eliminates the background with the help of similarity with the found clusters. The third and fourth examples depict cases when parts of an object are more discriminative than the whole object and therefore the clustering term iteratively recovers the whole object. In the last example, we show a case where our method fails to localize the object accurately. The detection contains the bicycleand also the person riding the bicycle. Since \u201cbicycle\u201d and \u201cperson\u201d classes co-occur in many training images, we obtain clusters that contain both classes.",
                            "embedding": null,
                            "h": null,
                            "parent": {
                                "py/id": 56
                            },
                            "py/object": "tree.TextTree"
                        },
                        {
                            "c": null,
                            "children": [],
                            "content": "We also illustrate some of the found clusters during training of different detectors in Figure 4. We see that the clusters contain objects and object parts with only a small portion of background and that they capture variations in appearance, pose and background.",
                            "embedding": null,
                            "h": null,
                            "parent": {
                                "py/id": 56
                            },
                            "py/object": "tree.TextTree"
                        }
                    ],
                    "content": "4.2. Convex Clustering",
                    "embedding": null,
                    "h": null,
                    "parent": {
                        "py/id": 54
                    },
                    "py/object": "tree.TextTree"
                },
                {
                    "c": null,
                    "children": [
                        {
                            "c": null,
                            "children": [],
                            "content": "In this part, we compare the results of our method to the state-of-the-art in WSL object detection. The results in Table 1 show that our method is comparable to the state-ofthe-art in CorLoc. While our method outperforms the previous work of [26, 25, 4], it is worse than [30] on average. This method [30] focuses on obtaining a compact cluster for a foreground (object) class and multiple clusters for the related background (e.g. \u201csky\u201d around \u201caeroplane\u201d). It learns different appearance models for each cluster, whereas we focus on modeling the intra-class variance in the foreground via the found clusters. Wang et al. [30] apply an initial clustering on the windows of positive images and the method depends on the fact that the clustering can nd a single compact cluster for the foreground. Therefore the performance of the method is sensitive to the number of clusters and requires tuning of this parameter for each class. In contrast, our method automatically learns the number of clusters and therefore uses a single parameter set for all classes. Moreover, [30] relies on multiple appearance models and on a expensive super-vector encoding of the CNN features that signicantly increases the dimensionality of the feature vector, whereas our method uses a single appearance model and does not bring any additional computational load during inference compared to the standard LSVM. We could include more feature tuning as well as more complex features etc. to our model as well but that would clutter the experiments",
                            "embedding": null,
                            "h": null,
                            "parent": {
                                "py/id": 66
                            },
                            "py/object": "tree.TextTree"
                        },
                        {
                            "c": null,
                            "children": [],
                            "content": "Figure 3. Examples of detection for SLSVM and our method. We show success cases of our method in the rst four rows and a failure case in the last row. The rst column shows the detection results of SLSVM (in purple) and our method (in yellow). The second column shows the response maps, i.e. weighted sum of window scores, of SLSVM and the third, fourth and fth columns show the response maps of our method at various iterations. Best viewed in color.and make the comparison to our baselines harder and less effective in demonstrating the effect of our main contribution.",
                            "embedding": null,
                            "h": null,
                            "parent": {
                                "py/id": 66
                            },
                            "py/object": "tree.TextTree"
                        },
                        {
                            "c": null,
                            "children": [],
                            "content": "We also compare our detection results to the state-of-theart in terms of AP in Table 2. While Cinbis et al. [4] use Fisher Vectors [23] to represent the candidate object windows, the other methods in the table rely, as us, on powerful CNN features. Cinbis et al. [4] propose a method that uses a multi-fold splitting of positive images to alleviate the overtting. Since we build our approach on a smoother learning framework, SLSVM and we also enforce similarity between objects and clusters, our method is less prone to overtting and outperforms this method. Similarly to our work, Songet al. [27, 28] build their method on a different smoothed Latent SVM algorithm and use efcient clustering algorithms via sub-modular optimization. While Song et al. [27, 28] use clustering to initialize the latent parameters (i.e. object windows and part congurations), our method jointly learns to cluster and to detect object instances in a discriminative way and thus outperforms these methods signicantly. Bilen et al. [2] employ a posterior regularization technique that enforces symmetry and mutual exclusion on window selection. While our method outperforms this work [2], the same regularization technique can be added to our learning and improve the detection performance further.",
                            "embedding": null,
                            "h": null,
                            "parent": {
                                "py/id": 66
                            },
                            "py/object": "tree.TextTree"
                        },
                        {
                            "c": null,
                            "children": [],
                            "content": "Figure 4. Cluster examples that are found during the training of different detectors. They contain objects, object parts with small portion of background and show signicant variations in appearance, pose and background. Best viewed in color.",
                            "embedding": null,
                            "h": null,
                            "parent": {
                                "py/id": 66
                            },
                            "py/object": "tree.TextTree"
                        },
                        {
                            "c": null,
                            "children": [],
                            "content": "Our method Shi et al. [26] Shi et al. [25] Cinbis et al. [4] Wang et al. [30]aero bike bird boat bottle bus 66.4 59.3 42.7 20.4 21.3 63.4 74.3 59.6 21.1 58.2 14.0 38.5 49.5 60.0 19.8 39.2 41.7 30.1 50.2 44.1 39.1 24.1 43.3 41.3 51.5 25.3 13.3 28.0 29.5 54.6 11.8 54.7 22.7 33.7 24.5 4.6 32.4 16.2 58.9 51.5 64.6 18.2 3.1 20.9 34.7 63.4 5.9 67.3 54.4 34.3 17.8 1.3 50.5 10.2 29.0 58.0 64.9 36.7 18.7 56.5 13.2 54.9 59.4 56.6 58.3 28.4 20.7 6.8 80.1 63.9 51.5 14.9 21.0 55.7 74.2 43.5 26.2 53.4 16.3 56.7 58.3 69.5 14.1 38.3 58.8 47.2 49.1 60.9",
                            "embedding": null,
                            "h": null,
                            "parent": {
                                "py/id": 66
                            },
                            "py/object": "tree.TextTree"
                        },
                        {
                            "c": null,
                            "children": [],
                            "content": "Our method Cinbis et al. [4] Song et al. [27] Song et al. [28] Bilen et al. [2] Wang et al. [30]aero bike bird boat bottle bus 46.2 46.9 24.1 16.4 12.2 42.2 47.1 35.2 7.8 20.0 26.8 20.8 35.8 29.6 14.1 31.9 41.9 19.3 11.1 27.6 12.1 31.0 40.6 23.0 4.9 3.1 35.8 40.6 8.1 35.9 41.8 16.8 1.4 7.6 20.9 10.0 27.7 29.4 39.2 9.1 19.3 20.5 17.1 35.6 7.1 27.6 41.9 19.7 9.1 10.4 35.8 39.1 33.6 0.6 23.5 12.5 23.5 27.9 40.9 14.8 19.2 24.2 17.1 37.7 11.6 36.3 47.6 23.3 12.3 11.1 36.0 46.6 25.4 0.7 20.9 26.6 20.6 35.9 29.6 12.5 44.9 45.1 24.9 8.3 42.2 43.9 23.1 9.2 24.0 13.9 18.6 31.6 43.6 7.6 48.8 41.0 23.6 12.1 11.1 42.7 40.9 35.5 11.1 36.6 18.4 35.3 34.8 51.3 17.2 17.4 26.8 32.8 35.1 45.6",
                            "embedding": null,
                            "h": null,
                            "parent": {
                                "py/id": 66
                            },
                            "py/object": "tree.TextTree"
                        },
                        {
                            "c": null,
                            "children": [],
                            "content": "Table 2. Comparison of WSL object detectors on PASCAL VOC 2007 in terms of AP in the test set [7].",
                            "embedding": null,
                            "h": null,
                            "parent": {
                                "py/id": 66
                            },
                            "py/object": "tree.TextTree"
                        }
                    ],
                    "content": "4.3. Comparison to the state-of-the-art",
                    "embedding": null,
                    "h": null,
                    "parent": {
                        "py/id": 54
                    },
                    "py/object": "tree.TextTree"
                }
            ],
            "content": "4. Experiments 4.1. Dataset and implementation details",
            "embedding": null,
            "h": null,
            "parent": {
                "py/id": 0
            },
            "py/object": "tree.TextTree"
        },
        {
            "c": null,
            "children": [
                {
                    "c": null,
                    "children": [],
                    "content": "We have presented a weakly supervised detection algorithm that encourages similarity between objects to avoid overtting and local minima solutions in the learning. Our formulation allows a joint learning of detection and clustering in an efcient and principled way. We show that using similarity is benecial, improves the detection performances over the baseline and gives comparable results with the state-of-the-art.",
                    "embedding": null,
                    "h": null,
                    "parent": {
                        "py/id": 82
                    },
                    "py/object": "tree.TextTree"
                },
                {
                    "c": null,
                    "children": [],
                    "content": "Acknowledgments: We thank Dr. Vinay Namboodiri for helpful discussions. The work is supported by EU FP7 project AXES, ERC starting grant COGNIMUND, IWT SBO project PARIS.",
                    "embedding": null,
                    "h": null,
                    "parent": {
                        "py/id": 82
                    },
                    "py/object": "tree.TextTree"
                },
                {
                    "c": null,
                    "children": [],
                    "content": "References [1] H. Bilen, M. Pedersoli, V. Namboodiri, T. Tuytelaars, and L. Van Gool. Object classication with adaptable regions.object detection with posterior regularization. 2014.for weakly supervised object localization. In CVPR, 2014.localization and learning with generic knowledge. 100(3):275\u2013293, 2012.variables. In ICML, pages 1169\u20131176, 2009.multiple-instance learning. articial intelligence and statistics, pages 123\u2013130, 2007.of statistical learning, volume 1. 2001.latent variable models. In NIPS, pages 1189\u20131197, 2010.exemplar-based models. In NIPS, pages 825\u2013832, 2007.",
                    "embedding": null,
                    "h": null,
                    "parent": {
                        "py/id": 82
                    },
                    "py/object": "tree.TextTree"
                },
                {
                    "c": null,
                    "children": [],
                    "content": "Theory, IEEE Transactions on, 28(2):129\u2013137, 1982.",
                    "embedding": null,
                    "h": null,
                    "parent": {
                        "py/id": 82
                    },
                    "py/object": "tree.TextTree"
                },
                {
                    "c": null,
                    "children": [],
                    "content": "D. Koller. Max-margin min-entropy models. 2012.",
                    "embedding": null,
                    "h": null,
                    "parent": {
                        "py/id": 82
                    },
                    "py/object": "tree.TextTree"
                },
                {
                    "c": null,
                    "children": [],
                    "content": "Improving the sher kernel for large-scale image classication. In ECCV, pages 143\u2013156, 2010.",
                    "embedding": null,
                    "h": null,
                    "parent": {
                        "py/id": 82
                    },
                    "py/object": "tree.TextTree"
                }
            ],
            "content": "5. Conclusion",
            "embedding": null,
            "h": null,
            "parent": {
                "py/id": 0
            },
            "py/object": "tree.TextTree"
        }
    ],
    "content": "Weakly Supervised Object Detection with Convex Clustering",
    "embedding": null,
    "h": null,
    "parent": null,
    "py/object": "tree.TextTree"
}