{
    "c": null,
    "children": [
        {
            "c": null,
            "children": [
                {
                    "c": null,
                    "children": [],
                    "content": "In classication of objects substantial work has gone into improving the low level representation of an image by considering various aspects such as different features, a number of feature pooling and coding techniques and considering different kernels. Unlike these works, in this paper, we propose to enhance the semantic representation of an image. We aim to learn the most important visual components of an image and how they interact in order to classify the objects correctly. To achieve our objective, we propose a new latent SVM model for category level object classication. Starting from image-level annotations, we jointly learn the object class and its context in terms of spatial location (where) and appearance (what). Furthermore, to regularize the complexity of the model we learn the spatial and co-occurrence relations between adjacent regions, such that unlikely congurations are penalized. Experimental results demonstrate that the proposed method can consistently enhance results on the challenging Pascal VOC dataset in terms of classication and weakly supervised detection. We also show how semantic representation can be exploited for nding similar content.",
                    "embedding": null,
                    "h": null,
                    "parent": {
                        "py/id": 2
                    },
                    "py/object": "tree.TextTree"
                }
            ],
            "content": "Abstract",
            "embedding": null,
            "h": null,
            "parent": {
                "py/id": 0
            },
            "py/object": "tree.TextTree"
        },
        {
            "c": null,
            "children": [
                {
                    "c": null,
                    "children": [],
                    "content": "In this paper, we classify objects (e.g. person or car) in the sense of PASCAL VOC [8], i.e. indicating their presence in an image, but not their spatial localization (the latter is referred to as detection in VOC parlance). There is a broad palette of classication methods, most of them focusing on a better feature representation [22] or a better feature encoding [24, 27] or a better mapping to a high-dimensional space [7]. However, very few methods have really improved the semantic representation of an object. We propose an improved semantic representation of an object by considering its spatial location in the scene and the multi-modality of its appearance (i.e intra-class variation such that instances of the same object class can vary in their shape, color, etc.). Also the background (context) is modeled explicitly in a",
                    "embedding": null,
                    "h": null,
                    "parent": {
                        "py/id": 6
                    },
                    "py/object": "tree.TextTree"
                },
                {
                    "c": null,
                    "children": [],
                    "content": "Figure 1. Overview of the proposed method. For our classication procedure we model an image as a composition of an object (foreground) enclosed in the cyan window box and the rest of the image (background). Both, foreground and background are represented by a pool of region models that are learned in a weakly supervised way. The empty blue rectangle models indicate occlusion models. For each region model and each location we learn unary and pairwise costs that reward likely congurations.multi-modal fashion. Note that the problems of representing spatial location and multi-modality of appearance especially arise in the Bag of Words (BoW) and Fisher Vector (FV) representation [19] that have been most successful for the classication problems.",
                    "embedding": null,
                    "h": null,
                    "parent": {
                        "py/id": 6
                    },
                    "py/object": "tree.TextTree"
                },
                {
                    "c": null,
                    "children": [],
                    "content": "At rst sight, spatial location is accounted for by the BoW representation and FV through discriminative visual words (or Gaussians) that are learned and should re only on the object. The rest of the image is ideally associated with non-discriminative words that should not contribute much to the nal classication score. In the same way, multi-modal appearances should ideally be represented by the BoW and FV representation using more visual words (or Gaussians) (associating them with different appearances in the same object class).",
                    "embedding": null,
                    "h": null,
                    "parent": {
                        "py/id": 6
                    },
                    "py/object": "tree.TextTree"
                },
                {
                    "c": null,
                    "children": [],
                    "content": "Background Region ModelsForeground Region Modelsa) Image Ib) Image II\fIn practice, the rst problem is that the BoW and FV representation are quite sensitive to background visual noise such that visual words in the background that are not really correlated to the object, appear to be due to a limited number of samples. The second problem is that the recognition model is prone to false positives in the presence of high intra-class variation. For instance, if we want to recognize only perfectly yellow and red birds assuming those colors as our visual features, a BoW or FV representation with a linear classier would also recognize the ones with both yellow and red color and over-generalize the bird class because they are the linear composition of the two.",
                    "embedding": null,
                    "h": null,
                    "parent": {
                        "py/id": 6
                    },
                    "py/object": "tree.TextTree"
                },
                {
                    "c": null,
                    "children": [],
                    "content": "Incorporating the spatial information of an object and its multi-modal appearance in a BoW representation is not straight-forward. Most of the state-of-the-art methods [27, 24, 19] still rely on a spatial pyramid (SP), which is a simple split of the image in a xed grid of sub-regions. For each they then use a different BoW or FV model. However, this is clearly sub-optimal as it represents the image as a static and uniformly distributed collection of regions.",
                    "embedding": null,
                    "h": null,
                    "parent": {
                        "py/id": 6
                    },
                    "py/object": "tree.TextTree"
                },
                {
                    "c": null,
                    "children": [],
                    "content": "Blaschko et al. [3] propose a principled way to learn object localization when the locations of the objects are available in training for object detection. Kumar et al. [12] and Bilen et al. [2] use the object location as a latent variable and optimize the learning algorithm over a set of possible spatial congurations for classication tasks. This is a better representation than the SP, but it is still far from \u2018reality\u2019. In real images the instances of an object class can have multiple and quite different appearances depending on the point of view, pose and specic object that are instantiated in the picture. Whereas, the method of [2] assumes that a single classication model can represent all the instances of a given object class. Furthermore, it has been shown that there is a strong correlation between the object and its background [20] (everything that is not the object of interest) and this can be used to better distinguish a certain class from the others.",
                    "embedding": null,
                    "h": null,
                    "parent": {
                        "py/id": 6
                    },
                    "py/object": "tree.TextTree"
                },
                {
                    "c": null,
                    "children": [],
                    "content": "In this sense, we propose an object classication method that better handles the complexity of real images by jointly learning and localizing not only the object, but also its constituent parts as well as the background. Similar to the \u2018Recongurable Bag of Words\u2019(RBOW) [18], where a scene is modeled as a composition of multiple constituent parts, in this work we consider the object of interest as a composition of parts that can be placed together to better model its visual appearance (see Fig.1). It should be noted that the term \u2018part\u2019 does not necessarily correspond to a functional unit of an object such as wheel, handle bar of a bicycle. Furthermore, once the object (or foreground) is localized we also model the background as a composition of constituent parts. Finally, to enforce coherence in the models and better cope with appearance noise, we also learn pairwise relationships between adjacent parts (e.g. wheels next to eachother for a bicycle). This permits us to avoid unlikely part congurations and therefore to avoid false positives due to \u2018hallucinated\u2019 recognitions.",
                    "embedding": null,
                    "h": null,
                    "parent": {
                        "py/id": 6
                    },
                    "py/object": "tree.TextTree"
                },
                {
                    "c": null,
                    "children": [],
                    "content": "In spite of the seemingly high complexity of the model that needs to be learned from weak supervision, we show that we can formulate the problem as an instance of a latent SVM (LSVM) [26]. It is known that learning a classier with latent parameters is a non-convex optimization problem and thus it is quite sensitive to initialization. Considering that only the image label is given (no bounding box nor segmentation) in combination with numerous latent parameters of our expressive model, the initialization has a crucial role to proceed to an effective learning. In this paper, we propose a novel strategy to initialize the latent parameters that nds the most discriminative background groupings and improves the classication.",
                    "embedding": null,
                    "h": null,
                    "parent": {
                        "py/id": 6
                    },
                    "py/object": "tree.TextTree"
                },
                {
                    "c": null,
                    "children": [],
                    "content": "In summary, the main contributions of the paper are (i) an expressive object image representation that models the relationship between foreground and background regions for enhanced classication and (ii) a novel strategy to initialize the latent parameters that enables an effective learning in a weakly supervised setting. We empirically show through several experiments on PASCAL VOC 2007 [8] that the learned models improve the previous state-of-theart and therefore may very well be a better representation of real images.",
                    "embedding": null,
                    "h": null,
                    "parent": {
                        "py/id": 6
                    },
                    "py/object": "tree.TextTree"
                },
                {
                    "c": null,
                    "children": [],
                    "content": "The remainder of the paper is structured as follows. Section 2 relates our method to previous work. Section 3 formulates the inference of the latent variables and the learning procedure of the latent SVM model. Section 4 discusses different initialization strategies. Section 5 describes and discusses the results on the VOC 2007 dataset [8] and section 6 concludes the paper.",
                    "embedding": null,
                    "h": null,
                    "parent": {
                        "py/id": 6
                    },
                    "py/object": "tree.TextTree"
                }
            ],
            "content": "1. Introduction",
            "embedding": null,
            "h": null,
            "parent": {
                "py/id": 0
            },
            "py/object": "tree.TextTree"
        },
        {
            "c": null,
            "children": [
                {
                    "c": null,
                    "children": [],
                    "content": "In the literature, numerous works [13, 16, 2, 17, 20] have explored the idea of using spatial information for object classication. Spatial pyramids [13] make use of the spatial information by dividing images into uniform regions and describe each region with a bag of words (BoW). Kumar et al. [12] and Bilen et al. [2] have shown that the choice of subregions in spatial pyramids can be further customized and optimized on image level to have better classication performance. Russakovsky et al. [20] propose a complementary object centric background model to boost the classication performance by using context information around the foreground. However, these approaches have limited power to deal with signicant variability in appearances and views within the same object class.",
                    "embedding": null,
                    "h": null,
                    "parent": {
                        "py/id": 28
                    },
                    "py/object": "tree.TextTree"
                },
                {
                    "c": null,
                    "children": [],
                    "content": "Work closely related to ours is the recongurable bag of words (RBOW) approach [18] that models a scene as a composition of multiple constituent parts. Similarly, we also consider the object of interest and the background regionsas a composition of parts that can be placed together to better model visual appearance. Whereas the RBOW method focuses on scene classication, we tailor our method for object classication tasks. The fundamental difference between the two tasks is that in the latter one the foreground (object itself) usually has less variability in terms of appearance and includes more discriminative features than the background. Using background regions still helps to improve object classication performance but they need to be modeled separately from the foreground. We validate this claim experimentally in Section 5. This issue does not arise in scene classication, since there is no clear distinction between regions as being foreground or background. For our object classication task we propose an object centric approach. In this approach the position of the foreground regions automatically denes the background regions around it. Moreover, we enforce coherence between the adjacent foreground-foreground, background-background and foreground-background regions by learning their pairwise relationship and show that it is more robust against appearance noise. Similar to the RBOW method, Yakhnenko et al. [25] represent images as a collection of regions. Yet they use only two region labels to represent foreground and background, and assume that all the parts of the objects can be represented by one foreground region model, while we solve the challenging task of capturing multiple foreground and background appearances.",
                    "embedding": null,
                    "h": null,
                    "parent": {
                        "py/id": 28
                    },
                    "py/object": "tree.TextTree"
                },
                {
                    "c": null,
                    "children": [],
                    "content": "Context has also been used in [10, 5, 6, 1] for object detection. In [5, 6], the authors exploit the spatial interactions between object instances and in [10] the foregroundbackground relation is explored. Alexe et al. [1] propose to use context information to reduce the number of candidate object windows. These methods require bounding box annotations of the training images however, while our approach asks only for image-level class labels.",
                    "embedding": null,
                    "h": null,
                    "parent": {
                        "py/id": 28
                    },
                    "py/object": "tree.TextTree"
                }
            ],
            "content": "2. Related Work",
            "embedding": null,
            "h": null,
            "parent": {
                "py/id": 0
            },
            "py/object": "tree.TextTree"
        },
        {
            "c": null,
            "children": [
                {
                    "c": null,
                    "children": [],
                    "content": "We want to learn a binary classier (class vs. non-class) that estimates for each image the location of the foreground as well as the constituent parts of the foreground and background. The training happens in a weakly supervised setting, as only the class-label of an image is given. Only a single object of the target class and therefore a single foreground window is supposed to be present in the image.",
                    "embedding": null,
                    "h": null,
                    "parent": {
                        "py/id": 36
                    },
                    "py/object": "tree.TextTree"
                },
                {
                    "c": null,
                    "children": [],
                    "content": "Fig. 2 illustrates the image representation that is used in this paper. We represent each image x as a collection of foreground (drawn in green) and background regions (drawn in orange) (ri). We uniformly split the region inside the given foreground window (o) (drawn in cyan) into four foreground regions {r1, r2, r3, r4}. The foreground window provides a natural split for the eight background regions {r5, . . . , r12} such as bottom-left, top-right, etc. relative to o. The spatial arrangement of all foreground and background",
                    "embedding": null,
                    "h": null,
                    "parent": {
                        "py/id": 36
                    },
                    "py/object": "tree.TextTree"
                },
                {
                    "c": null,
                    "children": [],
                    "content": "Figure 2. Diagram of a possible spatial conguration: It depicts the full conguration with all the foreground r1, . . . , r4 and the background regions r5, . . . , r12. The foreground window o, drawn in cyan, separates the foreground and background regions.regions can thus be parameterized through the specication of the single foreground window o \u2208 O, where O is the set of possible image windows in an image. Each region ri is represented by a region label from a pool of appearances or models. We use li (from a discrete label set L) to specify the selected label for the region ri. We have two independent pools of region labels for foreground and background as illustrated in Fig. 1 and we learn a region model for each region label.",
                    "embedding": null,
                    "h": null,
                    "parent": {
                        "py/id": 36
                    },
                    "py/object": "tree.TextTree"
                },
                {
                    "c": null,
                    "children": [],
                    "content": "We formulate the learning problem in two steps. The rst step is inference, which nds the conguration of the foreground and background regions that maximizes a scoring function. The second is the learning step, which trains a model given a set of images and their class labels. We detail the two procedures in the following sections. Note that, as we are using a discriminative setting, learning will make use of the inference step.",
                    "embedding": null,
                    "h": null,
                    "parent": {
                        "py/id": 36
                    },
                    "py/object": "tree.TextTree"
                },
                {
                    "c": null,
                    "children": [],
                    "content": "The inference problem of our method is to nd a prediction rule that infers a class label y \u2208 {\u22121, +1} for a previously unseen image x using a learned discriminatively trained model parameter vector w:where fw(x, y) is the discriminant function trained to give a high score if the image x belongs to class y. Moreover, we use an image window (o) to divide an image into foreground and background regions (ri) (Fig. 2). We also assign a region label (li) to each region ri. These parameters (location of o and region labels li) dene the conguration of the image and are considered as latent variables, because the ground truth annotation of them is not available. As we use a linear model, the discriminant function fw(x, y) with the latent variables h can be rewritten as:where \u03c8(x, y, h) is the joint feature vector in the LSVM formulation [26] and h = (o, l1, . . . , lM) contains the conguration of latent variables. M denotes the total number of foreground and background regions in an image and is 12 in our case. For y = \u22121 we dene fw(x, y = \u22121) = 0 as in [3]. For y = +1, the window o and region labels li are obtained as the best conguration of foreground and background regions:",
                    "embedding": null,
                    "h": null,
                    "parent": {
                        "py/id": 36
                    },
                    "py/object": "tree.TextTree"
                },
                {
                    "c": null,
                    "children": [],
                    "content": "Now, we introduce pairwise costs Cri,rj,li,lj that dene the compatibility between the chosen labels li, lj of adjacent regions ri, rj with (i, j) \u2208 \u03b5, the set of connected region pairs. The new discriminant function is:fw(x, y = +1) = max o,l",
                    "embedding": null,
                    "h": null,
                    "parent": {
                        "py/id": 36
                    },
                    "py/object": "tree.TextTree"
                },
                {
                    "c": null,
                    "children": [],
                    "content": "The discriminant function (4) allows us to dene the LSVM parameter vector w and the joint feature map \u03c8(x, y, h) in Eq.(2). The learned parameter vector w is now a concatenation of the bias parameters Afg , ri,li the appearance parameters Bfg and the pairwise pali rameters Cri,rj,li,lj. Having the parameter vector w, we design the joint feature vector \u03c8(x, h) for a given class yand conguration h as follows: When the class y is present (y = 1) in the image, \u03c6(x, o, ri) is positioned at the corresponding location of the label li for each region ri. When the class is not present y = \u22121 in the image x, we set all elements of the feature map vector \u03c8(x, y, h) to zero. Note that this does not mean that the negative images are not used during training. As shown in the next section, our learning procedure enforces the highest response from a negative image to be lower than 0 and the one from a positive image to be greater than 0 with a margin. 3.2. Learning",
                    "embedding": null,
                    "h": null,
                    "parent": {
                        "py/id": 36
                    },
                    "py/object": "tree.TextTree"
                },
                {
                    "c": null,
                    "children": [],
                    "content": "Given a set of training samples X = {x1, . . . , xn} and their labels Y = {y1, . . . , yn}, where each yi \u2208 {\u22121, 1} (i = 1, . . . , n), we learn a linear SVM model w to predict the class label of an unseen example. We also use the latent parameters H = {h1, . . . , hn} to select the image windows o that specify the spatial conguration, and labels l that explain the resulting foreground and background regions best. The region labels l correspond to those introduced in Section 3.1. To jointly learn the SVM model and latent parameters, we follow the latent SVM formulation of [26]:n(cid:88) (cid:20) +\u2206(yi, \u02c6yi)(cid:3) \u2212 maxwhere C is the regularization parameter and \u2206(yi, \u02c6yi) is the 0 \u2212 1 loss function \u2206(yi, \u02c6yi) = 1 if \u02c6yi (cid:54)= yi, and else 0. We refer to [26] for more details.",
                    "embedding": null,
                    "h": null,
                    "parent": {
                        "py/id": 36
                    },
                    "py/object": "tree.TextTree"
                }
            ],
            "content": "3. Inference and Learning",
            "embedding": null,
            "h": null,
            "parent": {
                "py/id": 0
            },
            "py/object": "tree.TextTree"
        },
        {
            "c": null,
            "children": [
                {
                    "c": null,
                    "children": [],
                    "content": "The success of our method relies on learning discriminative appearance models that can represent a wide range of variability in the appearance and spatial conguration of foreground and background regions. In other words, each foreground and background model should be distinctive and at the same time general enough to appear in a number of images. We use the LSVM framework to train those models and relations in a discriminative way. The BoW representation with a linear SVM model has many degrees of freedom and is thus usually able to learn a classier with an arbitrary latent conguration and small training error by over-tting on the training set. Here, the initialization of parameters for the optimization plays an important role to learn discriminative background and foreground models. One can set the parameter vector w or the latent parameters hi for each sample i to initialize the optimization. In our experiments, we prefer to initialize the latent variables, since setting w with an arbitrary norm (i.e. (cid:107)w(cid:107)) may introduce stability problems or biases.",
                    "embedding": null,
                    "h": null,
                    "parent": {
                        "py/id": 54
                    },
                    "py/object": "tree.TextTree"
                },
                {
                    "c": null,
                    "children": [],
                    "content": "In practice we nd that our optimization algorithm is more sensitive to different initialization strategies for background regions than for foreground ones. This can be explained by the fact that background regions carry more variation in appearance than foreground. Therefore, we focus on the initialization of background regions. For the foreground regions, we use a xed initialization strategy by assigning a particular region label to each foreground region (i.e. ri \u2190 li for i \u2208 {1, 2, 3, 4}). Moreover, we use the localization result of our model without any background regions (denoted as LOC) as in [2] to set our initial window (o) for each image. The regions inside and outside of those windows are considered as foreground and background regions respectively.",
                    "embedding": null,
                    "h": null,
                    "parent": {
                        "py/id": 54
                    },
                    "py/object": "tree.TextTree"
                },
                {
                    "c": null,
                    "children": [],
                    "content": "A naive initialization strategy is to assign a particular region label to each background region depending on its location, as done for the foreground regions. However, in our experiments, we found that this prevents changes in the latent parameters during the following optimization iterations. A better strategy is to train an exemplar classier, such as exemplar SVM [15], for each background region in positive images. Then, we test the trained exemplar classiers on the validation set, choose the most discriminating ones and use them to label background regions. However, training thousands of linear SVMs is computationally expensive. Therefore, we propose to use a simpler linear classication method, linear discriminant analysis (LDA). LDA has a shorter training time and comparable performance, as shown in [9].",
                    "embedding": null,
                    "h": null,
                    "parent": {
                        "py/id": 54
                    },
                    "py/object": "tree.TextTree"
                },
                {
                    "c": null,
                    "children": [],
                    "content": "In order to initialize the latent parameters in the trainingset, we use the following procedure:",
                    "embedding": null,
                    "h": null,
                    "parent": {
                        "py/id": 54
                    },
                    "py/object": "tree.TextTree"
                }
            ],
            "content": "4. Initialization of Latent Parameters",
            "embedding": null,
            "h": null,
            "parent": {
                "py/id": 0
            },
            "py/object": "tree.TextTree"
        },
        {
            "c": null,
            "children": [],
            "content": "1. Training an LDA classier requires the computation of the covariance matrix SW and mean m\u2212 of negative background regions.",
            "embedding": null,
            "h": null,
            "parent": {
                "py/id": 0
            },
            "py/object": "tree.TextTree"
        },
        {
            "c": null,
            "children": [],
            "content": "2. We run the LOC method on the training set to initialize foreground windows (o). This automatically denes the locations of foreground and background regions.",
            "embedding": null,
            "h": null,
            "parent": {
                "py/id": 0
            },
            "py/object": "tree.TextTree"
        },
        {
            "c": null,
            "children": [],
            "content": "3. We encode each background region (rj) in each positive image (xi) with LLC [24], denote it as (pij) and learn a LDA classier \u03b8ij: \u03b8ij \u221d SW",
            "embedding": null,
            "h": null,
            "parent": {
                "py/id": 0
            },
            "py/object": "tree.TextTree"
        },
        {
            "c": null,
            "children": [],
            "content": "4. In order to prevent very similar background regions to be chosen, we compute the cosine similarity angle between learned LDA classier pairs and remove similar ones with a threshold of 0.4.",
            "embedding": null,
            "h": null,
            "parent": {
                "py/id": 0
            },
            "py/object": "tree.TextTree"
        },
        {
            "c": null,
            "children": [],
            "content": "5. To pick the best N LDA classiers, we use an SVM with a L1 regularization which encourages sparsity among the learned weights. Brie\ufb02y, we describe each background region with a K-dimensional vector that",
            "embedding": null,
            "h": null,
            "parent": {
                "py/id": 0
            },
            "py/object": "tree.TextTree"
        },
        {
            "c": null,
            "children": [],
            "content": "6. We test these classiers on background regions of positive images and assign each region to the best scoring classier.",
            "embedding": null,
            "h": null,
            "parent": {
                "py/id": 0
            },
            "py/object": "tree.TextTree"
        },
        {
            "c": null,
            "children": [
                {
                    "c": null,
                    "children": [],
                    "content": "In this section, we rst give the details of the experimental benchmark and implementation. We then show and discuss the effect of each component in our model.",
                    "embedding": null,
                    "h": null,
                    "parent": {
                        "py/id": 76
                    },
                    "py/object": "tree.TextTree"
                },
                {
                    "c": null,
                    "children": [],
                    "content": "Dataset. We evaluate on the challenging PASCAL VOC 2007 [8]. It contains 9,963 images split into training, validation and test sets. The images are labeled with twenty classes. We learn a one-vs.-rest classier for each class and report the average precision for each class as well as the mean AP (mAP) which is the mean of AP values from each of the classiers.",
                    "embedding": null,
                    "h": null,
                    "parent": {
                        "py/id": 76
                    },
                    "py/object": "tree.TextTree"
                },
                {
                    "c": null,
                    "children": [],
                    "content": "Implementation Details. We extract dense SIFT features [14] by using the vl phow function from the VLFeat toolbox [23]. We apply K-means to 200,000 randomly sampled descriptors from the training images to form the visual codebook. The computed visual words are then used to build up the descriptors using LLC coding and max pooling [24]. The codebook size is 8192. The encoded feature vectors for foreground and background are normalized to have L2 norm 1 and 0.1 respectively. This normalization strategy forces the SVM model parameters to be regularized more strictly for the ones that correspond to background. This gives more importance to the foreground representation and it has a positive impact on the nal classier accuracy. Spatial Pyramid. Our baseline is a BoW implementation with a 1 \u00d7 1, 2 \u00d7 2 spatial pyramid with LLC coding. In Table 1 this method is denoted by (1) and it obtains a mAP of 54.7%. Notice that the score is obtained by using a single feature and sparse coding. Using multiple features (e.g. LBP, HOG) and a better encoding (e.g. sher kernels) should improve the baseline as well as any row of the table because our contributions are orthogonal to those.",
                    "embedding": null,
                    "h": null,
                    "parent": {
                        "py/id": 76
                    },
                    "py/object": "tree.TextTree"
                },
                {
                    "c": null,
                    "children": [],
                    "content": "Localization. This conguration is a re-implementation of [2] using the \u2018crop-uni-split\u2019 operation which employs a bounding box with a single layer of spatial pyramid. For each image, a latent window is used to localize the object of interest. We use a coarse 8\u00d7 8 grid to spatially quantize the images and this produces 1296 unique conguration for the foreground window o. The regularization parameter C is set to 106 for training of all classiers. As shown in Table 1 conguration (2), the latent localization of the object of interest is a fruitful strategy, and improves over the baselineaeroplane bicycle bird boat bottle bus car cat chair cow diningtable dog horse motorbike person pottedplant sheep sofa train tvx x x x 59.3 74.2 65.5 50.0 67.2 26.9 65.2 80.2 63.4 53.9 49.5 52.4 47.6 77.4 68.5 83.7 27.2 46.6 55.6 75.6 54.4",
                    "embedding": null,
                    "h": null,
                    "parent": {
                        "py/id": 76
                    },
                    "py/object": "tree.TextTree"
                },
                {
                    "c": null,
                    "children": [],
                    "content": "Table 1. The classication results in terms of AP on PASCAL VOC 2007 for different congurations of our method. LOC, MFG, MBG and CRF denote localization, mixture of foreground models, mixture of background models and conditional random elds respectively.",
                    "embedding": null,
                    "h": null,
                    "parent": {
                        "py/id": 76
                    },
                    "py/object": "tree.TextTree"
                },
                {
                    "c": null,
                    "children": [],
                    "content": "SP in most of the categories. This method increases the mAP over the SP by around 2 points.",
                    "embedding": null,
                    "h": null,
                    "parent": {
                        "py/id": 76
                    },
                    "py/object": "tree.TextTree"
                },
                {
                    "c": null,
                    "children": [],
                    "content": "Multiple Appearances. In Table 1, congurations (3) and (4) correspond to our multiple models for foreground and background respectively. The introduction of multiple models for both foreground and background result in a similar improvement of around 1 point each. For background we use the initialization based on LDA as explained in Section 4. In our preliminary experiments we have noticed that the best performance is obtained by using the same number of models as the number regions. Thus we learn 4 foreground models and 8 background models.",
                    "embedding": null,
                    "h": null,
                    "parent": {
                        "py/id": 76
                    },
                    "py/object": "tree.TextTree"
                },
                {
                    "c": null,
                    "children": [],
                    "content": "Pairwise Compatibility. On top of the previous conguration we add the pairwise costs dened in Section 3 and denote this setting as (6) in Table 1. These additional costs enforce coherency between adjacent regions and therefore help to produce a more consistent representation of the scene. The overall benet of the pairwise costs is 1.1 percent and certain classes show a substantial improvement (e.g. bicycle +2.0, cat +3.0, cow +3.1, dog +4.2, motorbike +2.0, sheep +1.8).",
                    "embedding": null,
                    "h": null,
                    "parent": {
                        "py/id": 76
                    },
                    "py/object": "tree.TextTree"
                },
                {
                    "c": null,
                    "children": [],
                    "content": "We also evaluate the effect of modeling foreground and background separately without localizing the foreground. A similar setting has been used in [18] for a scene classication task where there is no distinction between foreground and background. In practice, for this conguration (denotedas (5) in Table 1) we use a xed window o at the center of the images to divide the image into 9 equal regions. We let each of these regions (ri) to choose the best region label (li) considering also the pairwise constraints. In this case the mAP is 55.8% and the increment with respect to the SP is only 1.4, whereas with localization the increment is 5.2 points. This indicates that the localization of the object of interest also helps to produce better region models and it is therefore crucial for a good object classication system. We also visualize the estimated latent variables for the full conguration in Fig. 4 and show that we can obtain semantically meaningful results.",
                    "embedding": null,
                    "h": null,
                    "parent": {
                        "py/id": 76
                    },
                    "py/object": "tree.TextTree"
                },
                {
                    "c": null,
                    "children": [],
                    "content": "Latent Initialization.We compare the initialization strategy based on LDA, which is explained in Section 4, with the xed initialization, where each region ri depending on its index value (i) is assigned to a label li. In case of xed initialization the number of models should be equal to the number of regions. Therefore, in order to provide a fair comparison, we also use 4 foreground and 8 background models (with the pairwise connections in both settings) for the LDA. We obtain 58.1% mAP for the xed initialization, while the LDA based strategy achieves 59.3% (Table 1, conguration (6)) with a net improvement of 1.2.",
                    "embedding": null,
                    "h": null,
                    "parent": {
                        "py/id": 76
                    },
                    "py/object": "tree.TextTree"
                },
                {
                    "c": null,
                    "children": [],
                    "content": "To further analyze our initialization strategy and latent learning, we set an additional baseline experiment by initializing the foreground windows with the ground truth bounding boxes. We adapt the annotated boxes to an 8 \u00d7 8 grid by quantizing their coordinates. In the case of multiple instances of the same object in an image, we pick the one with the bigger area. Initializing the foreground window with the ground truth ones achieves 59.5% mAP and improves only 0.2% over the weakly supervised case. This shows that our classiers achieve a comparably good performance and learn well with latent localization.",
                    "embedding": null,
                    "h": null,
                    "parent": {
                        "py/id": 76
                    },
                    "py/object": "tree.TextTree"
                },
                {
                    "c": null,
                    "children": [],
                    "content": "Comparison to Similar Methods. We also compare our best conguration, (6) to the reported results of the most related work [4] (LLC(25k)) and [20] (OCP) that also use a single type of local feature, SIFT and DHOG respectively. The rst column (LLC(25k)) of Table 2 shows the result obtained by using a SP, LLC encoding with 25,000 visual words and approximated chi square kernel and a 1\u00d7 1, 2\u00d7 2, 3\u00d7 1 spatial pyramid. Even though this setting uses a bigger codebook and a non-linear kernel, our model is still better. The second column (OCP) reports the results of [20]. This method also localizes the object of interest and represents the background. However, it is still 2.1 points below our best conguration. This shows that using multiple models and pairwise costs really helps to boost classication.",
                    "embedding": null,
                    "h": null,
                    "parent": {
                        "py/id": 76
                    },
                    "py/object": "tree.TextTree"
                },
                {
                    "c": null,
                    "children": [],
                    "content": "Image Retrieval with Semantic Similarity. In addition to inferring a class label, our method also divides the image into regions and assigns a label to each image region. We claim that these labels provide a coarse semantic levelmethod LLC(25k) [4] OCP [20] Our Method (6) method LLC(25k)[4] OCP[20] Our Method (6)plane 72.4 74.2 74.2 table 51.1 54.8 52.4bicycle 62.2 63.1 65.5 dog 43.2 45.4 47.6bird 47.3 45.1 50.0 horse 76.7 76.3 77.4boat 68.9 65.9 67.2 mbike 67.1 67.1 68.5bottle 25.8 29.5 26.9 person 83.5 84.4 83.7bus 64.0 64.7 65.2 plant 27.7 21.8 27.2car 77.3 79.2 80.2 sheep 44.9 44.3 46.6cat 59.8 61.4 63.4 sofa 52.8 48.8 55.6chair 54.3 51.0 53.9 train 76.0 70.7 75.6cow 46.0 45.0 49.5 tv 52.5 51.7 54.4",
                    "embedding": null,
                    "h": null,
                    "parent": {
                        "py/id": 76
                    },
                    "py/object": "tree.TextTree"
                },
                {
                    "c": null,
                    "children": [],
                    "content": "Table 2. Comparison with the most related published results on the PASCAL VOC 2007, LLC (25k) [4] and OCP [20]. Our method outperforms other related methods in most of the classes and also in mean average precision.representation of the image. In this part we test our method on retrieval of similar content for a given query image on VOC07. We show preliminary qualitative results in Fig. 3. We run our classiers trained for the conguration (6) on the test images of VOC07 dataset and use the inferred foreground and background region labels to describe each image. We randomly pick a query image and compute the Hamming distance between the labels of the query and the test images and rank their distance to the query. As a baseline we evaluate a SP representation only on the images that are from class of the query. We use the cosine similarity between the two normalized histograms to rank related images. Fig. 3 shows that ranking based on SP yields a rather random selection of images from the class, while the ranking based on our method seems to make more sense.",
                    "embedding": null,
                    "h": null,
                    "parent": {
                        "py/id": 76
                    },
                    "py/object": "tree.TextTree"
                },
                {
                    "c": null,
                    "children": [],
                    "content": "Weakly Supervised Detection. Our method outputs, together with the class label, the location of the latent window o that best describes the class. Could this additional information be used for detection? In our common conguration the classiers use a rough localization (i.e. a grid with 8\u00d7 8 cells with a minimum 2 \u00d7 2 foreground size) that ensures good classication results while being computationally efcient, but it is too coarse for accurate localization (e.g. 50% intersection over union). To arrive at more accurate localization, we replace the coarse windows generated by the grid with a set of windows based on [22]. We use a ner subdivision into 3 \u00d7 3 foreground regions since a ner grid leads to better localization.",
                    "embedding": null,
                    "h": null,
                    "parent": {
                        "py/id": 76
                    },
                    "py/object": "tree.TextTree"
                },
                {
                    "c": null,
                    "children": [],
                    "content": "We train our detectors on those windows for two settings, LOC and our full model (6). While LOC obtains 15.6% mAP on the testing split of the VOC07 dataset, cong.(6) yields 16.6% mAP i.e. a net improvement of 1%. This shows that our method cannot only improve classication, but also detection. With these results, we also outperform [21, 20] who report weakly supervised detection results on Pascal VOC 2007 of 15.0% and 13.9% respectively.",
                    "embedding": null,
                    "h": null,
                    "parent": {
                        "py/id": 76
                    },
                    "py/object": "tree.TextTree"
                },
                {
                    "c": null,
                    "children": [],
                    "content": "Computational Cost. The running time of the LSVM experiments is dominated by inference of the best conguration for each image (e.g. including all possible windows and all possible background models). The training of each class-specic classier for the full conguration (6) on the VOC 2007 dataset took 4 hours on a 12 CPU machine. The typical inference time for an image is 5 seconds.",
                    "embedding": null,
                    "h": null,
                    "parent": {
                        "py/id": 76
                    },
                    "py/object": "tree.TextTree"
                },
                {
                    "c": null,
                    "children": [],
                    "content": "Figure 4. Examples of latent variables for different classes of VOC07. The cyan bounding box represents the localized object of interest. The other bounding boxes represent the different regions of the image for foreground (inside the object of interest) and background (outside the object of interest). For a certain class, the color of the bounding box represents the inferred region model. Thus, same color means same region model. The examples in the rst row show that \u2018sky\u2019 and \u2018ground\u2019 background regions are consistently labeled with a particular model. In the second row, faces and upper body of people are assigned to different foreground models. In the last row, as \u2018bicycle\u2019 is the class of interest, people in the images are assigned to a background region label (li). 6. Conclusion",
                    "embedding": null,
                    "h": null,
                    "parent": {
                        "py/id": 76
                    },
                    "py/object": "tree.TextTree"
                },
                {
                    "c": null,
                    "children": [],
                    "content": "In this paper we have introduced a new semantic representation of an image based on latent variables that can improve the object classication accuracy without requiring any additional annotation. With an incremental evaluation of each characteristic of our model on the challenging Pascal VOC 2007, we have shown that localizing the object of interest in the image is important as well as properly representing the multi-modal appearance of the object and its background. Furthermore, additional accuracy can be obtained by learning and enforcing pairwise costs between the neighboring regions. Altogether our model is able to achieve a gain of 4.6 points over the standard SP without any additional images, low-level features or annotations.",
                    "embedding": null,
                    "h": null,
                    "parent": {
                        "py/id": 76
                    },
                    "py/object": "tree.TextTree"
                },
                {
                    "c": null,
                    "children": [],
                    "content": "Acknowledgments: This work is supported by the EU Project FP7 AXES ICT-269980.",
                    "embedding": null,
                    "h": null,
                    "parent": {
                        "py/id": 76
                    },
                    "py/object": "tree.TextTree"
                },
                {
                    "c": null,
                    "children": [],
                    "content": "Figure 3. Sample retrieval images obtained by using the image representation of conguration (6) (Ours) and spatial pyramid (SP). Our method makes use of the latent labels assigned at inference to retrieve semantically similar images. References [1] B. Alexe, N. Heess, Y. W. Teh, and V. Ferrari. Searching for objectssvms for object detection and beyond. In ICCV, 2011. 5driven by context. In NIPS, pages 890\u2013898, 2012. 3structured output regression. In ECCV, 2008. 2, 4multi-class object layout. In ICCV 2009, pages 229\u2013236, 2009. 3object categorization. In ICCV 2011, pages 1792\u20131799, 2011. 1things. In ECCV 2008, pages 30\u201343. 2008. 3ergy minimization. TPAMI, 28(10):1568\u20131583, 2006. 4variable models. In NIPS, pages 1189\u20131197, 2010. 2vised object localization with deformable part-based models. ICCV, pages 1307\u20131314, 2011. 2with model drift detection. In ICCV, pages 343\u2013350, 2011. 7variables. In ICML, pages 1169\u20131176, 2009. 2, 4",
                    "embedding": null,
                    "h": null,
                    "parent": {
                        "py/id": 76
                    },
                    "py/object": "tree.TextTree"
                },
                {
                    "c": null,
                    "children": [],
                    "content": "Image classication using super-vector coding of local image descriptors. In ECCV 2010, pages 141\u2013154. 2010. 1, 2",
                    "embedding": null,
                    "h": null,
                    "parent": {
                        "py/id": 76
                    },
                    "py/object": "tree.TextTree"
                }
            ],
            "content": "5. Experiments",
            "embedding": null,
            "h": null,
            "parent": {
                "py/id": 0
            },
            "py/object": "tree.TextTree"
        }
    ],
    "content": "Object Classication with Adaptable Regions",
    "embedding": null,
    "h": null,
    "parent": null,
    "py/object": "tree.TextTree"
}