{
    "c": null,
    "children": [
        {
            "c": null,
            "children": [
                {
                    "c": null,
                    "children": [],
                    "content": "Alignment of 3D objects from 2D images is one of the most important and well studied problems in computer vision. A typical object alignment system consists of a landmark appearance model which is used to obtain an initial shape and a shape model which renes this initial shape by correcting the initialization errors. Since errors in landmark initialization from the appearance model propagate through the shape model, it is critical to have a robust landmark appearance model. While there has been much progress in designing sophisticated and robust shape models, there has been relatively less progress in designing robust landmark detection models. In this paper we present an efcient and robust landmark detection model which is designed specically to minimize localization errors thereby leading to state-of-the-art object alignment performance. We demonstrate the efcacy and speed of the proposed approach on the challenging task of multi-view car alignment.",
                    "embedding": null,
                    "h": null,
                    "parent": {
                        "py/id": 2
                    },
                    "py/object": "tree.TextTree"
                }
            ],
            "content": "Abstract",
            "embedding": null,
            "h": null,
            "parent": {
                "py/id": 0
            },
            "py/object": "tree.TextTree"
        },
        {
            "c": null,
            "children": [
                {
                    "c": null,
                    "children": [],
                    "content": "Fitting a shape or a template to a given image is one of the most important and well studied problems in computer vision where the object shape is typically dened by a set of landmarks. The ability to accurately align shape models of deformable objects is critical for a variety of applications like object detection and recognition, object tracking, 3D scene modeling etc. A typical approach for shape tting involves a local landmark appearance model which generates a likelihood map for that landmark and a deformable shape model which ts a shape to the landmark likelihood maps. There has been much progress in designing parametrized deformable shape models over the past two decades. In their seminal paper Cootes et al. introduced one of the most successful alignment models, Active Shape Models [5], where the object shape, as represented by a set of landmark points, is modeled by a Gaussian point distribution. As an extension Zhou et.al., [23] proposed a Bayesian Tangent Shape Model (BTSM) where both the object pose and the shape",
                    "embedding": null,
                    "h": null,
                    "parent": {
                        "py/id": 6
                    },
                    "py/object": "tree.TextTree"
                },
                {
                    "c": null,
                    "children": [],
                    "content": "Figure 1. A comparison between two different appearance models used with the same shape model for the task of car alignment. Top Row: car alignment with a random forest based landmark appearance model. Bottom Row: car alignment with the proposed landmark detector.deformation are estimated iteratively using the EM algorithm. introduced a robust version of BTSM to handle outliers and gross landmark detection errors. Other notable shape matching models include Active Appearance Models [3], Pictorial Structures [10] and Constrained Local Models [6][19].",
                    "embedding": null,
                    "h": null,
                    "parent": {
                        "py/id": 6
                    },
                    "py/object": "tree.TextTree"
                },
                {
                    "c": null,
                    "children": [],
                    "content": "The goal of the appearance model is to provide an initial shape for the alignment algorithm. Due to background clutter and substantial variations in color and pose, capturing the local appearance can be quite challenging. Discriminative feature representations in conjunction with discriminative classiers can provide robustness against these challenges. Many different feature representations have been used in the literature for the purpose of landmark detection. Notable examples include Gabor wavelets [12], Haar wavelets [25][4] and Histogram of Oriented Gradients (HOG) [7][24][13] features. The choice of the feature representation used to represent the landmarks critically affects the performance of the landmark detector. We use HOG features to represent the local appearance of the landmarks since they have been known to perform well on a variety of detection tasks [18][9]. Additionally many discriminative appearance models like Support Vector Machines (SVMs) [24][21], RankBoost [22], FisherBoost [20], Random Forests (RFs) [13][4] have been proposed in the literature to detect landmarks in images. However, most ofthese methods are generic discriminative models i.e., none of them are specically designed for the task of landmark localization. Correlation lters (CFs) are another class of template based linear classiers which are designed to minimize localization errors in addition to discriminating between the target object and the background and as such are well suited to the task of landmark detection. While many different correlation lter designs exist [14][2] they have been traditionally designed to be used with scalar feature representations only. In this paper, we present a vector feature based extension to the scalar feature based unconstrained correlation lters [15][1]. The proposed vector correlation lter (VCF) with HOG features can accommodate signicant within-class variations while being discriminative against background clutter. We demonstrate that VCFs are fast and accurate landmark detectors and can provide robust object alignment when used in conjunction with point based shape models (see Fig. 1 for a comparison between a VCF and RF based landmark detector for the same shape model). We also show that VCFs outperform other popular landmark detectors based on SVMs and RFs leading to state of the art object alignment accuracy.",
                    "embedding": null,
                    "h": null,
                    "parent": {
                        "py/id": 6
                    },
                    "py/object": "tree.TextTree"
                }
            ],
            "content": "1. Introduction",
            "embedding": null,
            "h": null,
            "parent": {
                "py/id": 0
            },
            "py/object": "tree.TextTree"
        },
        {
            "c": null,
            "children": [
                {
                    "c": null,
                    "children": [],
                    "content": "Traditionally the focus of most research on object alignment models has been on improving the shape models. Many shape models have been proposed to account for and be robust to ever larger errors made by the appearance models. However, large gains in object alignment performance can also be had from designing more robust appearance models which also results in the shape models having to contend with lower noise levels, thereby improving their performance. We now describe the proposed landmark appearance model and the shape model that we use for the task of object alignment. 2.1. Appearance Model",
                    "embedding": null,
                    "h": null,
                    "parent": {
                        "py/id": 14
                    },
                    "py/object": "tree.TextTree"
                },
                {
                    "c": null,
                    "children": [],
                    "content": "The primary task of the appearance model is to serve as an initialization for the landmark search and as such requires very good localization performance. Although RFs and SVMs are widely used to design discriminative appearance models, they are not explicitly designed for localization and hence are unable to provide high localization accuracy. Correlation lters (CFs) are another class of classiers which are generally designed for high localization performance and are hence better suited to the task of landmark detection. We brie\ufb02y describe CFs for scalar features before we introduce their vector formulation.",
                    "embedding": null,
                    "h": null,
                    "parent": {
                        "py/id": 14
                    },
                    "py/object": "tree.TextTree"
                },
                {
                    "c": null,
                    "children": [],
                    "content": "A CF is a spatial-frequency array (equivalently, a template in the image domain) that is specically designed from aset of training patterns that are representative of a particular pattern class. This template is compared to a query image by obtaining the cross-correlation as a function of the relative shift between the template and the query. For computational efciency this is computed in the spatial frequency domain (u,v), i.e.,",
                    "embedding": null,
                    "h": null,
                    "parent": {
                        "py/id": 14
                    },
                    "py/object": "tree.TextTree"
                },
                {
                    "c": null,
                    "children": [],
                    "content": "C(u, v) = I(u, v)F \u2217(u, v)where I(u, v) is the 2D Fourier transform (FT) of the query pattern and F (u, v) is the CF (i.e., 2D FT of the template) and C(u, v) is the 2D FT of the correlation output c(x, y) with superscript \u2217 denoting the complex conjugate. Since the images and their FTs are discrete-indexed, FT here refers to the discrete Fourier transform (DFT) which is implemented via the Fast Fourier Transform algorithm (FFT). The CFs are usually designed to give a sharp peak at the center of the correlation output plane c(x, y) for a centered authentic query pattern and no such peak for an impostor.",
                    "embedding": null,
                    "h": null,
                    "parent": {
                        "py/id": 14
                    },
                    "py/object": "tree.TextTree"
                },
                {
                    "c": null,
                    "children": [],
                    "content": "The main idea behind correlation lters is to control the shape of the cross-correlation output between the image and the lter by minimizing the average Mean Square Error (MSE) between the cross-correlation output and the ideal desired correlation output for an authentic (or impostor) input image. By explicitly controlling the shape of the entire correlation output, unlike traditional classiers which only control the output value at the target location, CFs achieve more accurate target localization. For N training images the CF design problem is posed as an optimization problem (for notational ease expressions are given for 1-D signals),",
                    "embedding": null,
                    "h": null,
                    "parent": {
                        "py/id": 14
                    },
                    "py/object": "tree.TextTree"
                }
            ],
            "content": "2. Proposed Approach",
            "embedding": null,
            "h": null,
            "parent": {
                "py/id": 0
            },
            "py/object": "tree.TextTree"
        },
        {
            "c": null,
            "children": [],
            "content": "1 N",
            "embedding": null,
            "h": null,
            "parent": {
                "py/id": 0
            },
            "py/object": "tree.TextTree"
        },
        {
            "c": null,
            "children": [],
            "content": "1 N",
            "embedding": null,
            "h": null,
            "parent": {
                "py/id": 0
            },
            "py/object": "tree.TextTree"
        },
        {
            "c": null,
            "children": [],
            "content": "1 N",
            "embedding": null,
            "h": null,
            "parent": {
                "py/id": 0
            },
            "py/object": "tree.TextTree"
        },
        {
            "c": null,
            "children": [],
            "content": "1 N",
            "embedding": null,
            "h": null,
            "parent": {
                "py/id": 0
            },
            "py/object": "tree.TextTree"
        },
        {
            "c": null,
            "children": [],
            "content": "1 N",
            "embedding": null,
            "h": null,
            "parent": {
                "py/id": 0
            },
            "py/object": "tree.TextTree"
        },
        {
            "c": null,
            "children": [
                {
                    "c": null,
                    "children": [],
                    "content": "Note that unlike in Eq. 4 where the matrix to be inverted is a diagonal matrix, the matrix to be inverted in Eq. 10 is a non-diagonal matrix with a block matrix structure where each block is a diagonal matrix. Naively inverting the matrix in Eq. 10 is computationally intensive, however by taking advantage of the unique nature of the matrix, it can be inverted quite efciently by a block-wise matrix inversion. During test time the lter is applied by convolving each feature channel lter with its corresponding feature channel and nally summing up all the feature channel outputs. For computational efciency the convolutions are performed in the frequency domain. 2.2. Shape Model",
                    "embedding": null,
                    "h": null,
                    "parent": {
                        "py/id": 36
                    },
                    "py/object": "tree.TextTree"
                },
                {
                    "c": null,
                    "children": [],
                    "content": "Most approaches model the statistical distribution of the shape parameters so that the observed shape from local landmark detectors can be regularized by a prior model during image tting. The proposed appearance model can be used in conjunction with any of these shape models. For our purposes we use the robust shape model introduced in [13] by Li et.al. due to its ability to handle gross landmark detection errors caused either by partial occlusions or clutter in the background. This model works on the premise that while the object shape is described by multiple landmark points, the actual shape lies in a low-dimensional subspace. Therefore, a small minimal subset of uncorrupted landmarks are sufcient to estimate and hallucinate the full shape (via a Bayesian Partial Shape Inference (BPSI) algorithm, see [13] for details). They adopt a hypothesis and test approach by performing a combinatorial search over",
                    "embedding": null,
                    "h": null,
                    "parent": {
                        "py/id": 36
                    },
                    "py/object": "tree.TextTree"
                },
                {
                    "c": null,
                    "children": [],
                    "content": "Figure 2. Vector Correlation Filter: The outputs of each feature channel are aggregated to compute the nal correlation output which would have a sharp peak at the target location.",
                    "embedding": null,
                    "h": null,
                    "parent": {
                        "py/id": 36
                    },
                    "py/object": "tree.TextTree"
                },
                {
                    "c": null,
                    "children": [],
                    "content": "Traditional correlation lters have been often designed using scalar features (most commonly pixel values) and cannot be directly used with vector features like HOG. We propose an extension of the unconstrained correlation lters described in Eq. 2 to vector valued features (like HOG with K = 36 feature channels). The VCF, consists of one correlation lter per feature channel which are all jointly optimized to minimize the localization loss dened as the l2norm of the difference between the correlation output and the desired ideal correlation output. Since each feature (corresponding to each branch, see Fig. 2 for a pictorial description of VCFs) leads to a peak (at least for the correct object) at the same location the nal output can be obtained by coherently adding all the branch outputs. Therefore the lter design problem can be formulated as,",
                    "embedding": null,
                    "h": null,
                    "parent": {
                        "py/id": 36
                    },
                    "py/object": "tree.TextTree"
                }
            ],
            "content": "1 N",
            "embedding": null,
            "h": null,
            "parent": {
                "py/id": 0
            },
            "py/object": "tree.TextTree"
        },
        {
            "c": null,
            "children": [
                {
                    "c": null,
                    "children": [],
                    "content": "We now pose this minimization problem equivalently in the frequency domain (using Parseval\u2019s Theorem [17]) to derive a closed form expression which in turn lends itself to an efcient solution.",
                    "embedding": null,
                    "h": null,
                    "parent": {
                        "py/id": 46
                    },
                    "py/object": "tree.TextTree"
                }
            ],
            "content": "1 N",
            "embedding": null,
            "h": null,
            "parent": {
                "py/id": 0
            },
            "py/object": "tree.TextTree"
        },
        {
            "c": null,
            "children": [
                {
                    "c": null,
                    "children": [],
                    "content": "The optimization problem in Eq. 6 can be reduced to the following unconstrained quadratic minimization problem,where \u02c6S = \u02c6D + \u03bbI, with I being an identity matrix of appropriate dimensions, and",
                    "embedding": null,
                    "h": null,
                    "parent": {
                        "py/id": 50
                    },
                    "py/object": "tree.TextTree"
                }
            ],
            "content": "1 N",
            "embedding": null,
            "h": null,
            "parent": {
                "py/id": 0
            },
            "py/object": "tree.TextTree"
        },
        {
            "c": null,
            "children": [],
            "content": "1 N",
            "embedding": null,
            "h": null,
            "parent": {
                "py/id": 0
            },
            "py/object": "tree.TextTree"
        },
        {
            "c": null,
            "children": [],
            "content": "1 N",
            "embedding": null,
            "h": null,
            "parent": {
                "py/id": 0
            },
            "py/object": "tree.TextTree"
        },
        {
            "c": null,
            "children": [
                {
                    "c": null,
                    "children": [
                        {
                            "c": null,
                            "children": [],
                            "content": "For each landmark, we extract a 96 \u00d7 96 image patch as the positive sample and negative samples of the same size are extracted uniformly around each landmark. Each of these local patches are further represented by the Histogram of Oriented Gradients (HOG) descriptor. The HOG descriptors are computed over dense and overlapping grids of spatial blocks, with image gradient features extracted at 9 orientations and a spatial bin size of 4 \u00d7 4. The RF (using the author\u2019s implementation from [13]), Linear SVM and VCF are designed using these HOG representations of the patches. To design the VCF, we set the desired correlation output g for the positive samples to a positively scaled Gaussian at the patch center and to a negatively scaled Gaussian for the negative samples i.e., gi(x, y) = where ti = 1 for a positive ti exp patch and ti = \u22120.1 for a negative patch and (\u00b5x, \u00b5y) is the location of the landmark in the patch.",
                            "embedding": null,
                            "h": null,
                            "parent": {
                                "py/id": 60
                            },
                            "py/object": "tree.TextTree"
                        }
                    ],
                    "content": "3.2. Training",
                    "embedding": null,
                    "h": null,
                    "parent": {
                        "py/id": 58
                    },
                    "py/object": "tree.TextTree"
                },
                {
                    "c": null,
                    "children": [
                        {
                            "c": null,
                            "children": [
                                {
                                    "c": null,
                                    "children": [],
                                    "content": "We compare three different discriminative appearance models for detecting landmarks namely, RFs, Linear SVMs and the proposed landmark detector, VCF. Fig. 4 shows the landmark wise average error for three different poses. Our alignment results with the VCF are a signicant improvement over the previous state-of-the-art results [13] (RFs based appearance model that we compare against) on this dataset. We observe that the VCF consistently results in lower RMSE over the other appearance models especially over the unoccluded landmarks where the appearance model directly in\ufb02uences the nal result. Since the landmark detection performance over the unoccluded landmarks also indirectly in\ufb02uences the hallucinated landmark locations of the occluded landmarks, we observe a lower RMSE even for occluded landmarks on account of the detector\u2019s better performance on the unoccluded landmarks in the partially occluded car images. To further investigate the error distribution we plot the individually sorted errors for each pose in Fig. 5 with the x-axis representing the alignment difculty for each detector. Notice that for a given error tolerance the VCF aligns more images compared to RFs and SVMs. Comparing the performance of VCF and RF on a per image basis, VCF results in lower RMSE (cumulative",
                                    "embedding": null,
                                    "h": null,
                                    "parent": {
                                        "py/id": 66
                                    },
                                    "py/object": "tree.TextTree"
                                },
                                {
                                    "c": null,
                                    "children": [],
                                    "content": "RMSE over all the landmarks in the image) for 649 images in comparison to RF and 804 images in comparison to SVM out of 1000 images in view 2.",
                                    "embedding": null,
                                    "h": null,
                                    "parent": {
                                        "py/id": 66
                                    },
                                    "py/object": "tree.TextTree"
                                }
                            ],
                            "content": "3.3.1 Comparing Appearance Models",
                            "embedding": null,
                            "h": null,
                            "parent": {
                                "py/id": 64
                            },
                            "py/object": "tree.TextTree"
                        },
                        {
                            "c": null,
                            "children": [
                                {
                                    "c": null,
                                    "children": [],
                                    "content": "Here we compare different shape models for detecting landmarks namely, RANSAC BPSI and its modication Greedy BPSI. We omit a comparison to other shape models like ASM and BTSM due to space constraints and we observe that RANSAC BPSI outperforms both ASM and BTSM which is consistent with the observations made in [13]. Further to evaluate the robustness of RANSAC BPSI and Greedy BPSI to occlusions, we evaluate BPSI assuming that the landmark occlusion masks are known. We refer to this as \u201cOracle BPSI\u201d through the rest of the paper. Fig. 6 shows the landmark-wise average error for three different poses. We make the following observations, 1) knowing that a landmark is occluded helps as is evident from the RMSE of occluded landmarks on vehicles with partial occlusions (compare \u201cOracle BPSI\u201d and \u201cRANSAC BPSI\u201d), 2) in addition to treating occluded landmarks as occluded, it is also benecial to ignore any low condence landmarks and treat them as occluded landmarks. This is evident from the RMSE of the unoccluded landmarks and the unoccluded landmarks on partially occluded cars (compare \u201cOracle BPSI\u201d and \u201cRANSAC BPSI\u201d or \u201cGreedy BPSI\u201d), 3) Greedy BPSI outperforms RANSAC BPSI on the occluded landmarks of partially occluded vehicles. This is because Greedy BPSI is more likely to omit the occluded landmarks for estimating the shape due to lower condence from the appearance model while RANSAC BPSI, which selects the landmarks randomly, is more likely to include occluded landmarks in the hypothesized subset. Moreover, RANSAC BPSI and Greedy BPSI perform equally well on images with unoccluded landmarks. Comparing the performance of RANSAC BPSI and Greedy BPSI on a per image basis for 1000 images in view 2, Greedy BPSI results in lower RMSE",
                                    "embedding": null,
                                    "h": null,
                                    "parent": {
                                        "py/id": 72
                                    },
                                    "py/object": "tree.TextTree"
                                }
                            ],
                            "content": "3.3.2 Comparing Shape Models",
                            "embedding": null,
                            "h": null,
                            "parent": {
                                "py/id": 64
                            },
                            "py/object": "tree.TextTree"
                        }
                    ],
                    "content": "3.3. Evaluation",
                    "embedding": null,
                    "h": null,
                    "parent": {
                        "py/id": 58
                    },
                    "py/object": "tree.TextTree"
                }
            ],
            "content": "1 N",
            "embedding": null,
            "h": null,
            "parent": {
                "py/id": 0
            },
            "py/object": "tree.TextTree"
        },
        {
            "c": null,
            "children": [
                {
                    "c": null,
                    "children": [],
                    "content": "Table 1. Execution Time (in ms) Per Image on Single Core",
                    "embedding": null,
                    "h": null,
                    "parent": {
                        "py/id": 76
                    },
                    "py/object": "tree.TextTree"
                },
                {
                    "c": null,
                    "children": [],
                    "content": "Table 1 shows the timing results for the appearance and shape model individually for a C++ based implementation on a 2.7GHz laptop with 4GB RAM. Assuming that the VCFs are stored in the frequency domain, given a new image, the computational complexity for a MxN image with K channels, L landmarks and C templates per landmark is given by, T = K\u2217TF F T +L\u2217C\u2217TF F T +O(K\u2217L\u2217C\u2217M N ) where TF F T = O(M N \u2217 log2M N ). By making use of the fact that images are real and that the output of the appearance model is real, one can decrease memory usage and computations by a factor of 2. Further Greedy BPSI evaluates 56 hypothesis (n = 8 and k = 5) while RANSAC BPSI evaluates about 450 hypothesis (for a desired probability of success p = 0.99), resulting in a 8x speedup of the shape model without any loss in alignment accuracy. We note that linear SVMs have the exact computational complexity as VCF, while RFs are slower since every window needs to be scanned explicitly. 5. Conclusion",
                    "embedding": null,
                    "h": null,
                    "parent": {
                        "py/id": 76
                    },
                    "py/object": "tree.TextTree"
                },
                {
                    "c": null,
                    "children": [],
                    "content": "High accuracy object shape alignment, requires a high accuracy landmark detector as well as a robust shape model. While much work has been done on designing robust shape models, there has been lesser progress on designing robust landmark detection models. In this paper we proposed a robust and fast landmark detector which is specically designed to minimize localization errors. On the challenging task of multi-view car alignment we observed a signicant improvement in the alignment accuracy. References [1] D. S. Bolme, J. R. Beveridge, B. A. Draper, and Y. M. Lui. Visual object tracking using adaptive correlation lters. In IEEE Conf. Computer Vision and Pattern Recognition, pages 2544\u20132550, 2010. 2for human detection. Pattern Recognition, pages 886\u2013893, 2005. 1for object recognition. 61(1):55\u201379, 2005. 1view car alignment. Pattern Recognition, pages 2466\u20132473, 2009. 1, 3, 4, 5, 6",
                    "embedding": null,
                    "h": null,
                    "parent": {
                        "py/id": 76
                    },
                    "py/object": "tree.TextTree"
                }
            ],
            "content": "4. Computational Complexity",
            "embedding": null,
            "h": null,
            "parent": {
                "py/id": 0
            },
            "py/object": "tree.TextTree"
        }
    ],
    "content": "Correlation Filters for Object Alignment Vishnu Naresh Boddeti",
    "embedding": null,
    "h": null,
    "parent": null,
    "py/object": "tree.TextTree"
}