{
    "c": null,
    "children": [
        {
            "c": null,
            "children": [
                {
                    "c": null,
                    "children": [],
                    "content": "Multilinear face models are widely used to model the space of human faces with expressions. For databases of 3D human faces of different identities performing multiple expressions, these statistical shape models decouple identity and expression variations. To compute a high-quality multilinear face model, the quality of the registration of the database of 3D face scans used for training is essential. Meanwhile, a multilinear face model can be used as an effective prior to register 3D face scans, which are typically noisy and incomplete. Inspired by the minimum description length approach, we propose the rst method to jointly optimize a multilinear model and the registration of the 3D scans used for training. Given an initial registration, our approach fully automatically improves the registration by optimizing an objective function that measures the compactness of the multilinear model, resulting in a sparse model. We choose a continuous representation for each face shape that allows to use a quasi-Newton method in parameter space for optimization. We show that our approach is computationally signicantly more efcient and leads to correspondences of higher quality than existing methods based on linear statistical models. This allows us to evaluate our approach on large standard 3D face databases and in the presence of noisy initializations.",
                    "embedding": null,
                    "h": null,
                    "parent": {
                        "py/id": 2
                    },
                    "py/object": "tree.TextTree"
                }
            ],
            "content": "Abstract",
            "embedding": null,
            "h": null,
            "parent": {
                "py/id": 0
            },
            "py/object": "tree.TextTree"
        },
        {
            "c": null,
            "children": [
                {
                    "c": null,
                    "children": [],
                    "content": "The human face is one important factor for any kind of social interaction in our daily life. This motivates many different elds such as human computer interaction, medicine, ergonomics or security, to investigate the human face. Since many of these areas are interested in the 3D geometry of the face, the number of publicly available 3D face databases increased over the last years. As the manual analysis of large databases is intractable, automatic data driven and statistical approaches are widely used to analyze the structure of the data. To compute statistics, all shapes of the dataset need to be in correspondence [10, Chapter 1].",
                    "embedding": null,
                    "h": null,
                    "parent": {
                        "py/id": 6
                    },
                    "py/object": "tree.TextTree"
                },
                {
                    "c": null,
                    "children": [],
                    "content": "Computing these correspondences for human face data isa challenging task that many methods aim to solve (e.g. [24, 26, 17, 14, 27]). Given a good registration, a statistical face model can be learned. In computer vision and graphics, statistical face models are used e.g. to reconstruct the 3D geometry of the face from 2D images [1], to recognize facial expressions [24], to transfer expressions between images or videos [30], or to change expressions in 3D videos [31].",
                    "embedding": null,
                    "h": null,
                    "parent": {
                        "py/id": 6
                    },
                    "py/object": "tree.TextTree"
                },
                {
                    "c": null,
                    "children": [],
                    "content": "Statistical face models can also be used to reconstruct the 3D geometry from noisy or partially occluded face scans [5] and are therefore directly applicable for registration. Furthermore, registration methods with prior learned knowledge outperform model-free methods like template tting [25, 2]. Summing up, this is a chicken-and-egg problem: given a good registration, a statistical model can be learned, and given a representative statistical model, a good registration can be computed. The quality of a given statistical model can be measured [10, Chapter 3.3.1], and due to the dependency of the statistical model on a registration, this measurement also evaluates the underlying registration.",
                    "embedding": null,
                    "h": null,
                    "parent": {
                        "py/id": 6
                    },
                    "py/object": "tree.TextTree"
                },
                {
                    "c": null,
                    "children": [],
                    "content": "Methods that aim at jointly optimizing the registration and a statistical model have been developed for principal component analysis (PCA) (e.g. [10, Chapter 4], [21]). Furthermore, variants of this linear method like part-based PCA [6], kernel PCA [8] or human body specic approaches [16] exist. These methods measure the model quality and change the registration such that the quality of the model and the registration improve at the same time. Since the model quality depends on all shapes, these methods are called groupwise optimization methods. Linear PCA-based methods have been proven to outperform different pairwise correspondence optimization methods [9].",
                    "embedding": null,
                    "h": null,
                    "parent": {
                        "py/id": 6
                    },
                    "py/object": "tree.TextTree"
                },
                {
                    "c": null,
                    "children": [],
                    "content": "Since the variations in databases of human faces from different identities performing different expressions cannot be modeled well using a linear space, the existing methods are not suitable for optimizing the correspondence of human faces. The space of human faces in various expressions can be well modeled using a multilinear model [30, 24, 31, 2, 5], which is a higher-order generalization of a PCA model.",
                    "embedding": null,
                    "h": null,
                    "parent": {
                        "py/id": 6
                    },
                    "py/object": "tree.TextTree"
                },
                {
                    "c": null,
                    "children": [],
                    "content": "This motivates us to propose an approach to optimize the correspondence for 3D face databases based on multilinear statistical models. The correspondence is optimizedbased on the minimum description length (MDL) principle, which leads to a sparse multilinear model. A key advantage of extending MDL to multilinear models is a reduced parameter space, which can be optimized efciently. The main challenge is that while for the linear case PCA provides an optimal low-dimensional space, the solution for the multilinear case is NP-hard to compute [15]. To nd a good basis for face models, we compare different tensor decompositions for their ability to reconstruct unseen face data. Another previously unaddressed challenge related to 3D face data is to allow for manifold boundaries during optimization, which is needed as the face has a mouth and an outer boundary. We solve this issue efciently by introducing constraints in the optimization framework.",
                    "embedding": null,
                    "h": null,
                    "parent": {
                        "py/id": 6
                    },
                    "py/object": "tree.TextTree"
                },
                {
                    "c": null,
                    "children": [],
                    "content": "The main contributions of this work are: (1) we introduce the rst fully automatic groupwise correspondence optimization approach for multilinearly distributed data, and (2) we show that our approach is computationally signicantly more efcient and leads to correspondences of higher quality than existing PCA-based optimization methods.",
                    "embedding": null,
                    "h": null,
                    "parent": {
                        "py/id": 6
                    },
                    "py/object": "tree.TextTree"
                }
            ],
            "content": "1. Introduction",
            "embedding": null,
            "h": null,
            "parent": {
                "py/id": 0
            },
            "py/object": "tree.TextTree"
        },
        {
            "c": null,
            "children": [
                {
                    "c": null,
                    "children": [],
                    "content": "Template-based facial correspondence computation: Our method is related to methods that aim to compute correspondences between sets of shapes. While many methods exist to establish correspondence for arbitrary classes of shapes, we focus on 3D face registration methods. Given a sparse set of 3D landmarks, Mpiperis et al. [24] register 3D faces in various expressions with an elastically deformable face model. Passalis et al. [26] t an annotated face model to the scan by solving a second order differential equation. Huang et al. [17] split the face into multiple parts and perform a deformation of each part to t an input face. Guo et al. [14] use a thin-plate spline guided template tting to register 3D face scans. Pan et al. [25] use a sparse deformable model for registration. They learn a dictionary on a set of registered faces and register a new face by restricting the correspondences to be a sparse representation of the learned dictionary. Salazar et al. [27] use a blendshape model to t the expression followed by a template tting using a nonrigid iterative closest point method to get the facial details. All of these methods nd a good correspondence, but none of them aim at producing a registration that is optimal for statistical modeling. Note that any of these methods can be used to initialize our optimization approach. Statistical face models: Given a set of 3D shapes in full correspondence, various methods can perform statistical analysis. We focus our discussion on multilinear shape spaces for 3D faces. Vlasic et al. [30] use a multilinear model for a database of human faces that decouples facial shape, expression, and viseme to transfer facial performance between 2D videos. Mpiperis et al. [24] use a multilinear model for identity and expression recognition.",
                    "embedding": null,
                    "h": null,
                    "parent": {
                        "py/id": 22
                    },
                    "py/object": "tree.TextTree"
                },
                {
                    "c": null,
                    "children": [],
                    "content": "Yang et al. [31] reconstruct the 3D face shape from 2D videos and exploit the decoupling of identity and expression variations to modify the identity or expression within the videos. Bolkart and Wuhrer [2] use a multilinear model to register a large database of 3D faces in motion and perform analysis on the resulting registration. Brunton et al. [5] learn multiple localized multilinear models and use these to reconstruct models from noisy and occluded face scans.",
                    "embedding": null,
                    "h": null,
                    "parent": {
                        "py/id": 22
                    },
                    "py/object": "tree.TextTree"
                },
                {
                    "c": null,
                    "children": [],
                    "content": "As these methods use a multilinear model for 3D faces of multiple identities and expressions, they employ the same model as our method. However, none of them aim at optimizing the correspondence using the learned model. Registration optimization: While some prior works in machine learning explore the idea of jointly learning a model and correspondence information (e.g. [4, 29, 18]), our method is most related to methods that aim to jointly optimize the registration of a set of 3D shapes and a learned statistical model. Kotcheff and Taylor [21] propose a groupwise correspondence optimization based on a PCA model that explicitly favors compact models. Davies et al. [10, Chapter 4] give an overview of different objective functions for correspondence optimization and motivate an information theoretic objective function minimizing the description length of the data. The basic concept of minimum description length approaches is to minimize the length of a message that is transmitted from a sender to a receiver. They encode the data with a PCA model and alter the correspondence such that the number of bits needed to describe the model and the encoded data is minimal. Davies et al. [9] show that MDL outperforms state-of-the-art registration methods for medical datasets. Gollmer et al. [13] compare different objective functions. They show that while the determinant of the covariance matrix is easier to optimize, the results are comparable to results produced by MDL.",
                    "embedding": null,
                    "h": null,
                    "parent": {
                        "py/id": 22
                    },
                    "py/object": "tree.TextTree"
                },
                {
                    "c": null,
                    "children": [],
                    "content": "All these methods model the data with one linear PCA model. In contrast, Burghard et al. [6] use a part-based linear model, and Chen et al. [8] model the data with a non-linear kernel PCA. Hirshberg et al. [16] derive a skeleton based approach specically for human body shapes to jointly optimize the registration and a statistical model.",
                    "embedding": null,
                    "h": null,
                    "parent": {
                        "py/id": 22
                    },
                    "py/object": "tree.TextTree"
                },
                {
                    "c": null,
                    "children": [],
                    "content": "None of these methods can model 3D faces with varying identities and expressions. To allow this, we introduce the rst groupwise correspondence optimization approach for multilinearly distributed data. Furthermore, while most methods assume the object to be a closed manifold, our approach handles manifolds with multiple boundaries.",
                    "embedding": null,
                    "h": null,
                    "parent": {
                        "py/id": 22
                    },
                    "py/object": "tree.TextTree"
                }
            ],
            "content": "2. Related work",
            "embedding": null,
            "h": null,
            "parent": {
                "py/id": 0
            },
            "py/object": "tree.TextTree"
        },
        {
            "c": null,
            "children": [
                {
                    "c": null,
                    "children": [
                        {
                            "c": null,
                            "children": [],
                            "content": "Given a set of registered and spatially aligned 3D face scans of d2 identities in d3 expressions each, every face is represented by a vector f = (x1, y1, z1, \u00b7 \u00b7 \u00b7 , xn, yn, zn)T that consists of n vertices (xi, yi, zi). We center each face by subtracting the mean over all training faces f and arrange the centered faces in a 3-mode tensor A \u2208 R3n\u00d7d2\u00d7d3 , where modes describe the different axes of a tensor. The data are placed within A, such that the vertex coordinates are associated with the rst mode, the different identities with the second mode, and the different expressions with the third mode of A. The decomposition of A into",
                            "embedding": null,
                            "h": null,
                            "parent": {
                                "py/id": 36
                            },
                            "py/object": "tree.TextTree"
                        },
                        {
                            "c": null,
                            "children": [],
                            "content": "A = M \u00d72 U2 \u00d73 U3,where \u00d7n denotes the n-th mode product, results in a tensor M \u2208 R3n\u00d7m2\u00d7m3 called multilinear model, and orthogonal factor matrices U2 \u2208 Rd2\u00d7m2 and U3 \u2208 Rd3\u00d7m3 . The n-th mode product M \u00d7n Un of tensor M with matrix Un replaces each vector m \u2208 Rmn aligned with i-th mode by Unm \u2208 Rdn . The multilinear model represents a registered 3D face f \u2208 R3n asf \u2248 f + M \u00d72 wTwhere w2 \u2208 Rm2 and w3 \u2208 Rm3 are the identity and expression coefcients.",
                            "embedding": null,
                            "h": null,
                            "parent": {
                                "py/id": 36
                            },
                            "py/object": "tree.TextTree"
                        }
                    ],
                    "content": "3.1. Multilinear model",
                    "embedding": null,
                    "h": null,
                    "parent": {
                        "py/id": 34
                    },
                    "py/object": "tree.TextTree"
                },
                {
                    "c": null,
                    "children": [
                        {
                            "c": null,
                            "children": [],
                            "content": "The decomposition of A in Equation 1 is called Tucker decomposition. The goal is to nd the best Tucker decomposition with a lower-dimensional tensor M that is as close as possible to A. The quality of the tensor approximation is measured by the norm of the residual. Computing the best Tucker decomposition is NP-hard [15]. Furthermore, in contrast to decomposing a matrix into orthogonal matrices (computed using singular value decomposition (SVD)), Tucker decompositions are not unique. An exact Tucker decomposition can be computed if mn = rank(A(n)) for all n. Here, A(n) denotes the matrix unfolding of A in the direction of n-th mode (all vectors in the direction of the n-th mode form the columns of A(n)). If mn < rank(A(n)) for at least one n, the decomposition approximates A.",
                            "embedding": null,
                            "h": null,
                            "parent": {
                                "py/id": 42
                            },
                            "py/object": "tree.TextTree"
                        },
                        {
                            "c": null,
                            "children": [],
                            "content": "The following describes different methods to compute the Tucker decomposition. Section 5.1 evaluates for each method its ability to reconstruct unseen data when applied for model tting. We compare the three tensor decompositions described by Kolda and Bader [20], namely: higher order SVD (HOSVD) [22], higher order orthogonal iteration (HOOI) [22], and a Newton-Grassmann optimization approach [12]. All these methods compute a Tucker decomposition for given maximum mode ranks m2 and m3. HOSVD: HOSVD is a higher-order generalization of matrix SVD. To compute the matrices Un, a matrix SVD is",
                            "embedding": null,
                            "h": null,
                            "parent": {
                                "py/id": 42
                            },
                            "py/object": "tree.TextTree"
                        },
                        {
                            "c": null,
                            "children": [],
                            "content": "Figure 1. Overview of the iterative multilinear registration.performed as A(n) = UnSnVT n , where Un \u2208 Rdn\u00d7dn contains the left singular vectors of A(n). Truncating columns then reduces the dimensions of identity and expression space. The multilinear model is then computed as M = A \u00d72 UT 3 . Even for given m2 and m3, the truncated HOSVD does not give an optimal approximation of A. HOOI: Initialized by HOSVD, this method iteratively optimizes the Tucker decomposition. Within each iteration, both factor matrices are updated by xing one and updating the other. That is, for a xed mode-2 factor matrix, a tensor X = A \u00d72 UT 2 is computed, and U3 is updated by the m3 left singular vectors of X(3). A similar computation is performed for a xed mode-3 factor matrix. While HOOI gives a better approximation of A than HOSVD, it does not necessarily nd a stationary point. Newton-Grassmann by HOSVD, the Newton-Grassmann optimization approach constrains each factor matrix to a Grassmannian manifold, an equivalence class of orthogonal matrices. The Tucker decomposition is then computed by a non-linear Newton method on the product of two Grassmannian manifolds. This method converges to a stationary point.",
                            "embedding": null,
                            "h": null,
                            "parent": {
                                "py/id": 42
                            },
                            "py/object": "tree.TextTree"
                        },
                        {
                            "c": null,
                            "children": [],
                            "content": "The evaluation of the different tensor decompositions shows that applied to reconstructing unseen face data, they perform almost identical (see Section 5.1). Since HOSVD is the most efcient approach, in the following, we use HOSVD to learn the multilinear model.",
                            "embedding": null,
                            "h": null,
                            "parent": {
                                "py/id": 42
                            },
                            "py/object": "tree.TextTree"
                        }
                    ],
                    "content": "3.2. Tensor decompositions",
                    "embedding": null,
                    "h": null,
                    "parent": {
                        "py/id": 34
                    },
                    "py/object": "tree.TextTree"
                }
            ],
            "content": "3. Multilinear shape space",
            "embedding": null,
            "h": null,
            "parent": {
                "py/id": 0
            },
            "py/object": "tree.TextTree"
        },
        {
            "c": null,
            "children": [
                {
                    "c": null,
                    "children": [
                        {
                            "c": null,
                            "children": [],
                            "content": "Our groupwise objective function consists of two parts: a compactness energy ECOM P , and a regularization energy EREG. We therefore aim to minimize",
                            "embedding": null,
                            "h": null,
                            "parent": {
                                "py/id": 54
                            },
                            "py/object": "tree.TextTree"
                        },
                        {
                            "c": null,
                            "children": [],
                            "content": "E = ECOM P + wREGEREG,where wREG is a weight that controls the in\ufb02uence of the regularization. We now describe both terms in more detail. Compactness: The compactness of a multilinear model can be measured as the percentage of data variability captured in the rst k components of each mode, where k = 1, . . . , max (d2, d3) [2]. Compactness is maximized by a sparse model that captures all of the variability in few components. To encourage a sparse model, we introduce an energy on the variability of the identity and expression subspaces. Like Kotcheff and Taylor [21], we choose a log-sum penalty function, as log-sum functions are known to encourage sparsity by heavily punishing small values [7]. That is, we aim to minimizewhere \u03bb(n) denotes the i-th eigenvalue of the mode-n covariance matrix. Small regularization constants \u03b4n are used",
                            "embedding": null,
                            "h": null,
                            "parent": {
                                "py/id": 54
                            },
                            "py/object": "tree.TextTree"
                        },
                        {
                            "c": null,
                            "children": [],
                            "content": "Figure 2. Initial surface parametrization of the 3D face template. Left: 2D parameter domain. Right: 3D parametrization.",
                            "embedding": null,
                            "h": null,
                            "parent": {
                                "py/id": 54
                            },
                            "py/object": "tree.TextTree"
                        },
                        {
                            "c": null,
                            "children": [],
                            "content": "Figure 3. Parametrization for one shape. Left: initialization. Middle: thin-plate spline. Right: (u, v)-parameter lines.to avoid singularities of ECOM P for vanishing eigenvalues. Equivalent to HOSVD, the mode-2 and mode-3 covariance matrices are computed as 1 d3",
                            "embedding": null,
                            "h": null,
                            "parent": {
                                "py/id": 54
                            },
                            "py/object": "tree.TextTree"
                        },
                        {
                            "c": null,
                            "children": [],
                            "content": "The energy ECOM P is minimized by moving points within the continuous surface of each shape. Since the computation of the covariance only considers a discrete number of points instead of the continuous surface, ECOM P can be minimized by moving points away from complex geometric regions with high variability.",
                            "embedding": null,
                            "h": null,
                            "parent": {
                                "py/id": 54
                            },
                            "py/object": "tree.TextTree"
                        },
                        {
                            "c": null,
                            "children": [],
                            "content": "Regularization: To avoid undersampling in these regions, Davies et al. [10] approximate the integral of the continuous covariance matrix by weighting the points by their surrounding surface area. Since this does not always prevent the undersampling [13], as done in Burghard et al. [6], we use a regularization within the objective function. The regularization term for each shape is a bi-Laplacian of the formwhere vk(x) denotes the k-th vertex of shape x. The doubleumbrella operator U 2(p) is the discrete bi-Laplacian approximation [19] computed bywhere N (p) denotes the set of neighbors of vertex p within \u2208N (p) pr \u2212 p. The biLaplacian regularizer encourages the points to be regularly distributed over the mesh and prevents fold-overs.the mesh, and U (p) = 1/ |N (p)|Ppr",
                            "embedding": null,
                            "h": null,
                            "parent": {
                                "py/id": 54
                            },
                            "py/object": "tree.TextTree"
                        }
                    ],
                    "content": "4.1. Multilinear objective function",
                    "embedding": null,
                    "h": null,
                    "parent": {
                        "py/id": 52
                    },
                    "py/object": "tree.TextTree"
                },
                {
                    "c": null,
                    "children": [
                        {
                            "c": null,
                            "children": [],
                            "content": "The registration is optimized by moving points in the surface of each face. Since the surface of the face is 2dimensional, moving points within the surface can be done by re-parametrization. This requires an initial parametrization together with a continuous mapping from parameter space to the surface of each face. We compute an initial registration for a database of 3D faces using template tting, and additionally unwrap the 3D template mesh in 2D parameter space to compute an initial discrete parametrization with parameters ti \u2208 R2. The embedding in 2D is chosen to minimize distortions of angles and areas. Each parameter ti is mapped to the mesh vertex vi = (xi, yi, zi) \u2208 R3. Figure 2 visualizes the initial parametrization in 2D parameter space (left) and mapped on the 3D surface (right). Due to the full correspondence of all face shapes, this discrete parametrization is the same for all shapes of the database.",
                            "embedding": null,
                            "h": null,
                            "parent": {
                                "py/id": 68
                            },
                            "py/object": "tree.TextTree"
                        },
                        {
                            "c": null,
                            "children": [],
                            "content": "With this discrete embedding in parameter space, a continuous mapping \u03a6 is computed that maps parameters \u03b1 = (u, v) \u2208 R2 into the surface of the shape. A thin-plate spline [11] denes this mapping, computed aswhere c \u2208 R3, A \u2208 R3\u00d72, and W \u2208 Rn\u00d73 are the parameters of the mapping, and where \u03c3 : R2 \u2192 R is the functionkhk > 0, khk = 0.",
                            "embedding": null,
                            "h": null,
                            "parent": {
                                "py/id": 68
                            },
                            "py/object": "tree.TextTree"
                        },
                        {
                            "c": null,
                            "children": [],
                            "content": "The surface of \u03a6 interpolates all vertices of the shape (\u03a6(ti) = vi) and gives the surface with the minimum bending energy. Figure 3 shows one initially registered shape (left) together with the computed continuous thinplate spline visualized as densely approximated mesh (middle) and (u, v)-parameter lines (right). The evaluation of \u03a6 at parameters \u03b1, where u (respectively v) is xed and v (respectively u) is varied by a xed discrete step size, gives one (u, v)-parameter line. While the spline interpolates the geometry of the initial shape, it gives a reasonable extrapolation of the shape beyond the outer border of the face.",
                            "embedding": null,
                            "h": null,
                            "parent": {
                                "py/id": 68
                            },
                            "py/object": "tree.TextTree"
                        }
                    ],
                    "content": "4.2. Parametrization",
                    "embedding": null,
                    "h": null,
                    "parent": {
                        "py/id": 52
                    },
                    "py/object": "tree.TextTree"
                },
                {
                    "c": null,
                    "children": [
                        {
                            "c": null,
                            "children": [],
                            "content": "The objective function E in Equation 3 is non-linear. Due to the choice of the parametrization, E is analytically differentiable with respect to \u03b1. The supplementary material gives the full analytical gradient. We minimize E using L-BFGS [23], a quasi-Newton method with linear constraints. These linear constraints allow for each vertex in parameter space to specify a valid rectangular area. Boundary constraints: For meshes with boundary, ECOM P is minimized if the entire surface collapses intoa single point. Hence, boundary conditions need to be enforced. Face shapes have two boundaries, an inner boundary at the mouth and an outer boundary at the end of the acquired scan. Since landmarks are used during the initial registration, the inner boundary at the mouth is registered well. To avoid points that move from the lower to the upper lip or vice versa, we x the points in the 1-ring neighborhood of the mouth boundary during optimization. Since the outer boundary is not registered well as scans in the database are cropped inconsistently, we allow limited movement for points in the 1-ring neighborhood of the outer boundary. Specically, the movement is restricted to at most 20 mm. Optimization schedule: Optimizing for the parameters of all shapes at the same time is not feasible for a large population of shapes due to the large number of parameters (d2d32n). Instead, we only optimize the parameters of each shape individually as proposed by Davies et al. [10, Chapter 7.1.1]. This optimization is performed for all shapes of the database during each iteration. Note that E still depends on all shapes for this shape-wise optimization, and the method therefore still optimizes the groupwise correspondence. To avoid bias towards any shape, the order of the shapes is randomly permuted for each iteration step. Since the rigid alignment of the shapes depends on the correspondence, during optimization of one shape, the alignment is updated after a few optimization steps. Computational complexity: The computational complexity of one optimization step is O(nd2 3) (see supplementary material for details). As shown in the following section, our approach is signicantly more efcient than existing PCA-based MDL approaches.",
                            "embedding": null,
                            "h": null,
                            "parent": {
                                "py/id": 76
                            },
                            "py/object": "tree.TextTree"
                        }
                    ],
                    "content": "4.3. Optimization",
                    "embedding": null,
                    "h": null,
                    "parent": {
                        "py/id": 52
                    },
                    "py/object": "tree.TextTree"
                }
            ],
            "content": "4. Groupwise correspondence optimization",
            "embedding": null,
            "h": null,
            "parent": {
                "py/id": 0
            },
            "py/object": "tree.TextTree"
        },
        {
            "c": null,
            "children": [
                {
                    "c": null,
                    "children": [
                        {
                            "c": null,
                            "children": [],
                            "content": "We evaluate the different tensor decomposition methods described in Section 3.2 by tting the resulting multilinear models to unseen 3D face scans. For this, we use a 10-fold cross validation on the registered BU-3DFE scans. We split the database randomly into ten groups, each with the same ratio of male and female subjects, where all scans of one identity belong to the same group. The error is measured as the distance between a vertex in the tting result and its closest point in the face scan. The error distribution of all three methods is nearly identical. The median vertex error is for HOSVD 1.145 mm, for HOOI 1.144 mm and for the Newton Grassmann method 1.144 mm. Since all methods perform almost the same, we compute the decomposition with HOSVD in the following.",
                            "embedding": null,
                            "h": null,
                            "parent": {
                                "py/id": 82
                            },
                            "py/object": "tree.TextTree"
                        }
                    ],
                    "content": "5.1. Tensor decompositions",
                    "embedding": null,
                    "h": null,
                    "parent": {
                        "py/id": 80
                    },
                    "py/object": "tree.TextTree"
                },
                {
                    "c": null,
                    "children": [
                        {
                            "c": null,
                            "children": [],
                            "content": "This section evaluates the in\ufb02uence of the regularization EREG on the BU-3DFE subset. The optimization is performed twice, once only optimizing ECOM P without EREG and once only optimizing EREG without ECOM P . As discussed in Section 4.1, the regularizer is needed to",
                            "embedding": null,
                            "h": null,
                            "parent": {
                                "py/id": 86
                            },
                            "py/object": "tree.TextTree"
                        },
                        {
                            "c": null,
                            "children": [],
                            "content": "Figure 5. Noise example of the database before (top) and after (bottom) optimization. Left to right: no, low, and high noise.b a i r a vo e g a n e c r e Pb a i r a vo e g a n e c r e Pe c n a t s de c n a t s de c n a t s de c n a t s d",
                            "embedding": null,
                            "h": null,
                            "parent": {
                                "py/id": 86
                            },
                            "py/object": "tree.TextTree"
                        },
                        {
                            "c": null,
                            "children": [],
                            "content": "High Noise Opt. Low Noise Opt. No Noise Opt. High Noise Low Noise No Noise",
                            "embedding": null,
                            "h": null,
                            "parent": {
                                "py/id": 86
                            },
                            "py/object": "tree.TextTree"
                        },
                        {
                            "c": null,
                            "children": [],
                            "content": "Figure 6. In\ufb02uence of the initialization for different levels of noise. Left: compactness. Middle: generalization. Right: specicity. Top: identity mode. Bottom: expression mode.avoid undersampling in regions with high variability and fold-overs. Figure 4 shows the result for one face after only ve iterations of optimizing ECOM P . When minimizing only ECOM P , the optimization moves points away from the eyebrows and around the nose, resulting in sparsely sampled regions. Furthermore, fold-overs at the mouth cause visual artifacts. Optimizing EREG leads to regularly sampled meshes. However, ECOM P increases in this case. Minimizing E is therefore a tradeoff between getting a compact model and a regular mesh structure. In the following, we empirically choose wREG = 0.5.",
                            "embedding": null,
                            "h": null,
                            "parent": {
                                "py/id": 86
                            },
                            "py/object": "tree.TextTree"
                        }
                    ],
                    "content": "5.2. In\ufb02uence of regularization",
                    "embedding": null,
                    "h": null,
                    "parent": {
                        "py/id": 80
                    },
                    "py/object": "tree.TextTree"
                },
                {
                    "c": null,
                    "children": [
                        {
                            "c": null,
                            "children": [],
                            "content": "This section evaluates the robustness to noise in the initialization. State-of-the-art registration methods for faces, as used for the initialization of our method, are able to t the facial surface well with sub-millimeter accuracy, but the result is likely to contain drift within the surface. To simulate noise regarding these methods, we use the initial",
                            "embedding": null,
                            "h": null,
                            "parent": {
                                "py/id": 96
                            },
                            "py/object": "tree.TextTree"
                        },
                        {
                            "c": null,
                            "children": [],
                            "content": "Figure 7. Visual comparison of template tting [27] (red) and our result (blue) for one subject in four expressions (overlap in gray).b a i r a vparametrization and add two different levels of noise in the parameter domain. The parameter values of each shape of the BU-3DFE subset are disturbed by random Gaussian noise. Since the 1-ring neighborhood of the mouth boundary is xed during optimization, these vertices are left without noise. For both noise levels we choose noise with mean zero and standard deviation f times the average 3D edge length. For the lower noise level we choose f to be 0.25, for the higher 0.75, respectively.",
                            "embedding": null,
                            "h": null,
                            "parent": {
                                "py/id": 96
                            },
                            "py/object": "tree.TextTree"
                        },
                        {
                            "c": null,
                            "children": [],
                            "content": "The optimization is performed on the BU-3DFE subset, initialized with the noisy registration. The top of Figure 5 shows an example of the database without noise (left), the lower level of noise (middle) and the higher level of noise (right). The average 3D vertex distance of the initial shapes to the noisy shapes over the entire database is 1.11 mm for the lower and 2.50 mm for the higher noise level.",
                            "embedding": null,
                            "h": null,
                            "parent": {
                                "py/id": 96
                            },
                            "py/object": "tree.TextTree"
                        },
                        {
                            "c": null,
                            "children": [],
                            "content": "Adding random noise within the surface to each vertex increases the variance in 3D positions and therefore increases the variability of the data. As expected, Figure 6 shows that the compactness of identity mode and expression mode decreases with increasing noise, since the multilinear model captures less variability with the same number of components. Further, the multilinear model becomes less general and less specic. After 15 iterations, the average compactness increases by 3.8% for the low noise level, and by 8.7% for the high noise level, respectively. The average generalization error decreases by 0.58mm and 1.65mm for the low and high noise level, the average specicity decreases by 0.43mm and 1.26mm for the low and high noise level. After optimization, the model quality for both levels of noise is comparable to the optimization of the data without noise. Hence, our optimization method effectively reduces variability caused by drift.",
                            "embedding": null,
                            "h": null,
                            "parent": {
                                "py/id": 96
                            },
                            "py/object": "tree.TextTree"
                        }
                    ],
                    "content": "5.3. In\ufb02uence of initialization",
                    "embedding": null,
                    "h": null,
                    "parent": {
                        "py/id": 80
                    },
                    "py/object": "tree.TextTree"
                },
                {
                    "c": null,
                    "children": [
                        {
                            "c": null,
                            "children": [],
                            "content": "This section compares our approach to two state-of-theart registration methods for 3D faces based on template tting [27] and PCA-based groupwise correspondence [10]. Template tting: We compare our optimization to template tting on the BU-3DFE and Bosphorus subsets. For the two subsets, Figures 8 and 9 show the compactness, generalization and specicity for template tting and after 15 iterations of the multilinear optimization. For the BUe c n a t s de c n a t s de c n a t s db a i r a vo e g a n e c r e P",
                            "embedding": null,
                            "h": null,
                            "parent": {
                                "py/id": 106
                            },
                            "py/object": "tree.TextTree"
                        },
                        {
                            "c": null,
                            "children": [],
                            "content": "MM opt. PCA opt. Template fitting",
                            "embedding": null,
                            "h": null,
                            "parent": {
                                "py/id": 106
                            },
                            "py/object": "tree.TextTree"
                        },
                        {
                            "c": null,
                            "children": [],
                            "content": "MM opt. PCA opt. Template fittinge c n a t s d",
                            "embedding": null,
                            "h": null,
                            "parent": {
                                "py/id": 106
                            },
                            "py/object": "tree.TextTree"
                        },
                        {
                            "c": null,
                            "children": [],
                            "content": "MM opt. PCA opt. Template fittingo e g a n e c r e P",
                            "embedding": null,
                            "h": null,
                            "parent": {
                                "py/id": 106
                            },
                            "py/object": "tree.TextTree"
                        },
                        {
                            "c": null,
                            "children": [],
                            "content": "MM opt. PCA opt. Template fittinge c n a t s d",
                            "embedding": null,
                            "h": null,
                            "parent": {
                                "py/id": 106
                            },
                            "py/object": "tree.TextTree"
                        },
                        {
                            "c": null,
                            "children": [],
                            "content": "MM opt. PCA opt. Template fitting",
                            "embedding": null,
                            "h": null,
                            "parent": {
                                "py/id": 106
                            },
                            "py/object": "tree.TextTree"
                        },
                        {
                            "c": null,
                            "children": [],
                            "content": "MM opt. PCA opt. Template fitting",
                            "embedding": null,
                            "h": null,
                            "parent": {
                                "py/id": 106
                            },
                            "py/object": "tree.TextTree"
                        },
                        {
                            "c": null,
                            "children": [],
                            "content": "Figure 8. Comparison of template tting [27], PCA optimization [10] (PCA opt.) and multilinear model optimization (MM opt.) on BU-3DFE subset. Left: compactness. Middle: generalization. Right: specicity. Top: identity mode. Bottom: expression mode.b a i r a vo e g a n e c r e Pb a i r a vo e g a n e c r e Pe c n a t s de c n a t s de c n a t s d",
                            "embedding": null,
                            "h": null,
                            "parent": {
                                "py/id": 106
                            },
                            "py/object": "tree.TextTree"
                        },
                        {
                            "c": null,
                            "children": [],
                            "content": "Figure 9. Comparison of template tting [27] and multilinear model optimization (MM opt.) on Bosphorus subset. Left: compactness. Middle: generalization. Right: specicity. Top: identity mode. Bottom: expression mode.",
                            "embedding": null,
                            "h": null,
                            "parent": {
                                "py/id": 106
                            },
                            "py/object": "tree.TextTree"
                        },
                        {
                            "c": null,
                            "children": [],
                            "content": "Figure 7 visually compares the template tting (red) to our result (blue) for one subject of the BU-3DFE subset. Before optimization, the shape of the outer boundary differs. The optimization decreases the face for the rst and fourth expressions at the cheek, for the second expression at the jaw, and for the third expression at the forehead. Expressions one, two and three are extended at the forehead. After 15 iterations, the outer boundaries are similar.",
                            "embedding": null,
                            "h": null,
                            "parent": {
                                "py/id": 106
                            },
                            "py/object": "tree.TextTree"
                        },
                        {
                            "c": null,
                            "children": [],
                            "content": "To demonstrate the ability of our method to optimize over large sets of shapes, we consider a second subset of the Bosphorus database consisting of 39 identities performing",
                            "embedding": null,
                            "h": null,
                            "parent": {
                                "py/id": 106
                            },
                            "py/object": "tree.TextTree"
                        },
                        {
                            "c": null,
                            "children": [],
                            "content": "For all three datasets the model improves signicantly during optimization, leading to a more compact model with improved generalization and specicity. PCA: For brevity, we abbreviate PCA optimization by PCA opt. and our method by MM opt. during the discussion of the comparison. We start by comparing the computational complexity of the two methods. In the supplementary material, we show that one optimization step for PCA opt. has complexity O(nd2 3), while one optimization step of MM opt. has complexity O(nd2 3). For the BU-3DFE subset our non-optimized implementation takes about 16.2h for MM opt. and about 21.5h for PCA opt. for one iteration when executed on a standard PC.",
                            "embedding": null,
                            "h": null,
                            "parent": {
                                "py/id": 106
                            },
                            "py/object": "tree.TextTree"
                        },
                        {
                            "c": null,
                            "children": [],
                            "content": "Figure 8 quantitatively compares PCA opt. and MM opt., both after 15 iterations. While MM opt. gives signicant improvements, PCA opt. only slightly improves the correspondence. For small subsets PCA opt. gives signicant improvements within few iterations. Our experiments suggest that for an increasing number of shape space parameters, an increasing number of iterations is required. Since MM opt. models identity and expression independently, the number of shape space parameters is d2 +d3, while for PCA opt. the number of shape space parameters is d2d3.",
                            "embedding": null,
                            "h": null,
                            "parent": {
                                "py/id": 106
                            },
                            "py/object": "tree.TextTree"
                        },
                        {
                            "c": null,
                            "children": [],
                            "content": "Hence, our method gives better improvements after the same number of iterations and is computationally faster than existing linear optimization methods.",
                            "embedding": null,
                            "h": null,
                            "parent": {
                                "py/id": 106
                            },
                            "py/object": "tree.TextTree"
                        }
                    ],
                    "content": "5.4. Comparison",
                    "embedding": null,
                    "h": null,
                    "parent": {
                        "py/id": 80
                    },
                    "py/object": "tree.TextTree"
                },
                {
                    "c": null,
                    "children": [
                        {
                            "c": null,
                            "children": [],
                            "content": "Parametrization: Our proposed method optimizes the correspondence by re-parametrizing the shapes guided by the optimization of a multilinear compactness objective function. This re-parametrization requires a continuous representation of the surface for each shape. While any kind of continuous mapping can be used, we establish this by a thinplate spline. For other continuous mappings, the gradient changes, and therefore depending on the mapping (e.g. for mappings without analytical gradient) E must be optimized with a different method. Data quality: Computing this continuous surface mapping assumes the original face scans to be regularly densely sampled with points that are within the surface of the scan. To get this sampling, any existing template tting method can be used. For face scans with partial occlusions or strong distortions, template tting methods fail, since they are unable to estimate the real face surface in these regions. Tooptimize the registration for scans with strong distortions, we would either need another initialization that gives a reasonable surface estimation within the occluded and noisy regions (e.g. Brunton et al. [5]), or the optimization of E must be allowed to leave the surface of the disturbed scan guided by the underlying multilinear model.",
                            "embedding": null,
                            "h": null,
                            "parent": {
                                "py/id": 136
                            },
                            "py/object": "tree.TextTree"
                        },
                        {
                            "c": null,
                            "children": [],
                            "content": "Computational complexity: While the multilinear correspondence optimization is computationally more efcient than previous linear methods, due to the groupwise objective function, the computational complexity is still high. Our experiments show that only a low number of iterations are necessary to get signicant improvements. Note that the registration can be seen as pre-processing that only needs to be done once. The application for larger datasets would require the use of a compute cluster to exploit the full potential of the parallelizability of the method (especially the gradient computation).",
                            "embedding": null,
                            "h": null,
                            "parent": {
                                "py/id": 136
                            },
                            "py/object": "tree.TextTree"
                        },
                        {
                            "c": null,
                            "children": [],
                            "content": "Extensions: Our method is generally applicable to other classes of multilinearly distributed data. The geometry of the shapes can contain no or multiple holes as long as the boundaries of the holes are constrained. The regularization EREG prevents fold-overs around these holes. Furthermore, the extension of our method to more modes is straightforward, e.g. for faces to associate the fourth mode with viseme or age.",
                            "embedding": null,
                            "h": null,
                            "parent": {
                                "py/id": 136
                            },
                            "py/object": "tree.TextTree"
                        }
                    ],
                    "content": "5.5. Discussion",
                    "embedding": null,
                    "h": null,
                    "parent": {
                        "py/id": 80
                    },
                    "py/object": "tree.TextTree"
                }
            ],
            "content": "5. Evaluation",
            "embedding": null,
            "h": null,
            "parent": {
                "py/id": 0
            },
            "py/object": "tree.TextTree"
        },
        {
            "c": null,
            "children": [
                {
                    "c": null,
                    "children": [],
                    "content": "We have presented the rst method for multilinearly distributed data that jointly improves a given registration and a multilinear model. A continuous representation of each shape allows to optimize the registration with a quasiNewton method. We have evaluated our method on scans of two databases and have demonstrated that our method is robust to noise in the initial registration. A key advantage of our approach over existing linear MDL methods is its increased computational efciency, which allows for the rst time to apply an approach based on MDL to databases containing over 1000 shapes. We have shown that using the efcient HOSVD method to compute the multilinear model performs similarly when reconstructing unseen face data to more elaborate tensor decompositions. To facilitate experiments for different application scenarios, we make our optimization code and the optimized statistical model available.",
                    "embedding": null,
                    "h": null,
                    "parent": {
                        "py/id": 144
                    },
                    "py/object": "tree.TextTree"
                },
                {
                    "c": null,
                    "children": [],
                    "content": "We thank Arnur Nigmetov for help with the comparison of the different tensor decompositions, and Alan Brunton, and Michael Wand for helpful discussions. This work has been partially funded by the German Research Foundation (WU 786/1-1, Cluster of Excellence MMCI).algebra. PhD thesis, K.U. Leuven, Belgium, 1997.facial expression database for facial behavior research. FG, pages 211\u2013216, 2006.of 3D faces. In SIGGRAPH, pages 187\u2013194, 1999.",
                    "embedding": null,
                    "h": null,
                    "parent": {
                        "py/id": 144
                    },
                    "py/object": "tree.TextTree"
                },
                {
                    "c": null,
                    "children": [],
                    "content": "Shape: Optimisation and Evaluation. Springer, 2008.",
                    "embedding": null,
                    "h": null,
                    "parent": {
                        "py/id": 144
                    },
                    "py/object": "tree.TextTree"
                }
            ],
            "content": "6. Conclusion",
            "embedding": null,
            "h": null,
            "parent": {
                "py/id": 0
            },
            "py/object": "tree.TextTree"
        }
    ],
    "content": "A Groupwise Multilinear Correspondence Optimization for 3D Faces Timo Bolkart",
    "embedding": null,
    "h": null,
    "parent": null,
    "py/object": "tree.TextTree"
}