{
    "c": null,
    "children": [
        {
            "c": null,
            "children": [
                {
                    "c": null,
                    "children": [],
                    "content": "The task of recognizing events in photo collections is central for automatically organizing images. It is also very challenging, because of the ambiguity of photos across different event classes and because many photos do not convey enough relevant information. Unfortunately, the eld still lacks standard evaluation data sets to allow comparison of different approaches. In this paper, we introduce and release a novel data set of personal photo collections containing more than 61,000 images in 807 collections, annotated with 14 diverse social event classes.",
                    "embedding": null,
                    "h": null,
                    "parent": {
                        "py/id": 2
                    },
                    "py/object": "tree.TextTree"
                },
                {
                    "c": null,
                    "children": [],
                    "content": "Casting collections as sequential data, we build upon recent and state-of-the-art work in event recognition in videos to propose a latent sub-event approach for event recognition in photo collections. However, photos in collections are sparsely sampled over time and come in bursts from which transpires the importance of specic moments for the photographers. Thus, we adapt a discriminative hidden Markov model to allow the transitions between states to be a function of the time gap between consecutive images, which we coin as Stopwatch Hidden Markov model (SHMM).",
                    "embedding": null,
                    "h": null,
                    "parent": {
                        "py/id": 2
                    },
                    "py/object": "tree.TextTree"
                },
                {
                    "c": null,
                    "children": [],
                    "content": "In our experiments, we show that our proposed model outperforms approaches based only on feature pooling or a classical hidden Markov model. With an average accuracy of 56%, we also highlight the difculty of the data set and the need for future advances in event recognition in photo collections.",
                    "embedding": null,
                    "h": null,
                    "parent": {
                        "py/id": 2
                    },
                    "py/object": "tree.TextTree"
                }
            ],
            "content": "Abstract",
            "embedding": null,
            "h": null,
            "parent": {
                "py/id": 0
            },
            "py/object": "tree.TextTree"
        },
        {
            "c": null,
            "children": [
                {
                    "c": null,
                    "children": [],
                    "content": "With the advent of digital photography, we have witnessed the explosion of personal and professional photo collections, both online and of\ufb02ine. The vast amount of pictures that users accumulate raises the need for automatic photo organization. This has initiated extensive research on content-based image retrieval systems such as image indexing based on objects [22], faces [11] or tags [1]. In addition to visual content, EXIF meta data [5], GPS tracks [29] ande s i u r Cn o i t a u d a r Gg n d d e Wy a d h t r i Bevent classes in our data set. The difculty in predicting the correct class comes from the sparse sampling of images in time, shown with the histograms (number of images within a small time frame), and from the high semantic ambiguity of images (e.g., portraits appear in many event classes).captions [3] provide excellent cues to reduce the complexity of these tasks. However, these works seldomly exploit the simple fact that online and of\ufb02ine images frequently come in collections: People organize their personal photos in directories, either corresponding to particular contents (persons, things of interest) or particular events. Online photo sharing websites such as Flickr, Panoramio or Facebook adopted this scheme and are organised in albums (examples shown in in Fig. 1). The benets from recognizing event types are evident: Automatic organisation helps users keep order in their photo collections and also enables the retrieval of similar event types in large photo repositories.signed for videos, for event recognition in photo collections. This includes a proper multi-class formulation and a modied hidden Markov model where the transition probabilities depend on observed temporal gaps between images. Hence, we coin this model a Stopwatch Hidden Markov model. We present it and show how to perform inference and learning in Sect. 4. Thirdly, we combine cues from multiple modalities to form image-level and collection-level features (Sect. 5). These cues include low-level visual channels and temporal frequency, as well as higher-level visual information such as scene and human attributes.",
                    "embedding": null,
                    "h": null,
                    "parent": {
                        "py/id": 10
                    },
                    "py/object": "tree.TextTree"
                },
                {
                    "c": null,
                    "children": [],
                    "content": "We show in our experiments (Sect. 6) that our model outperforms alternative event classication schemes for photo collections based on feature or score pooling or simple hidden Markov models and present our conclusions in Sect. 7. We rst discuss related work in Sect. 2 below.",
                    "embedding": null,
                    "h": null,
                    "parent": {
                        "py/id": 10
                    },
                    "py/object": "tree.TextTree"
                }
            ],
            "content": "1. Introduction",
            "embedding": null,
            "h": null,
            "parent": {
                "py/id": 0
            },
            "py/object": "tree.TextTree"
        },
        {
            "c": null,
            "children": [
                {
                    "c": null,
                    "children": [],
                    "content": "Our work is related to a large literature on the automatic organization of images. For instance, from an unlabelled set of images, various image similarity measures have been proposed to clusters images based on the objects [27], people [11] or sub-sequences [8] they contain. While these algorithms focus on nding structure in unorganized data, our goal is to exploit the collection structure that is often found in personal and professional photo archives.",
                    "embedding": null,
                    "h": null,
                    "parent": {
                        "py/id": 16
                    },
                    "py/object": "tree.TextTree"
                },
                {
                    "c": null,
                    "children": [],
                    "content": "Cao et al. [6] exploit photo collections to reduce the complexity of propagating labels between images by observing that images within a collection are more likely to depict similar scenes. The authors use a data set of 100 collections and label each image with an event and a scene label. [7] further extends this idea towards a hierarchical model where a photo collection is split in a sub-sequence of so-called \u201cevents\u201d, composed of images from similar scenes, and exploits additional information such as GPS tracks. GPS tracks make it simpler to distinguish between events such as backyard parties, hikes and road trips [29] because of the difference of their geographical extent, but are still not very common in photo collections. [18] proposes a simple scheme to aggregate the SVM scores of each photo in a collection, and use it for classication into 8 social classes.",
                    "embedding": null,
                    "h": null,
                    "parent": {
                        "py/id": 16
                    },
                    "py/object": "tree.TextTree"
                },
                {
                    "c": null,
                    "children": [],
                    "content": "Event classication has also been considered for single static photos. For instance, the generative model in [16] allows its authors to integrate cues such as scene, object categories and people to segment and recover the event category in a single image. However, because of the ambiguity between events, a generative approach might not lead to optimal predictive performance. Experiments were performed on a small-scale data set of 8 sport activities with up to 250 images each. Many other works also integrate additional higher-level cues, most often for image classication in a wider sense. [19] exploits user context, location and userrow corresponds to a class. From top to bottom: Children\u2019s birthday, Easter, Christmas, Halloween, Hiking, Road Trip, Skiing. Note the high intra and sometimes low inter class variations.",
                    "embedding": null,
                    "h": null,
                    "parent": {
                        "py/id": 16
                    },
                    "py/object": "tree.TextTree"
                },
                {
                    "c": null,
                    "children": [],
                    "content": "Event and action classication has recently received a lot of attention in the computer vision community when it comes to video [10, 17, 25]. The availability of data sets [17] and difcult challenges [21] explain such profusion. As in videos, discriminative features in photo collection are often outnumbered by many diverse and semantically ambiguous frames that contribute little to the understanding of an event class: portraits, group photos and landscapes all occur in multiple types of events. In contrast to videos where images are sampled at a xed frame rate, photo collections instead present a very sparse sampling of visual data, such that relating consecutive images is typically a harder task, c.f . Fig. 1. A great benet of photo collections, however, is that the frequency of sampling is itself a measure of the relative importance of photos [8], and that we can exploit this information to distinguish between event classes.",
                    "embedding": null,
                    "h": null,
                    "parent": {
                        "py/id": 16
                    },
                    "py/object": "tree.TextTree"
                },
                {
                    "c": null,
                    "children": [],
                    "content": "Unfortunately, there are no standard benchmark data set for studying the challenging problem of event recognition for photo collections. In the literature on classifying photo collections [18, 26, 29], only small and private data sets are used. This eventually limits the possibilities to compare different approaches and research new ideas. As a contribution of this paper, we have collected a large data set of more than 61,000 images in 807 collections from Flickr and manually annotated it with 14 event classes as we describe in Sect. 3. These collections correspond to real-world personal photo collections taken by individual photographers. The diversity of depicted events is large: Birthday party, Boat Cruise, Concert, etc. as shown in Fig. 2. This data set is available for download with the intention to establish a solid benchmark. As a second contribution, we propose to modify a recent state-of-the-art model [25], initially deprovided tags and comments on a photo sharing website to improve automatic image annotation.",
                    "embedding": null,
                    "h": null,
                    "parent": {
                        "py/id": 16
                    },
                    "py/object": "tree.TextTree"
                },
                {
                    "c": null,
                    "children": [],
                    "content": "The most related works to ours deal with event classication in videos [12, 25]. Both works consider the use of latent sub-events in a discriminative learning framework, to maximize predictive performance. However, [12] relies on known sub-events and uses them as an intermediate representation of collections for event classication. Time information is discarded in favor of co-occurrence of sub-events. Instead, we build upon the recent work of [25] and treat sub-events as unobserved latent variables. In [25], these sub-events are associated with explicit durations, and transitions between sub-events can only occur when the previous sub-event has expired. This requires that sub-events and the sub-event boundaries are fully observed. Because of the sparsely sampled photos in our collections, we need to adapt this model. Inspired by discretely observed Markov jump processes [4], we propose a Markov model where transition probabilities are functions of the temporal gap between images as if it were measured by a stopwatch (c.f . Sect. 4).",
                    "embedding": null,
                    "h": null,
                    "parent": {
                        "py/id": 16
                    },
                    "py/object": "tree.TextTree"
                }
            ],
            "content": "2. Related Work",
            "embedding": null,
            "h": null,
            "parent": {
                "py/id": 0
            },
            "py/object": "tree.TextTree"
        },
        {
            "c": null,
            "children": [
                {
                    "c": null,
                    "children": [],
                    "content": "In this section, we describe our efforts to collect and annotate a large data set of personal photo collections for use as an event recognition benchmark.",
                    "embedding": null,
                    "h": null,
                    "parent": {
                        "py/id": 30
                    },
                    "py/object": "tree.TextTree"
                },
                {
                    "c": null,
                    "children": [],
                    "content": "We rst dened event classes of interest by using the most popular tags on Flickr and Picasa as well as Wikipedia categories that correspond to social events. Because we did not have direct access to large private photo collections we formulated different keyword queries by using variations of the event\u2019s name or by adding year numbers to retrieve single images from Flickr. If a returned image was contained in a Flickr set and if we could access the original image and its EXIF meta data, we downloaded the whole photo set. As these sets only loosely correspond to collections, we manually reviewed and discarded those sets that did not consist of a personal album or one single event, had wrong or missing meta data or were heavily retouched. About 60% of the downloaded photo sets had to be discarded.",
                    "embedding": null,
                    "h": null,
                    "parent": {
                        "py/id": 30
                    },
                    "py/object": "tree.TextTree"
                },
                {
                    "c": null,
                    "children": [],
                    "content": "This led to the choice of 14 event classes as shown in Tab. 1, with in total 807 photo collections which together contain 61,364 photos with EXIF data. We show examples of the resulting data set in Fig. 1 and 2. The data set is available at http://www.vision.ee.ethz.ch/datasets/pec.",
                    "embedding": null,
                    "h": null,
                    "parent": {
                        "py/id": 30
                    },
                    "py/object": "tree.TextTree"
                }
            ],
            "content": "3. Data Set",
            "embedding": null,
            "h": null,
            "parent": {
                "py/id": 0
            },
            "py/object": "tree.TextTree"
        },
        {
            "c": null,
            "children": [
                {
                    "c": null,
                    "children": [],
                    "content": "People usually do not take pictures at xed intervals when photographing at an event they attend. More often, photos are taken when something interesting happens and thus show a bursty distribution when looking at the time domain. Secondly, events are often composed of different sub-events: At Easter, eggs are hunted and there is often",
                    "embedding": null,
                    "h": null,
                    "parent": {
                        "py/id": 38
                    },
                    "py/object": "tree.TextTree"
                },
                {
                    "c": null,
                    "children": [],
                    "content": "Birthday Children Birthday Christmas Concert Boat Cruise Easter Exhibitionwe detail the number of photo collections and the total number of images that they contain.also a joint meal. Weddings also often contain some sort of meal and afterwards people might be dancing. Other events might even expose a more subtle and thus latent substructure. In this work, we assume that the photo bursts act as a proxy for this sub-structure.",
                    "embedding": null,
                    "h": null,
                    "parent": {
                        "py/id": 38
                    },
                    "py/object": "tree.TextTree"
                },
                {
                    "c": null,
                    "children": [],
                    "content": "Since events of the same type show a very large variety in their temporal composition, it can be difcult even for humans to identify and thus annotate sub-events. This is why we treat the sub-events as latent in this work and learn them while training the event classier. Given a photo collection X = {x0, . . . , xT} of T + 1 time ordered images originating from a single event, our goal is to predict the correct event class label y in a set Y of K possible labels.this prediction task in the framework of structured-output SVM with latent variables [20, 28], where the output is a multi-class prediction y\u2217 parametrized by \u0398: (cid:2)\u0398, \u03a6(X, y, Z)(cid:3) \u2208 Y (1) and where the latent variables Z = {z0, . . . , zT} that are associated with the images form a chain.",
                    "embedding": null,
                    "h": null,
                    "parent": {
                        "py/id": 38
                    },
                    "py/object": "tree.TextTree"
                },
                {
                    "c": null,
                    "children": [],
                    "content": "In the next sections, we rst describe our model in detail, explaining the factor graph of the prediction function (Sect. 4.1). Then we discuss in Sect. 4.2 how the solution of Eq. 1 can be efciently inferred given known parameters \u0398. In Sect. 4.3, we detail how we learn the parameters given a set of training photo collections with manual annotations. 4.1. Model",
                    "embedding": null,
                    "h": null,
                    "parent": {
                        "py/id": 38
                    },
                    "py/object": "tree.TextTree"
                },
                {
                    "c": null,
                    "children": [],
                    "content": "As visible in Fig. 1, events can be described as a series of smaller (visually diverse) sub-events. In this work we model these sub-events explicitly to improve the classication performance. Our model for photo collection classication is based on a hidden Markov model, as commonly done for modelling sequences [14, 24, 25]. Each observed image xt in the collection is associated with an unobserved latent variable zt representing its state among S possible ones. In the specic context of event recognition, those latent states are often called sub-events, to stress their intended semantics.tion event recognition model. Please refer to the text for notations and explanations.",
                    "embedding": null,
                    "h": null,
                    "parent": {
                        "py/id": 38
                    },
                    "py/object": "tree.TextTree"
                },
                {
                    "c": null,
                    "children": [],
                    "content": "In our model, the prediction function decomposes as: (cid:2)\u0398, \u03a6(X, y, Z)(cid:3) = (cid:2)\u0398g, \u03a6g(X, y)(cid:3)",
                    "embedding": null,
                    "h": null,
                    "parent": {
                        "py/id": 38
                    },
                    "py/object": "tree.TextTree"
                }
            ],
            "content": "4. The Stopwatch Hidden Markov Model",
            "embedding": null,
            "h": null,
            "parent": {
                "py/id": 0
            },
            "py/object": "tree.TextTree"
        },
        {
            "c": null,
            "children": [
                {
                    "c": null,
                    "children": [],
                    "content": "The feature map \u03a6g(X, y) allows the integration of global cues from the full sequence into the event prediction. The maps \u03a6l(xt, zt, y) represent images xt and their assignments to latent sub-events zt for a particular event class y. Finally, the pairwise features \u03c6p(xt, xt+1, zt, zt+1, y) encode the sub-event transition costs between consecutive images. Denoting (cid:2)\u0398g, \u03a6g(X, y)(cid:3) by \u03c6g, (cid:2)\u0398l, \u03a6l(xt, zt, y)(cid:3) by \u03c6l,t and \u03b8p,zt,zt+1,y \u00b7 \u03c6p(xt, xt+1, zt, zt+1, y) by \u03c6p,t\u2192t+1, Fig. 3 shows the factor graph corresponding to a photo collection.",
                    "embedding": null,
                    "h": null,
                    "parent": {
                        "py/id": 52
                    },
                    "py/object": "tree.TextTree"
                },
                {
                    "c": null,
                    "children": [],
                    "content": "Unlike most previous modelling of sequential visual data, all these terms depend on the unobserved variable y. This allows to learn sub-events that help discriminate between events in a multi-class setting, whereas [25] only considers binary CRFs. In essence, our CRFs are calibrated to maximize multi-class prediction accuracy.",
                    "embedding": null,
                    "h": null,
                    "parent": {
                        "py/id": 52
                    },
                    "py/object": "tree.TextTree"
                },
                {
                    "c": null,
                    "children": [],
                    "content": "Note also how the pairwise terms depend on observed data xt and xt+1. inspired by Markov Jump Processes [4], we use the observed time gap \u03b4t\u2192t+1 = \u03c4 (xt+1) \u2212 \u03c4 (xt) between two consecutive images xt and xt+1 to in\ufb02uence the transition probabilities.",
                    "embedding": null,
                    "h": null,
                    "parent": {
                        "py/id": 52
                    },
                    "py/object": "tree.TextTree"
                },
                {
                    "c": null,
                    "children": [],
                    "content": "Our Stopwatch Hidden Markov model can model the intuition that the transition matrices for short temporal gaps should typically be close to the identity matrix (i.e., prefers not to change state) while transition matrices for longer temporal gaps should be more distributed as illustrated in Fig. 4. The model seamlessly integrates the information of the temporal gap \u03b4t\u2192t+1 between two consecutive images by making the energies for changing sub-event assignments dependent on the probability, that an observed \u03b4t\u2192t+1 origi",
                    "embedding": null,
                    "h": null,
                    "parent": {
                        "py/id": 52
                    },
                    "py/object": "tree.TextTree"
                },
                {
                    "c": null,
                    "children": [],
                    "content": "Illustration of our Stopwatch Hidden Markov model. The transition matrix between two consecutive images depends on the temporal gap \u03b4t\u2192t+1. This allows to model bursts of photos and the typical durations of subevents.nates from this class. In this particular work, we used \u03c6p(xt, xt+1, zt, zt+1, y) = \u2212 log(p(\u03b4t\u2192t+1|y)) 1[zt(cid:4)=zt+1] (3) where p(\u03b4t\u2192t+1|y) is estimated by Kernel Density Estimation using a Gaussian kernel. Intuitively, the model \u201ctrusts\u201d a transition more, if the observed time-gap is consistent with time-gaps observed for class y.",
                    "embedding": null,
                    "h": null,
                    "parent": {
                        "py/id": 52
                    },
                    "py/object": "tree.TextTree"
                },
                {
                    "c": null,
                    "children": [],
                    "content": "Inference, i.e. estimating the event and sub-event label can be simply done as shown in Sect. 4.2, using the forwardbackward algorithm. The learning of the parameters of the structured output SVM with latent variables [28] resembles the EM algorithm, alternating between assigning images to sub-events (using xed parameters) and optimizing the parameters (under xed assignments) as we describe in the subsequent Sect. 4.3. 4.2. Inference",
                    "embedding": null,
                    "h": null,
                    "parent": {
                        "py/id": 52
                    },
                    "py/object": "tree.TextTree"
                },
                {
                    "c": null,
                    "children": [],
                    "content": "Given a photo collection, inferring the event class label and the latent sub-events means to jointly maximize over the latent variables and the class labels as in Eq. 1.",
                    "embedding": null,
                    "h": null,
                    "parent": {
                        "py/id": 52
                    },
                    "py/object": "tree.TextTree"
                },
                {
                    "c": null,
                    "children": [],
                    "content": "This can be done efciently by observing that, for a xed event label y, the problem of inferring over the latent variables Z, i.e. solvingconsists of inferring a chain model. We show such a chain in Fig. 5.",
                    "embedding": null,
                    "h": null,
                    "parent": {
                        "py/id": 52
                    },
                    "py/object": "tree.TextTree"
                },
                {
                    "c": null,
                    "children": [],
                    "content": "To perform inference in the full model, we therefore simply apply the Viterbi algorithm to infer the latent variables Z\u2217 y for each choice of event label y, and then maximize the corresponding prediction function over y: \u0398, \u03a6(X, y, Z\u2217 y)",
                    "embedding": null,
                    "h": null,
                    "parent": {
                        "py/id": 52
                    },
                    "py/object": "tree.TextTree"
                },
                {
                    "c": null,
                    "children": [],
                    "content": "In essence, our model is therefore equivalent to having one chain model per event class, and predicting the class with highest condence.",
                    "embedding": null,
                    "h": null,
                    "parent": {
                        "py/id": 52
                    },
                    "py/object": "tree.TextTree"
                },
                {
                    "c": null,
                    "children": [],
                    "content": "We optimize the convex objective in Eq. 7 using the Optimized Cutting Plane Algorithm as implemented in the Dlib C++ Library [13]. This implies performing margin-augmented inference which we do simply by adding \u0394(yi, y) to Eq. 5. 4.4. Initial Sub-eventstion classication model when the event label y is xed. As the global term becomes constant, it is omitted. The superscripts are added to acknowledge the dependency on y. The Viterbi algorithm can be used directly to infer the latent sub-event variables.",
                    "embedding": null,
                    "h": null,
                    "parent": {
                        "py/id": 52
                    },
                    "py/object": "tree.TextTree"
                },
                {
                    "c": null,
                    "children": [],
                    "content": "The Viterbi algorithm has a complexity of O(T S2), therefore the complexity of inferring our full model is O(KT S2), i.e. linear in the number of event classes and size of the photo collection, but quadratic in the number of sub-events. 4.3. Training In this section, we aim at learning the parameters \u0398 given a training set D = {(X0, y0), . . . , (XN , yN )} of N photo collections Xi with their class labels yi \u2208 Y. We adopt the Latent Structural SVM framework [28]. The objective function is: (cid:8)where \u0394 is the 0/1 margin function that represents the misclassication cost (\u0394(y, y(cid:5) (cid:2)]). Minimizing Eq. 6 consists of nding the best parameters \u0398 such that the correct class yi is the minimizer of the margin-augmented prediction function. This is equivalent to wanting yi to have the most condent score by a margin of 1.",
                    "embedding": null,
                    "h": null,
                    "parent": {
                        "py/id": 52
                    },
                    "py/object": "tree.TextTree"
                },
                {
                    "c": null,
                    "children": [],
                    "content": "Following [28], we apply the Concave-Convex Proce[30]. It iterates between the following twodure (CCCP) optimization problems until convergence: 1. Infer the latent sub-event labels Z\u2217i for the ground-truth labels yi for xed parameters \u0398. This is precisely solving Eq. 4.",
                    "embedding": null,
                    "h": null,
                    "parent": {
                        "py/id": 52
                    },
                    "py/object": "tree.TextTree"
                }
            ],
            "content": "1 T",
            "embedding": null,
            "h": null,
            "parent": {
                "py/id": 0
            },
            "py/object": "tree.TextTree"
        },
        {
            "c": null,
            "children": [
                {
                    "c": null,
                    "children": [],
                    "content": "Eq. 6 with xed latent sub-events Z\u2217 i .",
                    "embedding": null,
                    "h": null,
                    "parent": {
                        "py/id": 80
                    },
                    "py/object": "tree.TextTree"
                },
                {
                    "c": null,
                    "children": [],
                    "content": "In this section, we describe how we initialize the subevent labels. We found this initialization to be much more robust than initializing CCCP with random sub-event assignment. The key is to take again advantage of the photo bursts in the time domain. In this way, we exploit the relative importance given to those photos by the photographer. Our assumption is again that such bursts act as a proxy to latent sub-events. To do so, we segment each photo collection using Hierarchical Agglomerative Clustering using a Gaussian kernel in the time domain d(t1, t2) = exp",
                    "embedding": null,
                    "h": null,
                    "parent": {
                        "py/id": 80
                    },
                    "py/object": "tree.TextTree"
                },
                {
                    "c": null,
                    "children": [],
                    "content": "For each event class, the averaged visual features of each segment are then clustered using K-Means. We use the resulting S clusters as initial sub-event assignments.",
                    "embedding": null,
                    "h": null,
                    "parent": {
                        "py/id": 80
                    },
                    "py/object": "tree.TextTree"
                }
            ],
            "content": "2. Solve the convex problem in Eq. 7 below which is",
            "embedding": null,
            "h": null,
            "parent": {
                "py/id": 0
            },
            "py/object": "tree.TextTree"
        },
        {
            "c": null,
            "children": [
                {
                    "c": null,
                    "children": [],
                    "content": "In this section, we provide specic details about the global feature vectors \u03c6g and the image-level ones \u03c6l that we use later in our experiments. Global features are functions of the whole photo collection and help capture holistic properties. Sub-event features help capture properties of single photos. Having access to EXIF-data, we also include non-visual cues into our model.",
                    "embedding": null,
                    "h": null,
                    "parent": {
                        "py/id": 88
                    },
                    "py/object": "tree.TextTree"
                },
                {
                    "c": null,
                    "children": [],
                    "content": "Global Temporal Features. We dene different cues based on time and aggregate them over the photo collection in different histograms. Those cues include time of day, day of week, month and the duration to help recognize events that show specic patterns in the time domain.",
                    "embedding": null,
                    "h": null,
                    "parent": {
                        "py/id": 88
                    },
                    "py/object": "tree.TextTree"
                },
                {
                    "c": null,
                    "children": [],
                    "content": "Low-level Visual Features. As visual features, we use densely sampled SURF [2] descriptors and code them into a Bag-of-Words representation using a vocabulary of 1024 words, which is then max pooled. The vocabulary is previously learned using K-Means.",
                    "embedding": null,
                    "h": null,
                    "parent": {
                        "py/id": 88
                    },
                    "py/object": "tree.TextTree"
                },
                {
                    "c": null,
                    "children": [],
                    "content": "Higher-level Visual Features. To obtain a richer representation of images and improve the semantics of subevents, we use a number of attribute predictions which have been shown to help classication (e.g., [16]). These attributes consist of the type of scene and type of indoor scene, the number of faces, whether the image is a portrait, and a histogram of facial attributes over detected faces. To compute the attributes, we pre-trained a set of classiers from external data. For scene and indoor attributes, a multiclass SVM was trained on the 15 Scenes [15] and the MITIndoor [23] data set, respectively. For facial detection and attributes, we use the code of [9] to predict age, gender and presence of sunglasses.",
                    "embedding": null,
                    "h": null,
                    "parent": {
                        "py/id": 88
                    },
                    "py/object": "tree.TextTree"
                },
                {
                    "c": null,
                    "children": [],
                    "content": "Aggregated SVM Bag of Sub-events HMM SHMM (this paper)",
                    "embedding": null,
                    "h": null,
                    "parent": {
                        "py/id": 88
                    },
                    "py/object": "tree.TextTree"
                },
                {
                    "c": null,
                    "children": [],
                    "content": "Reducing the dimensionality. The high-dimensional BoW vectors are not directly used in the feature map in Eq. 6, as this would make it prohibitively large. Instead we use multi-class SVMs to linearly project the BoW to a space of dimensionality equal to the number of sub-events. To further improve the robustness of these intermediate features, we add a negative sub-event containing random images from other classes while training the multi-class SVMs.",
                    "embedding": null,
                    "h": null,
                    "parent": {
                        "py/id": 88
                    },
                    "py/object": "tree.TextTree"
                }
            ],
            "content": "5. Features and potentials",
            "embedding": null,
            "h": null,
            "parent": {
                "py/id": 0
            },
            "py/object": "tree.TextTree"
        },
        {
            "c": null,
            "children": [
                {
                    "c": null,
                    "children": [
                        {
                            "c": null,
                            "children": [],
                            "content": "We start by dening a training, a validation and a testing set. Out of the pool of 807 photo collections, we randomly selected 10 collections for each of the 14 classes as test set, which we use to report our evaluations. We also sampled 6 random collections per class to validate the hyperparameter. All the remaining collections can be used for learning the parameters of the algorithms for event recognition. Each event class has at least 24 training collections.",
                            "embedding": null,
                            "h": null,
                            "parent": {
                                "py/id": 104
                            },
                            "py/object": "tree.TextTree"
                        },
                        {
                            "c": null,
                            "children": [],
                            "content": "We report different performance measures for the evaluated methods: Average accuracy, recall@K and the F1score to illustrate the precision/recall characteristics of the evaluated methods. Recall@K is the fraction of test data samples for which the correct class is among the top-K scores.",
                            "embedding": null,
                            "h": null,
                            "parent": {
                                "py/id": 104
                            },
                            "py/object": "tree.TextTree"
                        },
                        {
                            "c": null,
                            "children": [],
                            "content": "In the experiments that we report below, we have balanced our training data and used 24 random collections for each event class. For mining the initial sub-events, we set the smoothing window \u03c3 = 90 and clustered them into 5 sub-events for each class. In the subsequent iterations, subevents that are not assigned to any image are removed. We used the validation data to set the number of outer iterations in our training procedure (c.f . Sect. 4.3).",
                            "embedding": null,
                            "h": null,
                            "parent": {
                                "py/id": 104
                            },
                            "py/object": "tree.TextTree"
                        }
                    ],
                    "content": "6.1. Protocol",
                    "embedding": null,
                    "h": null,
                    "parent": {
                        "py/id": 102
                    },
                    "py/object": "tree.TextTree"
                },
                {
                    "c": null,
                    "children": [
                        {
                            "c": null,
                            "children": [],
                            "content": "We now describe the different baselines and variants thatwe have compared in our experiments.l l a c e R",
                            "embedding": null,
                            "h": null,
                            "parent": {
                                "py/id": 112
                            },
                            "py/object": "tree.TextTree"
                        }
                    ],
                    "content": "6.2. Approaches for Event Recognition",
                    "embedding": null,
                    "h": null,
                    "parent": {
                        "py/id": 102
                    },
                    "py/object": "tree.TextTree"
                }
            ],
            "content": "6. Experiments",
            "embedding": null,
            "h": null,
            "parent": {
                "py/id": 0
            },
            "py/object": "tree.TextTree"
        },
        {
            "c": null,
            "children": [
                {
                    "c": null,
                    "children": [],
                    "content": "Aggregated SVM Bag of Sub-events HMM SHMMthe top K classication scores for each collection.",
                    "embedding": null,
                    "h": null,
                    "parent": {
                        "py/id": 116
                    },
                    "py/object": "tree.TextTree"
                },
                {
                    "c": null,
                    "children": [],
                    "content": "Aggregated Multi-class SVM: Here, we employ an approach inspired by [18]. We train a multi-class SVM to recognize events in single images, based on visual features alone. At test time, each image is classied on its own and the condence scores within each collection are averaged to predict the class of the collection.",
                    "embedding": null,
                    "h": null,
                    "parent": {
                        "py/id": 116
                    },
                    "py/object": "tree.TextTree"
                },
                {
                    "c": null,
                    "children": [],
                    "content": "Bag of Sub-events: In this variant, we adopt a Bag of Sub-events view and drop the pairwise connections of our model. This way, the model has no information about transitions and ordering of the photos in the collection. Instead, the latent sub-events are independently assigned to each image to maximize the prediction on the training set. We use the same procedure as described in Sect. 4.3 to learn \u0398. In this model, inference becomes trivial.",
                    "embedding": null,
                    "h": null,
                    "parent": {
                        "py/id": 116
                    },
                    "py/object": "tree.TextTree"
                },
                {
                    "c": null,
                    "children": [],
                    "content": "Hidden Markov Model (HMM): To obtain a discriminative HMM, we build on the previous approach and incorporate sub-event transitions. However, we adopt the classical denition of transition matrices in HMMs, which corresponds to \u03c6p(xt, xt+1, zt, zt+1, y) = 1.",
                    "embedding": null,
                    "h": null,
                    "parent": {
                        "py/id": 116
                    },
                    "py/object": "tree.TextTree"
                },
                {
                    "c": null,
                    "children": [],
                    "content": "Stopwatch Hidden Markov Model (SHMM): We use our full model as described in Sect. 4, including the timedependent sub-event transition features.",
                    "embedding": null,
                    "h": null,
                    "parent": {
                        "py/id": 116
                    },
                    "py/object": "tree.TextTree"
                },
                {
                    "c": null,
                    "children": [],
                    "content": "In Tab. 2, we present the different performance measures obtained on the test set by our four approaches. The corresponding confusion matrices are shown in Fig. 6. As we see, the baseline method of Aggregated SVM scores reaches an average accuracy of 41.43%. Note how events taking place in different scene types can be discriminated properly, but events that have a similar scenery are confused (e.g. Hiking vs. Skiing, Fig. 6a).",
                    "embedding": null,
                    "h": null,
                    "parent": {
                        "py/id": 116
                    },
                    "py/object": "tree.TextTree"
                },
                {
                    "c": null,
                    "children": [],
                    "content": "Switching to the Bag of Sub-events model leads to a signicant improvement: 51.43%. This demonstrates how the latent sub-event model can handle the variability withiny a d h t r in e r d l i h Cy a d h t r ip i r T d a o Rg n i k i Hs a m t s i r h Ct r e c n o Cn o i t i b i h x En o i t a u d a r Gn e e w o l l a He s i u r Cr e t s a Es k c i r t a Pg n i d d e Wy a d h t r ig n i i k Sy a d h t r in e r d l i h Cs a m t s i r h Ct r e c n o Ce s i u r Cr e t s a En o i t i b i h x En o i t a u d a r Gn e e w o l l a Hp i r T d a o Rg n i k i Hs k c i r t a Pp i r T d a o Rg n i k i Hg n i d d e Wy a d h t r ig n i i k Sy a d h t r in e r d l i h Cs a m t s i r h Ct r e c n o Ce s i u r Cr e t s a En o i t i b i h x En o i t a u d a r Gn e e w o l l a Hs k c i r t a Pp i r T d a o Rg n i k i Hg n i d d e Wg n i i k Sn o i t a u d a r Gn e e w o l l a Hs k c i r t a Pg n i d d e Wy a d h t r ig n i i k Sy a d h t r in e r d l i h Cs a m t s i r h Ct r e c n o Ce s i u r Cn o i t i b i h x Er e t s a E",
                    "embedding": null,
                    "h": null,
                    "parent": {
                        "py/id": 116
                    },
                    "py/object": "tree.TextTree"
                },
                {
                    "c": null,
                    "children": [],
                    "content": "Please refer to the text for explanations.single event classes much better than a single SVM. This is also re\ufb02ected in the F1 scores, which increases in the same order. The HMM learnt in a discriminative fashion increases the average accuracy further to 53.57%. As transitions between sub-events can be captured by the model, dependencies between sub-events can be learnt, which helps to recognize classes that failed before (e.g. Halloween or Road Trip, see Fig. 6b and 6c).",
                    "embedding": null,
                    "h": null,
                    "parent": {
                        "py/id": 116
                    },
                    "py/object": "tree.TextTree"
                },
                {
                    "c": null,
                    "children": [],
                    "content": "Finally, our approach gives the best results both in terms of accuracy and F1 score. With 55.71% average accuracy, it is 2.14% more accurate than HMMs, 4.28% better than Bags of sub-events, and the performance is as much as 14.28% higher than Aggregated SVM scores. In terms of F1 scores, the improvements are 1.55%, 5.53% and 17.29%, respectively. Accordingly, we see in Fig. 6d how the confusion was reduced for most classes.",
                    "embedding": null,
                    "h": null,
                    "parent": {
                        "py/id": 116
                    },
                    "py/object": "tree.TextTree"
                },
                {
                    "c": null,
                    "children": [],
                    "content": "The performances of the different methods as measured by the recall@K are shown in Fig. 7. Our method consistently performs as well as, or outperforms, all the other considered approaches. For instance, the correct event is among the top two predictions for 72.86% of the collections.",
                    "embedding": null,
                    "h": null,
                    "parent": {
                        "py/id": 116
                    },
                    "py/object": "tree.TextTree"
                },
                {
                    "c": null,
                    "children": [],
                    "content": "Looking at the average of images assigned to sub-events by our SHMM shown in Fig. 8, we can sometimes clearly identify semantic concepts: outdoor view for the Hiking class, a typical photo setting for Graduation, painting frames for Exhibitions. This highlights the benets of using a latent model for event recognition, as it can provide some additional semantic knowledge that eventually increases the ability to automatically understand, organize and exploit images in photo collections.",
                    "embedding": null,
                    "h": null,
                    "parent": {
                        "py/id": 116
                    },
                    "py/object": "tree.TextTree"
                },
                {
                    "c": null,
                    "children": [],
                    "content": "We also show in Fig. 9 some examples of photo collections that our approach correctly and incorrectly classied. As can be seen, visually and semantically very similar classes such as Birthday, Children\u2019s Birthday, Graduation, Halloween etc. are still confused to some extent. This highlearnt by our model for different classes (best viewed in color on a computer screen).lights the difculty of our new data set and the challenge it represents for the future. 7. Conclusion",
                    "embedding": null,
                    "h": null,
                    "parent": {
                        "py/id": 116
                    },
                    "py/object": "tree.TextTree"
                },
                {
                    "c": null,
                    "children": [],
                    "content": "In this paper, we have introduced a novel data set for event recognition in photo collections. We have proposed a model based on hidden Markov models that takes into account the time gap between images to estimate the probability to change state. Our model outperforms several approached based on previously published works. The nal accuracy of 56% highlights the sheer difculty of the data set, which we hope will foster research in this domain.",
                    "embedding": null,
                    "h": null,
                    "parent": {
                        "py/id": 116
                    },
                    "py/object": "tree.TextTree"
                },
                {
                    "c": null,
                    "children": [],
                    "content": "We believe that semantic hierarchies would help model events as well as complex sub-events, while scaling sublinearly with the number of event classes and sub-events.the predicted event class labels are shown and the color indicates if the SHMM correctly predicted it (correct labels shown in braces, only selected subset of images are shown). Acknowledgments",
                    "embedding": null,
                    "h": null,
                    "parent": {
                        "py/id": 116
                    },
                    "py/object": "tree.TextTree"
                },
                {
                    "c": null,
                    "children": [],
                    "content": "The authors gratefully acknowledge support from ERC",
                    "embedding": null,
                    "h": null,
                    "parent": {
                        "py/id": 116
                    },
                    "py/object": "tree.TextTree"
                },
                {
                    "c": null,
                    "children": [],
                    "content": "References [1] K. Barnard, P. Duygulu, N. de Freitas, D. Forsyth, D. Blei, and M. Jordan. Matching words and pictures. JMLR, 2003. [2] H. Bay, T. Tuytelaars, and L. Van Gool. SURF: Speeded Upmantic scene classication. In CVPR, 2004.tivities with cluster-trees of tracklets. In BMVC, 2012.recognition from caption-based supervision. IJCV, 2012.large margin joint low-level event model. In ECCV, 2012.events by scene and object recognition. In ICCV, 2007.using social-network metadata for image classication. ECCV, 2012.rell. Hidden conditional random elds. PAMI, 29, 2007.structure for complex event detection. In CVPR, 2012.and visual words for event classication. In MIR, 2008.",
                    "embedding": null,
                    "h": null,
                    "parent": {
                        "py/id": 116
                    },
                    "py/object": "tree.TextTree"
                }
            ],
            "content": "4 K",
            "embedding": null,
            "h": null,
            "parent": {
                "py/id": 0
            },
            "py/object": "tree.TextTree"
        }
    ],
    "content": "Event Recognition in Photo Collections with a Stopwatch HMM Lukas Bossard1",
    "embedding": null,
    "h": null,
    "parent": null,
    "py/object": "tree.TextTree"
}