{
    "c": null,
    "children": [
        {
            "c": null,
            "children": [
                {
                    "c": null,
                    "children": [],
                    "content": "We develop a Bayesian modeling approach for tracking people in 3D from monocular video with unknown cameras. Modeling in 3D provides natural explanations for occlusions and smoothness discontinuities that result from projection, and allows priors on velocity and smoothness to be grounded in physical quantities: meters and seconds vs. pixels and frames. We pose the problem in the context of data association, in which observations are assigned to tracks. A correct application of Bayesian inference to multitarget tracking must address the fact that the model\u2019s dimension changes as tracks are added or removed, and thus, posterior densities of different hypotheses are not comparable. We address this by marginalizing out the trajectory parameters so the resulting posterior over data associations has constant dimension. This is made tractable by using (a) Gaussian process priors for smooth trajectories and (b) approximately Gaussian likelihood functions. Our approach provides a principled method for incorporating multiple sources of evidence; we present results using both optical \ufb02ow and object detector outputs. Results are comparable to recent work on 3D tracking and, unlike others, our method requires no pre-calibrated cameras.",
                    "embedding": null,
                    "h": null,
                    "parent": {
                        "py/id": 2
                    },
                    "py/object": "tree.TextTree"
                }
            ],
            "content": "Abstract",
            "embedding": null,
            "h": null,
            "parent": {
                "py/id": 0
            },
            "py/object": "tree.TextTree"
        },
        {
            "c": null,
            "children": [
                {
                    "c": null,
                    "children": [],
                    "content": "Tracking remains difcult when there are multiple targets interacting and occluding each other. These difculties are common in many applications such as surveillance, mining video data, and video retrieval, motivating much recent work in multi-object tracking [39, 4, 5, 23, 24, 6, 41]. In these contexts, it often makes sense to analyze extended frame sequences (\u201coff-line\u201d tracking), and the camera parameters are often unknown.",
                    "embedding": null,
                    "h": null,
                    "parent": {
                        "py/id": 6
                    },
                    "py/object": "tree.TextTree"
                },
                {
                    "c": null,
                    "children": [],
                    "content": "In this paper we develop a fully 3D Bayesian approachfor tracking an unknown and changing number of people in a scene using video taken from a single, xed viewpoint. We propose a generative statistical model that provides the distribution of data (evidence) given an association, where we extend the well-known formulation of Oh et al. [31]. We model people as elliptical right-angled cylinders moving on a relatively horizontal ground plane. We infer camera parameters and people\u2019s sizes as part of the tracking process. Further, with a reasonable value for the mean height of people, we can establish location with respect to the camera in absolute units (i.e., meters).",
                    "embedding": null,
                    "h": null,
                    "parent": {
                        "py/id": 6
                    },
                    "py/object": "tree.TextTree"
                },
                {
                    "c": null,
                    "children": [],
                    "content": "This formulation enables inference in the constant dimension data-association space, provided that we integrate out the continuous model parameters such as those associated with trajectories. In other words, we estimate the marginal likelihoods during inference, which deals with potential dimensionality issues due to an unknown number of tracks. This principled approach is very amenable to extensions, such the incorporation of new model elements (e.g., pose estimation and gaze direction) or new sources of evidence (e.g., color and texture).",
                    "embedding": null,
                    "h": null,
                    "parent": {
                        "py/id": 6
                    },
                    "py/object": "tree.TextTree"
                },
                {
                    "c": null,
                    "children": [],
                    "content": "Given a model hypothesis, we project each person cylinder into each frame using the current camera, computing their visibility as a consequence of any existing occlusion. We then evaluate the hypothesis using evidence from the output of person detectors and optical \ufb02ow. Our method thus integrates tracking as detection (e.g., [32, 23, 1]) and classical approaches like tracking as following evidence locally in time as is common in ltering methods (e.g., [20, 22]). We use a Gaussian process in world coordinates to provide a smoothness prior on motion with respect to absolute measures. Given a reasonable kernel, observations that are far apart in time do not in\ufb02uence each other much, and we exploit this for efciency.",
                    "embedding": null,
                    "h": null,
                    "parent": {
                        "py/id": 6
                    },
                    "py/object": "tree.TextTree"
                },
                {
                    "c": null,
                    "children": [],
                    "content": "To track multiple people in videos we infer an association between persons and detections, collaterally determining a likely set of 3D trajectories for the people in the scene. We use MCMC sampling (\u00a73) to sample over associations, and, for a given association, we then sample trajectories to search for a probable one, conditioned on the association. We use this to estimate the integral over all trajectories, again conditioned on the association. During inference we also sample the global parameters for the video which includes the camera and the false detection rate, which we consider to be a function of the scene background.",
                    "embedding": null,
                    "h": null,
                    "parent": {
                        "py/id": 6
                    },
                    "py/object": "tree.TextTree"
                },
                {
                    "c": null,
                    "children": [],
                    "content": "Closely related work. Our data association approach extends that of Oh et al. [31]. We further follow Brau et al. [8] who used Gaussian processes for trajectory smoothness while searching over associations by sampling. Others [40, 7] use a similar data association model, but propose an effective non-sampling approach for inference. All these efforts are focused on association of points alone; neither appearance or geometry are considered.",
                    "embedding": null,
                    "h": null,
                    "parent": {
                        "py/id": 6
                    },
                    "py/object": "tree.TextTree"
                },
                {
                    "c": null,
                    "children": [],
                    "content": "With respect to representation, several others share our preference for 3D Bayesian models for humans (e.g., [36, 11, 37, 9]). In particular, Isard and MacCormick [21] use a 3D cylinder model for multi-person tracking using a single, known camera. However, this approach does not deal with data association, since it is not detection-based. Similarly, there is other work in tracking objects on the 3D ground plane [16, 13, 28] without considering data association. Other approaches estimate data association as well as model parameters [39, 19, 10]. However, we model data association explicitly in a generative way, as opposed to estimating it as a by-product of inference. In addition, none of these approaches model humans as 3D objects.",
                    "embedding": null,
                    "h": null,
                    "parent": {
                        "py/id": 6
                    },
                    "py/object": "tree.TextTree"
                },
                {
                    "c": null,
                    "children": [],
                    "content": "Andriyenko and Schindler [3] pose data association as an integer linear program. In subsequent work [4], they formulate an energy approach for multi-target tracking in 3D that includes terms for image evidence, physics based priors, and a simplicity term that pushes towards fewer trajectories. Later, Andriyenko et al. [5] attempt to solve both data association and trajectory estimation problems using similar modeling ideas as in their previous work. In contrast to our work, they simultaneously optimize both association and trajectory energy functions, which results in a space of varying dimensionality.",
                    "embedding": null,
                    "h": null,
                    "parent": {
                        "py/id": 6
                    },
                    "py/object": "tree.TextTree"
                },
                {
                    "c": null,
                    "children": [],
                    "content": "Technical contributions include: (1) A full Bayesian formulation that incorporates both data association and the 3D geometry of the scene; (2) Robust inference of camera parameters while tracking; (3) A Gaussian process prior on trajectory smoothness applied in absolute 3D coordinates; (4) Inferring people\u2019s heights and widths simultaneously while tracking to improve performance; (5) Explicitly handling occlusion as a natural consequence of perspective projection while tracking; (6) Extending data association tracking to use multiple detections from multiple detectors, and associated proposal strategies; (7) A new model for the prior on the number of tracks, and associated births and deaths;and (8) Integrating optical \ufb02ow and detection information into probabilistic evidence for 3D tracking.",
                    "embedding": null,
                    "h": null,
                    "parent": {
                        "py/id": 6
                    },
                    "py/object": "tree.TextTree"
                }
            ],
            "content": "1. Introduction",
            "embedding": null,
            "h": null,
            "parent": {
                "py/id": 0
            },
            "py/object": "tree.TextTree"
        },
        {
            "c": null,
            "children": [
                {
                    "c": null,
                    "children": [],
                    "content": "In the data-association treatment of the multi-target tracking problem [30, 8], an unknown number of objects (targets) move in a volume, producing observations (detections) at discrete times. The objective is to determine the association, \u03c9, which species which detections were produced by which target, as well as which were generated spuriously. Here, the targets are the people moving around the ground plane, and the observations (B) are detection boxes obtained by running a person detector [14] on each frame of a video. Our goal is to nd \u03c9 which maximizes the posterior distribution p(\u03c9 | B) \u221d p(B | \u03c9)p(\u03c9), where p(\u03c9) is the prior distribution and p(B | \u03c9) is the likelihood function. The prior over associations contains priors over quantities like the number of tracks and the number of detections per track. The likelihood arises from modeling the underlying 3D scene captured by the video.",
                    "embedding": null,
                    "h": null,
                    "parent": {
                        "py/id": 26
                    },
                    "py/object": "tree.TextTree"
                },
                {
                    "c": null,
                    "children": [],
                    "content": "In our model, each person in the scene has a 3D conguration zr, which is composed of their trajectory (a sequence of points on the ground plane) and their size, which consists of height, width, and girth. We also model evidence from optical \ufb02ow features [26], I. Using all this, we can compute the likelihood function of an association by integrating out all possible 3D congurations; that is p(B, I | \u03c9) = p(B | z, \u03c9)p(I | z, \u03c9)p(z) dz where the factors in the integrand are, respectively, the two likelihoods of the 3D scene given the two sources of data and the prior over the scene (with z = (z1, . . . , zm)). The overall graphical model is shown in Figure 1. 2.1. Association",
                    "embedding": null,
                    "h": null,
                    "parent": {
                        "py/id": 26
                    },
                    "py/object": "tree.TextTree"
                },
                {
                    "c": null,
                    "children": [],
                    "content": "Formally, an association \u03c9 = {\u03c4r \u2282 B}mr=0 is a partition of the set of detections B, where \u03c41, . . . , \u03c4m are called tracks, and represent across-time chains of observations of the objects being tracked, and \u03c40 is the set of false alarms. An example association is shown in Figure 2(a). The association entity is based on well-known work by Oh et al. [31], but we extend that work by (1) allowing tracks to produce multiple measurements at any given frame and (2) employing a prior on associations which allows parameters governing track dynamics and detector behavior to adapt to the environment of a particular video.",
                    "embedding": null,
                    "h": null,
                    "parent": {
                        "py/id": 26
                    },
                    "py/object": "tree.TextTree"
                },
                {
                    "c": null,
                    "children": [],
                    "content": "We assume an association is the result of the following generative process. When the video starts, there are e1 people in the scene. At each subsequent frame t, et people enter t=1 et tracks, whose lengths the scene, resulting in m = are lr, r = 1, . . . , m. In addition, dt people exit the scene. At frame t we also observe art detections due to person r and nt detections due to noise. We dene at = r=1 art as",
                    "embedding": null,
                    "h": null,
                    "parent": {
                        "py/id": 26
                    },
                    "py/object": "tree.TextTree"
                },
                {
                    "c": null,
                    "children": [],
                    "content": "Figure 1. Graphical model. Filled circles represent observed variables and red dots represent constants. (a) Graphical model of prior over associations. e, and l are the number of tracks created at each frame and their lengths; n and A are the detections from noise and tracks, respectively; \u03c9 is the resulting association. The remaining nodes are parameters for different terms of the prior distribution. (b) Graphical model of the joint distribution, omitting details about the association prior. \u03c4r are tracks (with \u03c9 = {\u03c41, . . . , \u03c4m}) and \u03b3 = (\u03ba, \u03b8, \u03bbN ) are parameters for the association prior; xr denote trajectories, and dr are the dimensions of objects; C denotes the camera; B is the detection data and I the image optical \ufb02ow data. The remaining Greek letters (the \u03c6s) represent parameters of probability distributions. Noise detections and noise optical \ufb02ow vectors are omitted.the number of true detections at frame t, and Nt = nt+at as the total number of detections at t. Finally, a fully-specied assignment in frame t is a permutation of its Nt detections, with the rst nt associated to noise, the next a1t associated to the rst track in the frame, etc. (see Figure 1(a)) We assume that e1 \u223c Pois(\u03ba), and that lr \u223c Exp(\u03b8), r = 1, . . . , m. Assuming the distribution of the number of tracks is stationary, this implies that et \u223c Pois(\u03ba\u03b8), t > 1. The number of detections per target per frame, as well as the number of noisy detections, are also Poisson distributed, with parameters \u03bbA and \u03bbN , respectively. Under these conditions, it can be shown that the prior depends only on the",
                    "embedding": null,
                    "h": null,
                    "parent": {
                        "py/id": 26
                    },
                    "py/object": "tree.TextTree"
                },
                {
                    "c": null,
                    "children": [],
                    "content": "Figure 2. An example association and its corresponding 3D conguration. (a) An association with two tracks that span a video of ve frames. The red boxes make up \u03c41 and the blue boxes are \u03c42, while the black boxes are part of the set of false alarms \u03c40. (b) The corresponding 3D scene with two trajectories z1 and z2, whose colors correspond to the tracks in (a). Although \u03c41 has no detections at time t + 3, z1 still exists there with position x14.total tracks m, entrances e, exits d, true detections a, noisy detections n, and track lengths l, as well as the number of ways to permute track labels within frames, and detections within tracks and frames. The resulting expression for p(\u03c9 | \u03ba, \u03b8, \u03bbN ) is (cid:4)",
                    "embedding": null,
                    "h": null,
                    "parent": {
                        "py/id": 26
                    },
                    "py/object": "tree.TextTree"
                },
                {
                    "c": null,
                    "children": [],
                    "content": "Finally, we consider \u03ba, \u03b8, and \u03bbN to depend on the video and must infer their values. Consequently, we place vague Gamma priors on them; e.g., \u03ba \u223c G(\u03b1\u03ba, \u03b2\u03ba). 2.2. Scene and Camera",
                    "embedding": null,
                    "h": null,
                    "parent": {
                        "py/id": 26
                    },
                    "py/object": "tree.TextTree"
                },
                {
                    "c": null,
                    "children": [],
                    "content": "Each track \u03c4r \u2208 \u03c9, has a corresponding trajectory on the ground plane. The trajectory corresponding to track \u03c4r is xr = (xr 1, . . . , xr lr )T, xr j \u2208 R 2. The length lr of trajectory xr is determined by the rst and last detections of track \u03c4r. Note that, while \u03c4r contains no elements for frames where the person was not detected, xr j is specied for every j between the track\u2019s initial and nal frame. Each person has three size dimensions: width, height and girth, denoted by dr = (wr, hr, gr). We will denote the 3D conguration of track \u03c4r by zr = (xr, dr).",
                    "embedding": null,
                    "h": null,
                    "parent": {
                        "py/id": 26
                    },
                    "py/object": "tree.TextTree"
                },
                {
                    "c": null,
                    "children": [],
                    "content": "We model motion as a realization of a multi-output Gaussian process (GP) [33, 35]. Specically, trajectory xr is the curve generated by a sample from a GP with inputs Sr = {1, . . . , lr}, with the zero mean function and the squared-exponential covariance function. That is, xr | \u03c4r \u223c N (0, Kr), where Kr is the covariance matrix, whose ele)2, for ment (s, s all pairs in Sr \u00d7 Sr. The smoothness and scale parameters lx and \u03c3x are set using calibration data. Person size is a priori normally distributed, e.g., hr \u223c N (\u03bch, \u03c3h), following actual human size [27].",
                    "embedding": null,
                    "h": null,
                    "parent": {
                        "py/id": 26
                    },
                    "py/object": "tree.TextTree"
                },
                {
                    "c": null,
                    "children": [],
                    "content": "Combining these elements and assuming trajectories and sizes to be independent of one another, we get the followingp(xr | \u03c4r, \u03c6x)p(dr | \u03c6d),where \u03c6x = (lx, \u03c3x) and \u03c6d = (\u03bcw, \u03c3w, \u03bch, \u03c3h, \u03bcg, \u03c3g).",
                    "embedding": null,
                    "h": null,
                    "parent": {
                        "py/id": 26
                    },
                    "py/object": "tree.TextTree"
                },
                {
                    "c": null,
                    "children": [],
                    "content": "Camera. We assume a standard perspective camera [18] with simplifying assumptions[12]. We set the origin of the world to be on the ground plane, for which we use the xz-plane. We assume the camera center to be at (0, \u03b7, 0) (\u03b7 is the camera height), a pitch angle of \u03c8, and a focal length of f (see Figure 3 (top)). Further, we assume the camera has unit aspect ratio, and that the roll, yaw, axis skew, and principal point offset are all zero. We let \u03b7, \u03c8, and f have vague normal priors whose parameters we set manually. Specically, we have \u03b7 \u223c N (\u03bc\u03b7, \u03c3\u03b7), \u03c8 \u223c N (\u03bc\u03c8, \u03c3\u03c8), and f \u223c N (\u03bcf , \u03c3f ). Assuming independence between parameters, the camera prior is p(C) = p(\u03b7 | \u03bc\u03b7, \u03c3\u03b7)p(\u03c8 | \u03bc\u03c8, \u03c3\u03c8)p(f | \u03bcf , \u03c3f ) where C = (\u03b7, \u03c8, f ).",
                    "embedding": null,
                    "h": null,
                    "parent": {
                        "py/id": 26
                    },
                    "py/object": "tree.TextTree"
                },
                {
                    "c": null,
                    "children": [],
                    "content": "Projecting the scene. We convert a 3D scene to a 2D representation by transforming every cylinder at every frame into a 2D box in the image via the camera. Given a trajectory element xrj, we take uniformly-spaced (3D) points on the rims of the cylinder, project them onto the image plane using the camera C and nd the minimum bounding box hrj around the resulting 2D points. We call hrj a model box (see Figure 3 (top)).",
                    "embedding": null,
                    "h": null,
                    "parent": {
                        "py/id": 26
                    },
                    "py/object": "tree.TextTree"
                },
                {
                    "c": null,
                    "children": [],
                    "content": "For each model box hrj, we also compute the region(cid:6) box. Then,(cid:6)hrj that is not occluded from the camera, as follows. First, we discretize hrj into a grid of small cells. We then shoot a ray from the center of each grid cell to the center of the camera, and declare it visible if the ray does not intersect any otherhrj is simply the union of these visible cells.",
                    "embedding": null,
                    "h": null,
                    "parent": {
                        "py/id": 26
                    },
                    "py/object": "tree.TextTree"
                },
                {
                    "c": null,
                    "children": [],
                    "content": "We use two sources of evidence: person detectors and optical \ufb02ow. First, we run various person detectors on the }, video frames to get bounding boxes Bt = {bt1, . . . , btNt t = 1, . . . , T , where Nt is the number of detections in frame t. We parametrize each box btj by (bx tj ), representing the x-coordinate of the center, and the y-coordinates of the top, and bottom, respectively. We also run a dense optical \ufb02ow estimator on the video, which outputs a set of velocity vectors It = {vt1, . . . , vtNI } for each frame t = 1, . . . , T \u22121, where NI is the number of pixels in the frame. t=1Bt and I = {I1, . . . , IT\u22121}, and Finally, we use B = \u222aT we denote the complete data set by D = (B, I). Box likelihood. We model data boxes as having i.i.d. Laplace-distributed errors in the x, top, and bottom parameters. That is, for any assigned data box btj \u2208 \u03c4r, r (cid:7)= 0, and the corresponding model box (for simplicity, assume track \u03c4r starts at t = 1) hrt = C(xrt, dr), we haveh rj x b rj x",
                    "embedding": null,
                    "h": null,
                    "parent": {
                        "py/id": 26
                    },
                    "py/object": "tree.TextTree"
                },
                {
                    "c": null,
                    "children": [],
                    "content": "Figure 3. Likelihood computation. Top: the cylinder from target zr in frame j gets projected via camera onto the image plane, and model box hrj is computed around it. Bottom-left: The likelihood for the x component of hrj (blue) given one of its corresponding data boxes b \u2208 B (dark red), i.e., bx | hx rj, \u03c3x). Bottom-right: hrj along with its model direction urj (thick blue arrow) and the \ufb02ow vectors it contains (dotted red arrows). The thick red arrow is the average of the \ufb02ow vectors which lie in (cid:2)hrj; i.e., those not occluded by the red box.where h(b) is the model box of the cylinder for the target and frame corresponding to box b, and \u03c6B = (\u03bcx, \u03c3x, \u03bctop, \u03c3top, \u03bcbot, \u03c3bot).",
                    "embedding": null,
                    "h": null,
                    "parent": {
                        "py/id": 26
                    },
                    "py/object": "tree.TextTree"
                },
                {
                    "c": null,
                    "children": [],
                    "content": "Image likelihood. We aggregate optical \ufb02ow vector into averages as follows. Let IB be the set of boxes of all sizes and locations that t within the image, and \u00afvt(b) be the average of the optical \ufb02ow vectors from frame t contained in box b. We dene It = {\u00afvt(b)| b \u2208 IB}, and let I = {I1, . . . , IT\u22121} as before. Now, consider a pair of consecrt, uy utive model boxes hrt and hr t+1, and let urt = (ux rt) be the difference of their centers (called model direction) and v = (vx, vy) \u2208 It be the average \ufb02ow vector that corresponds to the box of location and size equal to hrt. We model the error between each of their coordinates as having a Laplace distribution, so that vx | ux I ), rt, \u03c3x and analogously for vy (see Figure 3 (bottom-right)). Finally, any v \u2208 I which does not have a corresponding tributions, e.g., vx \u223c Laplace(0,(cid:6)\u03c3x model box has coordinates which have vague Laplace disThe full image likelihood p(I | z, \u03c9, C) is T\u22121(cid:5) (cid:5)p(v | u(v), C, \u03c6I )t=1 \u2217 where I t is the set of foreground boxes at time t, u(v) is the model direction corresponding to v, and \u03c6I are the Laplace distribution parameters. We can simplify this by taking advantage of the sparsity of the trajectory boxes and dividing by the constantv\u2208I p(v | \u03c6I ) to getp(I | z, \u03c9, C) \u221d T\u22121(cid:5)p(v | u(v), C, \u03c6I )",
                    "embedding": null,
                    "h": null,
                    "parent": {
                        "py/id": 26
                    },
                    "py/object": "tree.TextTree"
                },
                {
                    "c": null,
                    "children": [],
                    "content": "Finally, since detection boxes and optical \ufb02ow are conditionally independent, we have that p(D | z, \u03c9, C) = p(B | z, \u03c9, C)p(I | z, \u03c9, C)eq. 3 with the mixture |(cid:6) where |(cid:6)",
                    "embedding": null,
                    "h": null,
                    "parent": {
                        "py/id": 26
                    },
                    "py/object": "tree.TextTree"
                },
                {
                    "c": null,
                    "children": [],
                    "content": "Occlusion. Having a 3D model provides valuable information about occlusion, which we exploit in two ways. In the box likelihood computation, we replace the rst factor in h(b)|)p(b) h(b), i.e., the fraction of h(b) which is visible. In addition, we only average the \ufb02ow vectors which are contained in the visible cells of the model box which corresponds to u(v) (see gure 3, bottom-right).",
                    "embedding": null,
                    "h": null,
                    "parent": {
                        "py/id": 26
                    },
                    "py/object": "tree.TextTree"
                }
            ],
            "content": "2. Model, priors, and likelihood",
            "embedding": null,
            "h": null,
            "parent": {
                "py/id": 0
            },
            "py/object": "tree.TextTree"
        },
        {
            "c": null,
            "children": [
                {
                    "c": null,
                    "children": [],
                    "content": "We wish to nd the MAP estimate of \u03c9 as a good solution to the data association problem. In addition, we need to infer the camera parameters C, and the association prior parameters \u03b3 = (\u03ba, \u03b8, \u03bbN ), which we consider functions of the video. Hence, we seek a value (\u03c9, C, \u03b3) that maximizes the posterior distributionp(\u03c9, C, \u03b3 |D) \u221d p(\u03c9 | \u03b3)p(\u03b3)p(C)p(D | \u03c9, C) = p(\u03c9 | \u03b3)p(\u03ba)p(\u03b8)p(\u03bbN )p(C) \u00d7 p(D | z, \u03c9, C)p(z| \u03c9) dz,where the factors in the expression are given by equations 1, 2, 3, and 5. To search the space of associations and associated parameters we use Markov chain Monte Carlo (MCMC) sampling techniques. At each iteration, we use different moves to sample over each of three variable blocks, stopping when the posterior stops changing.",
                    "embedding": null,
                    "h": null,
                    "parent": {
                        "py/id": 64
                    },
                    "py/object": "tree.TextTree"
                },
                {
                    "c": null,
                    "children": [],
                    "content": "Figure 4. Sampling moves. The blue and red boxes belong to tracks \u03c41 and \u03c42, respectively, and the black boxes are part of the false alarms \u03c40.",
                    "embedding": null,
                    "h": null,
                    "parent": {
                        "py/id": 64
                    },
                    "py/object": "tree.TextTree"
                },
                {
                    "c": null,
                    "children": [],
                    "content": "Sampling \u03b3 is straightforward. The full conditional distributions of its components are easy to compute (and sample from), given the conditional independence properties of our model, e.g., p(\u03ba| \u03b8, \u03bbN , \u03c9, C,D) = p(\u03ba| \u03b8, \u03c9), with analogous equalities holding for the full conditionals of \u03b8 and \u03bbN . From this and the conjugate hyper-priors (see Section 2.1), we have that \u03ba| \u03b8, \u03c9 \u223c G(m + \u03b1\u03ba, 1 + (T \u2212 1)\u03b8 + \u03b2\u03ba), \u03b8 | \u03ba, \u03c9 \u223c G(e + d + \u03b1\u03b8, l + (T \u2212 1)\u03ba + \u03b2\u03b8), and \u03bbN | \u03c9 \u223c G(n + \u03b1\u03bb, T + \u03b2\u03bb), where the Gamma distribution is parametrized by shape and rate in all cases. Sampling associations. We use the Metropolis-Hastings (MH) algorithm to sample from p(\u03c9 | \u03b3, C,D), using an extension of the MCMCDA proposal mechanism [31, 8]. Let (cid:2) from \u03c9 be the current sample. We draw an association \u03c9 the proposal distribution q(\u00b7| \u03c9), which we accept or reject based on the MH acceptance probability (cid:2) | \u03b3, C,D)q(\u03c9 | \u03c9 (cid:2) ) (cid:2) | \u03c9)",
                    "embedding": null,
                    "h": null,
                    "parent": {
                        "py/id": 64
                    },
                    "py/object": "tree.TextTree"
                },
                {
                    "c": null,
                    "children": [],
                    "content": "We use seven sampling moves to efciently explore the space of associations, which are loosely based on the standard MCMCDA moves. At each MH iteration, we perform move j with probability qm(j), where j \u2208 {1, . . . , 7}, (birth is 1, death 2, etc.). In what follows, let \u03c9 = {\u03c40, . . . , \u03c4m} (cid:2) be the proposed association. be the current sample, and \u03c9 Birth/death moves. A frame, ti, is sampled uniformly, (cid:3) is and the rst detection \u03c4m sampled uniformly from the set of false alarms at time ti. We then decide whether to grow forward or backward in time with probability 1 2. Assuming forward growth: to grow to time t = ti + 1, we t a line through the bottom of the previous s boxes, extrapolate the position of the next box, and independently choose to append candidates at time t based on their squared distance from the predicted point (see Figure 5). If none of the detections from time t is as(cid:3) with probability c; otherwise, signed, we stop growing \u03c4m we continue with t + 1. The new association is then set to",
                    "embedding": null,
                    "h": null,
                    "parent": {
                        "py/id": 64
                    },
                    "py/object": "tree.TextTree"
                },
                {
                    "c": null,
                    "children": [],
                    "content": "Figure 5. The growing procedure and the disconnect move. The blue boxes represent the last detections of the track, the red line is t to their bottoms and extrapolates the ideal position of the new boxes, represented by the center of the concentric circles. The black boxes are then appended to the track based on their distance from the ideal point (e.g., in this case, bt2 has the best chance of being added).be \u03c9 from {1 . . . , m}, and let \u03c9",
                    "embedding": null,
                    "h": null,
                    "parent": {
                        "py/id": 64
                    },
                    "py/object": "tree.TextTree"
                },
                {
                    "c": null,
                    "children": [],
                    "content": "Extension/reduction moves. For extension, we choose a track \u03c4r uniformly. We then grow it forward or backward (cid:3) using the procedure described for the birth to produce \u03c4r move. For reduction, we pick a detection \u03c4r j uniformly from {\u03c4r 2, . . . , \u03c4r lr\u22121}, choose a direction, and remove all detections from the track after (or before) \u03c4r j. In both, the resulting association is \u03c9",
                    "embedding": null,
                    "h": null,
                    "parent": {
                        "py/id": 64
                    },
                    "py/object": "tree.TextTree"
                },
                {
                    "c": null,
                    "children": [],
                    "content": "Merge/split moves. We replace the standard MCMCDA merge and split moves with alternatives that exploit the fact that we allow tracks to contain multiple detections from a In the merge move, we assign a weight to single frame. (cid:3)(cid:3) ) proportional to the probability each pair of tracks (\u03c4r (cid:3)(cid:3), as described in the birth move of birthing track \u03c4r above. We then choose a pair based on those probabilities, (cid:3)(cid:3). The proand the resulting track becomes \u03c4r = \u03c4r (cid:3)(cid:3)}) \u222a \u03c4r. posed association then becomes \u03c9 (cid:3) , \u03c4r (cid:2) uniTo split track \u03c4r, we rst choose two frames t and t (cid:2). All detections before t go to \u03c4r (cid:3), and all formly, t < t (cid:3)(cid:3). Each detection between t and detections after t (cid:2) go to either track with probability 1 2. The resulting assot (cid:3)(cid:3)}. ciation is \u03c9",
                    "embedding": null,
                    "h": null,
                    "parent": {
                        "py/id": 64
                    },
                    "py/object": "tree.TextTree"
                },
                {
                    "c": null,
                    "children": [],
                    "content": "Switch move. First select tracks r1 and r2 uniformly, and choose one detection from each track (with indices j and k) such that their locations are within a distance v times their temporal offset. Then, the detections after j in track r1 and those before k in track r2 are swapped. The proposed association is \u03c9 (cid:2), we must evaluate its posterior 7), which contains an integral over z that cor(eq. Due to responds to the marginal the camera projection, this likelihood cannot be performed analytically, nor can it be computed numerically, due to the high dimensionality of z. Instead, we estimate the value of the integral using the LaplaceMetropolis approximation [17], which uses the fact thatp(D | \u03c9, C) = p(D | z\u2217 where z\u2217 mate the denominator with the Gaussian pdf, we get p(D | \u03c9, C) \u2248 (2\u03c0) (9) where H is the Hessian of \u2212 log(p(D | z, \u03c9, C)p(z| \u03c9)) evaluated at z\u2217, and D is the dimension of z. We estimate z\u2217 using the Hybrid Monte Carlo (HMC) algorithm [29], using central nite differences to approximate the gradient of the posterior p(z|D, \u03c9, C). We also use nite differences to approximate H at z\u2217. Unfortunately, the nite differences approximation requires too many evaluations of the posterior, an expensive calculation. To address this, we exploit the conditional independence that exists (cid:2) | z, \u03c9, C) = between frames in the likelihood, e.g., p(b, b p(b| z, \u03c9, C)p(b In the gradient computation, for example, updating a single dimension of z only affects a small number of boxes, whose likelihoods we can update independently of the rest. Conditional independence also means that most off-diagonal elements of H are very close to 0, a fact which we exploit by only computing the nite differences on the diagonal. Sampling cameras. We use HMC to sample from the camera posterior p(C | \u03b3, \u03c9, B, I) \u221d p(B, I | C, \u03c9)p(C), as this has proved effective in the task of camera estimation under a similar parametrization [12]. We use the same HMC implementation as that used to approximate z\u2217 for eq. 9.",
                    "embedding": null,
                    "h": null,
                    "parent": {
                        "py/id": 64
                    },
                    "py/object": "tree.TextTree"
                }
            ],
            "content": "3. Inference",
            "embedding": null,
            "h": null,
            "parent": {
                "py/id": 0
            },
            "py/object": "tree.TextTree"
        },
        {
            "c": null,
            "children": [
                {
                    "c": null,
                    "children": [],
                    "content": "Data. For person detections, we used the readily available MATLAB implementation of the object detector developed by Felzenszwalb et al. [14], pre-trained for humans. We found that the detector missed well-dened smaller gures, mitigated by using double-sized images. For image data, we precomputed the dense optical \ufb02ow of each frame using an existing software [26]. To speed up the computation of the average \ufb02ow (\u00a72.3), we precompute the integral \ufb02ow of each frame using integral images.",
                    "embedding": null,
                    "h": null,
                    "parent": {
                        "py/id": 82
                    },
                    "py/object": "tree.TextTree"
                },
                {
                    "c": null,
                    "children": [],
                    "content": "Parameter calibration. We manually annotated boxes for 47 videos from the DARPA Mind\u2019s Eye Year One (MEY1) data set.1, by drawing tight bounding boxes around each target throughout the video. To calibrate relevant parameters of the generative model, we match each detection box to the ground truth box with which it has maximum overlapping area, provided it is greater than 50%, otherwise it is counted as a false detection. Using this matching, we nd reasonable values for \u03bbA and for the parameters of the likelihoods \u03c6B and \u03c6I. For the former, we simply average number of detections associated to each ground truth box; we estimate the latter using a maximum likelihood approach",
                    "embedding": null,
                    "h": null,
                    "parent": {
                        "py/id": 82
                    },
                    "py/object": "tree.TextTree"
                }
            ],
            "content": "4. Data preparation and calibration",
            "embedding": null,
            "h": null,
            "parent": {
                "py/id": 0
            },
            "py/object": "tree.TextTree"
        },
        {
            "c": null,
            "children": [
                {
                    "c": null,
                    "children": [],
                    "content": "We tested our tracker on two widely-used data sets: the PETS 2009 data set2, and the TUD data set3. For PETS we tested on the S2L1 video, which has over 795 frames, and contains 19 pedestrians walking freely about a very large area. The TUD data set contains three videos, called campus, crossing, and Stadtmitte, with 71, 201, and 179 frames, respectively, featuring between 8 and 13 people walking across the screen, and which were taken with a very low camera angle, causing targets to be frequently occluded for long periods of time.",
                    "embedding": null,
                    "h": null,
                    "parent": {
                        "py/id": 88
                    },
                    "py/object": "tree.TextTree"
                },
                {
                    "c": null,
                    "children": [],
                    "content": "Performance measures. We use the CLEAR metrics [38] which consists of two measurements, multiple object tracking accuracy (MOTA) and multiple object tracking precision (MOTP). MOTA is a measure of false positives, missed targets and track switches, and ranges from \u2212\u221e to 1, with 1 being a perfect score. MOTP measures the average distance between true and inferred trajectories, and ranges from 0 to the threshold at which tracks are said to correspond which, as per convention, we set to 1 meter.",
                    "embedding": null,
                    "h": null,
                    "parent": {
                        "py/id": 88
                    },
                    "py/object": "tree.TextTree"
                },
                {
                    "c": null,
                    "children": [],
                    "content": "We also use the evaluation proposed by Li et al. [25], of which we are using two metrics: mostly tracked (MT) and mostly lost (ML), We use a threshold of 80% for declaring a target mostly tracked.",
                    "embedding": null,
                    "h": null,
                    "parent": {
                        "py/id": 88
                    },
                    "py/object": "tree.TextTree"
                },
                {
                    "c": null,
                    "children": [],
                    "content": "Experiments. We report the results of running our tracker on PETS and TUD, as well as published results for other algorithms in Table 1. We also ran experiments designed to test the impact of the different parts of our model, in which we ran our tracker with certain aspects disabled. Here we used the relatively easy TUD-Campus video. The results for these experiments are in Table 2. Not surprisingly, the performance took the greatest blow when the tracker ignored optical \ufb02ow features. These results also suggest that our handling of occlusion is also quite helpful, which supports our fully 3D approach.",
                    "embedding": null,
                    "h": null,
                    "parent": {
                        "py/id": 88
                    },
                    "py/object": "tree.TextTree"
                },
                {
                    "c": null,
                    "children": [],
                    "content": "Figure 6. Visualization of some of our results: three frames of the PETS-S2L1 video with the 3D scene super-imposed.",
                    "embedding": null,
                    "h": null,
                    "parent": {
                        "py/id": 88
                    },
                    "py/object": "tree.TextTree"
                },
                {
                    "c": null,
                    "children": [],
                    "content": "Our method Zamir [34] Wu [41]",
                    "embedding": null,
                    "h": null,
                    "parent": {
                        "py/id": 88
                    },
                    "py/object": "tree.TextTree"
                },
                {
                    "c": null,
                    "children": [],
                    "content": "Our method Zamir [34] Our method Zamir [34]",
                    "embedding": null,
                    "h": null,
                    "parent": {
                        "py/id": 88
                    },
                    "py/object": "tree.TextTree"
                },
                {
                    "c": null,
                    "children": [],
                    "content": "Andriyenko [5] Andriyenko [4] Andriyenko [2]",
                    "embedding": null,
                    "h": null,
                    "parent": {
                        "py/id": 88
                    },
                    "py/object": "tree.TextTree"
                },
                {
                    "c": null,
                    "children": [],
                    "content": "MOTA 0.83 0.9 0.88 0.96 0.88 0.80 0.91 0.70 0.78 0.62 0.60 0.68 0.84 0.85",
                    "embedding": null,
                    "h": null,
                    "parent": {
                        "py/id": 88
                    },
                    "py/object": "tree.TextTree"
                },
                {
                    "c": null,
                    "children": [],
                    "content": "MT 0.67 \u00d7 0.87 0.96 0.87 0.69 \u00d7 0.7 \u00d7 0.67 0.67 0.55 0.75 \u00d7",
                    "embedding": null,
                    "h": null,
                    "parent": {
                        "py/id": 88
                    },
                    "py/object": "tree.TextTree"
                },
                {
                    "c": null,
                    "children": [],
                    "content": "Table 1. Comparison of performance of our approach and several state-of-the art algorithms on the PETS and TUD (campus, crossing, and Stadtmitte, labeled TUD-C, TUD-X, TUD-S, resp.) data sets using the CLEAR metrics, as well as those proposed in [25]. We report MOTP as normalized distance, and use \u00d7 for values not reported, or reported in 2D.",
                    "embedding": null,
                    "h": null,
                    "parent": {
                        "py/id": 88
                    },
                    "py/object": "tree.TextTree"
                },
                {
                    "c": null,
                    "children": [],
                    "content": "Table 2. A summary of the effect of removing key features of our tracker. \u201cBase\u201d is our full algorithm, \u201cNO-OF\u201d ignores optical \ufb02ow features, and NO-OCC does not reason about occlusion.",
                    "embedding": null,
                    "h": null,
                    "parent": {
                        "py/id": 88
                    },
                    "py/object": "tree.TextTree"
                }
            ],
            "content": "5. Experiments and results",
            "embedding": null,
            "h": null,
            "parent": {
                "py/id": 0
            },
            "py/object": "tree.TextTree"
        },
        {
            "c": null,
            "children": [
                {
                    "c": null,
                    "children": [],
                    "content": "We presented a tracker which incorporates representations for data association and 3D scene in a principled way. Across all data sets and all measures our method is comparable to the state-of-the-art. Since our approach is Bayesian and expandable, we expect performance will improve as it matures. In addition, our algorithm is easily parallelizable. We emphasize that we are learning more about the scene than other approaches typically do. In particular, we infer the camera and sizes of the tracked persons. We expect that further modeling improvements will similarly lead to better tracking and inferring more about the scene.",
                    "embedding": null,
                    "h": null,
                    "parent": {
                        "py/id": 114
                    },
                    "py/object": "tree.TextTree"
                }
            ],
            "content": "6. Discussion",
            "embedding": null,
            "h": null,
            "parent": {
                "py/id": 0
            },
            "py/object": "tree.TextTree"
        },
        {
            "c": null,
            "children": [
                {
                    "c": null,
                    "children": [],
                    "content": "This material is based upon work supported in part by the DARPA Mind\u2019s Eye program, and by the National Science Foundation under Grant No. IIS-0747511.",
                    "embedding": null,
                    "h": null,
                    "parent": {
                        "py/id": 118
                    },
                    "py/object": "tree.TextTree"
                },
                {
                    "c": null,
                    "children": [],
                    "content": "References [1] M. Andriluka, S. Roth, and B. Schiele. Monocular 3d pose estimation and tracking by detection. In CVPR, pages 623\u2013 630, 2010. 1continuous energy minimization. In CVPR, 2011. 1, 2, 7",
                    "embedding": null,
                    "h": null,
                    "parent": {
                        "py/id": 118
                    },
                    "py/object": "tree.TextTree"
                },
                {
                    "c": null,
                    "children": [],
                    "content": "Sampling bedrooms. CVPR, pages 2009\u20132016, 2011. 4, 6",
                    "embedding": null,
                    "h": null,
                    "parent": {
                        "py/id": 118
                    },
                    "py/object": "tree.TextTree"
                },
                {
                    "c": null,
                    "children": [],
                    "content": "Computer Vision. Cambridge University Press, 2000. 4blob tracker. In ICCV, pages 34\u201341, 2001. 2sion with likelihoods for visual tracking. ICCV, 2011. 1",
                    "embedding": null,
                    "h": null,
                    "parent": {
                        "py/id": 118
                    },
                    "py/object": "tree.TextTree"
                },
                {
                    "c": null,
                    "children": [],
                    "content": "Motion Analysis. PhD thesis, M.I.T., 2009. 2, 6monte carlo methods. Technical report, 1993. 6",
                    "embedding": null,
                    "h": null,
                    "parent": {
                        "py/id": 118
                    },
                    "py/object": "tree.TextTree"
                },
                {
                    "c": null,
                    "children": [],
                    "content": "For Machine Learning. MIT Press, 2006. 3of Neural Systems, 14(2):69\u2013106, 2004. 3for monocular 3d human tracking. In CVPR, 2003. 2",
                    "embedding": null,
                    "h": null,
                    "parent": {
                        "py/id": 118
                    },
                    "py/object": "tree.TextTree"
                }
            ],
            "content": "7. Acknowledgments",
            "embedding": null,
            "h": null,
            "parent": {
                "py/id": 0
            },
            "py/object": "tree.TextTree"
        }
    ],
    "content": "Bayesian 3D tracking from monocular video",
    "embedding": null,
    "h": null,
    "parent": null,
    "py/object": "tree.TextTree"
}