{
    "c": null,
    "children": [
        {
            "c": null,
            "children": [
                {
                    "c": null,
                    "children": [],
                    "content": "Advancements in deep learning have ignited an explosion of research on e\ufb03cient hardware for embedded computer vision. Hardware vision acceleration, however, does not address the cost of capturing and processing the image data that feeds these algorithms. We examine the role of the image signal processing (ISP) pipeline in computer vision to identify opportunities to reduce computation and save energy. The key insight is that imaging pipelines should be be congurable: to switch between a traditional photography mode and a lowpower vision mode that produces lower-quality image data suitable only for computer vision. We use eight computer vision algorithms and a reversible pipeline simulation tool to study the imaging system\u2019s impact on vision performance. For both CNN-based and classical vision algorithms, we observe that only two ISP stages, demosaicing and gamma compression, are critical for task performance. We propose a new image sensor design that can compensate for these stages. The sensor design features an adjustable resolution and tunable analog-to-digital converters (ADCs). Our proposed imaging system\u2019s vision mode disables the ISP entirely and congures the sensor to produce subsampled, lowerprecision image data. This vision mode can save \u223c75% of the average energy of a baseline photography mode with only a small impact on vision task accuracy.",
                    "embedding": null,
                    "h": null,
                    "parent": {
                        "py/id": 2
                    },
                    "py/object": "tree.TextTree"
                }
            ],
            "content": "Abstract",
            "embedding": null,
            "h": null,
            "parent": {
                "py/id": 0
            },
            "py/object": "tree.TextTree"
        },
        {
            "c": null,
            "children": [
                {
                    "c": null,
                    "children": [],
                    "content": "The deep learning revolution has accelerated progress in a plethora of computer vision tasks. To bring these vision capabilities within the battery budget of a smartphone, a wave of recent work has designed custom hardware for inference in deep neural networks [15, 19, 30]. This work, however, only addresses part of the whole cost: embedded vision involves the entire imaging pipeline, from photons to task result. As hardware acceleration reduces the energy cost of inference, the cost to capture and process images will consume a larger share of total system power [9, 31].",
                    "embedding": null,
                    "h": null,
                    "parent": {
                        "py/id": 6
                    },
                    "py/object": "tree.TextTree"
                },
                {
                    "c": null,
                    "children": [],
                    "content": "We study the potential for co-design between camera systems and vision algorithms to improve their end-toend e\ufb03ciency. Existing imaging pipelines are designed for photography: they produce high-quality images for human consumption. An imaging pipeline consists of the image sensor itself and an image signal processor (ISP) chip, both of which are hard-wired to produce high-resolution, low-noise, color-corrected photographs. Modern computer vision algorithms, however, do not require the same level of quality that humans do. Our key observation is that mainstream, photography-oriented imaging hardware wastes time and energy to provide quality that computer vision algorithms do not need.",
                    "embedding": null,
                    "h": null,
                    "parent": {
                        "py/id": 6
                    },
                    "py/object": "tree.TextTree"
                },
                {
                    "c": null,
                    "children": [],
                    "content": "We propose to make imaging pipelines congurable. The pipeline should support both a traditional photography mode and an additional, low-power vision mode. In vision mode, the sensor can save energy by producing lower-resolution, lower-precision image data, and the ISP can skip stages or disable itself altogether. We examine the potential for a vision mode in imaging systems by measuring its impact on the hardware e\ufb03ciency and vision accuracy. We study vision algorithms\u2019 sensitivity to sensor parameters and to individual ISP stages, and we use the results to propose an end-to-end design for an imaging pipeline\u2019s vision mode.",
                    "embedding": null,
                    "h": null,
                    "parent": {
                        "py/id": 6
                    },
                    "py/object": "tree.TextTree"
                },
                {
                    "c": null,
                    "children": [],
                    "content": "Contributions: This paper proposes a set of modications to a traditional camera sensor to support a vision mode. The design uses variable-accuracy analogto-digital converters (ADCs) to reduce the cost of pixel capture and power-gated selective readout to adjust sensor resolution. The sensor\u2019s subsampling and quantization hardware approximates the e\ufb00ects of two traditional ISP stages, demosaicing and gamma compression. With this augmented sensor, we propose to disable the ISP altogether in vision mode.",
                    "embedding": null,
                    "h": null,
                    "parent": {
                        "py/id": 6
                    },
                    "py/object": "tree.TextTree"
                },
                {
                    "c": null,
                    "children": [],
                    "content": "We also describe a methodology for studying the imaging system\u2019s role in computer vision performance. We have developed a tool that simulates a congurable imaging pipeline and its inverse to convert plain images to approximate raw signals. This tool is critical for generating training data for learning-based vision algorithms that need examples of images produced bya hypothetical imaging pipeline. Section 3.2 describes the open-source simulation infrastructure.",
                    "embedding": null,
                    "h": null,
                    "parent": {
                        "py/id": 6
                    },
                    "py/object": "tree.TextTree"
                },
                {
                    "c": null,
                    "children": [],
                    "content": "We use our methodology to examine eight vision applications, including classical algorithms for stereo, optical \ufb02ow, and structure-from-motion; and convolutional neural networks (CNNs) for object recognition and detection. For these applications, we nd that:",
                    "embedding": null,
                    "h": null,
                    "parent": {
                        "py/id": 6
                    },
                    "py/object": "tree.TextTree"
                },
                {
                    "c": null,
                    "children": [],
                    "content": "Altogether, the proposed vision mode can use roughly a quarter of the imaging-pipeline energy of a traditional photography mode without signicantly a\ufb00ecting the performance of most vision algorithms we studied.",
                    "embedding": null,
                    "h": null,
                    "parent": {
                        "py/id": 6
                    },
                    "py/object": "tree.TextTree"
                }
            ],
            "content": "1. Introduction",
            "embedding": null,
            "h": null,
            "parent": {
                "py/id": 0
            },
            "py/object": "tree.TextTree"
        },
        {
            "c": null,
            "children": [
                {
                    "c": null,
                    "children": [],
                    "content": "Energy-e\ufb03cient Deep Learning: Recent research has focused on dedicated ASICs for deep learning [10, 15, 19, 30, 38? ] to reduce the cost of forward inference compared to a GPU or CPU. Our work complements this agenda by focusing on energy e\ufb03ciency in the rest of the system: we propose to pair low-power vision implementations with low-power sensing circuitry. ISPs for Vision: While most ISPs are xedfunction designs, Vasilyev et al. [45] propose to use a programmable CGRA architecture to make them more \ufb02exible, and other work has synthesized custom ISPs onto FPGAs [22, 23]. Mainstream cameras, including smartphones [2], can bypass the ISP to produce RAW images, but the associated impact on vision is not known. Liu et al. [32] propose an ISP that selectively disables stages depending on application needs. We also explore sensitivity to ISP stages, and we propose changes to the image sensor hardware that subsume critical stages in a traditional ISP.",
                    "embedding": null,
                    "h": null,
                    "parent": {
                        "py/id": 22
                    },
                    "py/object": "tree.TextTree"
                },
                {
                    "c": null,
                    "children": [],
                    "content": "Image Sensors for Vision: In industry, some cameras are marketed with vision-specic designs. For example, Centeye [5] o\ufb00ers image sensors based on a logarithmic-response pixel circuit [16] for high dynamic range. Omid-Zohoor et al. [35] propose logarithmic, lowbitwidth ADCs and on-sensor processing for e\ufb03cientfeaturization using the histogram of oriented gradients. Focal-plane processing can compute basic functions such as edge detection in analog on the sensor [11, 33]. RedEye [30] computes initial convolutions for a CNN using a custom sensor ADC, and Chen et al. [8] approximate the rst layer optically using angle-sensitive pixels. Event-based vision sensors detect temporal motion with custom pixels [3, 25]. Chakrabarti [7] proposes to learn novel, non-Bayer sensor layouts using backpropagation. We focus instead on minimally invasive changes to existing camera pipelines. To our knowledge, this is the rst work to measure vision applications\u2019 sensitivity to design decisions in a traditional ISP pipeline. Our proposed pipeline can support both computer vision and traditional photography.",
                    "embedding": null,
                    "h": null,
                    "parent": {
                        "py/id": 22
                    },
                    "py/object": "tree.TextTree"
                },
                {
                    "c": null,
                    "children": [],
                    "content": "Other work has measured the energy of image sensing: there are potential energy savings when adjusting a sensor\u2019s frame rate and resolution [31]. Lower-powered image sensors have been used to decide when to activate traditional cameras and full vision computations [20]. Compressive sensing shares our goal of reducing sensing cost, but it relies on complex computations to recover images [14]. In contrast, our proposed pipeline lets vision algorithms work directly on sensor data without additional image reconstruction.",
                    "embedding": null,
                    "h": null,
                    "parent": {
                        "py/id": 22
                    },
                    "py/object": "tree.TextTree"
                },
                {
                    "c": null,
                    "children": [],
                    "content": "Error Tolerance in CNNs: Recent work by Diamond et al. [13] studies the impact of sensor noise and blurring on CNN accuracy and develops strategies to tolerate it. Our focus is broader: we consider a range of sensor and ISP stages, and we measure both CNN-based and \u201cclassical\u201d computer vision algorithms.",
                    "embedding": null,
                    "h": null,
                    "parent": {
                        "py/id": 22
                    },
                    "py/object": "tree.TextTree"
                }
            ],
            "content": "2. Related Work",
            "embedding": null,
            "h": null,
            "parent": {
                "py/id": 0
            },
            "py/object": "tree.TextTree"
        },
        {
            "c": null,
            "children": [
                {
                    "c": null,
                    "children": [
                        {
                            "c": null,
                            "children": [],
                            "content": "Figure 1a depicts a traditional imaging pipeline that feeds a vision application. The main components are an image sensor, which reacts to light and produces a RAW image; an image signal processor (ISP) unit, which transforms, enhances, and compresses the signal to produce a complete image, usually in JPEG format; and the vision application itself.",
                            "embedding": null,
                            "h": null,
                            "parent": {
                                "py/id": 34
                            },
                            "py/object": "tree.TextTree"
                        },
                        {
                            "c": null,
                            "children": [],
                            "content": "ISPs consist of a series of signal processing stages. While the precise makeup of an ISP pipeline varies, we consider a typical set of stages common to all ISP pipelines: denoising, demosaicing, color transformations, gamut mapping, tone mapping, and image compression. This simple pipeline is idealized: modern ISPs can comprise hundreds of proprietary stages. For example, tone mapping and denoising can use complex, adaptive operations that are customized for specic camera hardware. In this paper, we consider a simple form of global tone mapping that performs gamma comwere captured by the hypothetical hardware. Instead of capturing this data from scratch, we develop a toolchain that can convert existing image datasets.",
                            "embedding": null,
                            "h": null,
                            "parent": {
                                "py/id": 34
                            },
                            "py/object": "tree.TextTree"
                        },
                        {
                            "c": null,
                            "children": [],
                            "content": "The tool, called the Congurable & Reversible Imaging Pipeline (CRIP), simulates an imaging pipeline in \u201cforward\u201d operation and inverts the function in \u201creverse\u201d mode. CRIP takes as input a standard image le, runs the inverse conversion to approximate a RAW image, and then simulates a specic sensor/ISP conguration to produce a nal RGB image. The result recreates the image\u2019s color, resolution and quantization as if it had been captured and processed by a specic image sensor and ISP design. Figure 2 depicts the work\ufb02ow and shows the result of simulating a pipeline with only gamma compression and demosaicing. Skipping color transformations leads to a green hue in the output.",
                            "embedding": null,
                            "h": null,
                            "parent": {
                                "py/id": 34
                            },
                            "py/object": "tree.TextTree"
                        },
                        {
                            "c": null,
                            "children": [],
                            "content": "The inverse conversion uses an implementation of Kim et al.\u2019s reversible ISP model [27] augmented with new stages for reverse denoising and demosaicing as well as re-quantization. To restore noise to a denoised image, we use Chehdi et al.\u2019s sensor noise model [43]. To reverse the demosaicing process, we remove channel data from the image according to the Bayer lter. The resulting RAW image approximates the unprocessed output of a camera sensor, but some aspects cannot be reversed: namely, sensors typically digitize 12 bits per pixel, but ordinary 8-bit images have lost this detail after compression. For this reason, we only report results for quantization levels with 8 bits or fewer.from linearization error Kim et al. is the same as in that work: namely, less than 1%. To quantify CRIP\u2019s error when reconstructing RAW images, we used it to convert a Macbeth color chart photograph and compared the result with its original RAW version. The average pixel error was 1.064% and the PSNR was 28.81 dB. Qualitatively, our tool produces simulated RAW images that are visually indistinguishable from their real RAW counterparts.",
                            "embedding": null,
                            "h": null,
                            "parent": {
                                "py/id": 34
                            },
                            "py/object": "tree.TextTree"
                        },
                        {
                            "c": null,
                            "children": [],
                            "content": "CRIP\u2019s reverse pipeline implementation can use any camera model specied by Kim et al. [27], but for consistency, this paper uses the Nikon D7000 pipeline. We have implemented the entire tool in the domain-specic language Halide [37] for speed. For example, CRIP can convert the entire CIFAR-10 dataset [28] in one hour on an 8-core machine. CRIP is available as open source: https://github.com/cucapra/approx-vision",
                            "embedding": null,
                            "h": null,
                            "parent": {
                                "py/id": 34
                            },
                            "py/object": "tree.TextTree"
                        }
                    ],
                    "content": "3.1. The Imaging Pipeline",
                    "embedding": null,
                    "h": null,
                    "parent": {
                        "py/id": 32
                    },
                    "py/object": "tree.TextTree"
                },
                {
                    "c": null,
                    "children": [
                        {
                            "c": null,
                            "children": [],
                            "content": "Table 1 lists the computer vision algorithms we study. It also shows the data sets used for evaluation and, where applicable, training. Our suite consists of 5 CNN-based algorithms and 3 \u201cclassical,\u201d non-learningproposed pipeline (b) for our design\u2019s vision mode.pression. We also omit analyses that control the sensor, such as autoexposure and autofocus, and specialized stages such as burst photography or high dynamic range (HDR) modes. We select these simple, essential ISP stages because we believe they represent the common functionality that may impact computer vision.",
                            "embedding": null,
                            "h": null,
                            "parent": {
                                "py/id": 46
                            },
                            "py/object": "tree.TextTree"
                        }
                    ],
                    "content": "3.3. Benchmarks",
                    "embedding": null,
                    "h": null,
                    "parent": {
                        "py/id": 32
                    },
                    "py/object": "tree.TextTree"
                },
                {
                    "c": null,
                    "children": [
                        {
                            "c": null,
                            "children": [],
                            "content": "Many computer vision algorithms rely on machine learning. Deep learning techniques in particular require vast bodies of training images. To make learning-based vision work on our proposed imaging pipelines, we need a way to generate labeled images that look as if they",
                            "embedding": null,
                            "h": null,
                            "parent": {
                                "py/id": 50
                            },
                            "py/object": "tree.TextTree"
                        }
                    ],
                    "content": "3.2. Pipeline Simulation Tool",
                    "embedding": null,
                    "h": null,
                    "parent": {
                        "py/id": 32
                    },
                    "py/object": "tree.TextTree"
                }
            ],
            "content": "3. Background & Experimental Setup",
            "embedding": null,
            "h": null,
            "parent": {
                "py/id": 0
            },
            "py/object": "tree.TextTree"
        },
        {
            "c": null,
            "children": [
                {
                    "c": null,
                    "children": [],
                    "content": "20 Deep ResNet [21]",
                    "embedding": null,
                    "h": null,
                    "parent": {
                        "py/id": 54
                    },
                    "py/object": "tree.TextTree"
                },
                {
                    "c": null,
                    "children": [
                        {
                            "c": null,
                            "children": [],
                            "content": "OpenCV Farneback [26] Middlebury [41] Optical Flowimplementations covering a range of vision tasks: object classication, object detection, face identication, optical \ufb02ow, and structure from motion. For object classication, we test 3 di\ufb00erent implementations of varying sophistication to examine the impact of neural network depth on error tolerance.",
                            "embedding": null,
                            "h": null,
                            "parent": {
                                "py/id": 58
                            },
                            "py/object": "tree.TextTree"
                        },
                        {
                            "c": null,
                            "children": [],
                            "content": "For each experiment, we congure CRIP to apply a chosen set of ISP stages and to simulate a given sensor resolution and ADC quantization. For the CNNs, we convert a training set and train the network starting with pre-trained weights using the same learning rates and hyperparameters specied in the original paper. For all applications, we convert a test set and evaluate performance using an algorithm-specic metric.",
                            "embedding": null,
                            "h": null,
                            "parent": {
                                "py/id": 58
                            },
                            "py/object": "tree.TextTree"
                        }
                    ],
                    "content": "44 Deep ResNet [21]",
                    "embedding": null,
                    "h": null,
                    "parent": {
                        "py/id": 54
                    },
                    "py/object": "tree.TextTree"
                }
            ],
            "content": "3 Deep LeNet [29]",
            "embedding": null,
            "h": null,
            "parent": {
                "py/id": 0
            },
            "py/object": "tree.TextTree"
        },
        {
            "c": null,
            "children": [
                {
                    "c": null,
                    "children": [],
                    "content": "We next present an empirical analysis of our benchmark suite\u2019s sensitivity to stages in the ISP. The goal is to measure, for each algorithm, the relative di\ufb00erence in task performance between running on the original image data and running on data converted by CRIP.",
                    "embedding": null,
                    "h": null,
                    "parent": {
                        "py/id": 64
                    },
                    "py/object": "tree.TextTree"
                },
                {
                    "c": null,
                    "children": [],
                    "content": "Individual Stages: First, we examine the sensitivity to each ISP stage in isolation. Testing the exponential space of all possible stage combinations is intractable, so we start with two sets of experiments: one that disables a single ISP stage and leaves the rest of the pipeline intact (Figure 3a); and one that enables a single ISP stage and disables the rest (Figure 3b).",
                    "embedding": null,
                    "h": null,
                    "parent": {
                        "py/id": 64
                    },
                    "py/object": "tree.TextTree"
                },
                {
                    "c": null,
                    "children": [],
                    "content": "In these experiments, gamut mapping and color transformations have a minimal e\ufb00ect on all benchmarks. The largest e\ufb00ects are on ResNet44, where classication error increases from 6.3% in the baseline to 6.6% without gamut mapping, and OpenMVG, where removing the color transform stage increases RMSE from 0.408 to 0.445. This nding conrms that features for vision are not highly sensitive to color.",
                    "embedding": null,
                    "h": null,
                    "parent": {
                        "py/id": 64
                    },
                    "py/object": "tree.TextTree"
                },
                {
                    "c": null,
                    "children": [],
                    "content": "There is a strong sensitivity, in contrast, to gamma compression and demosaicing. The OpenMVG Structure from Motion (SfM) implementation fails entirelyit was unable when gamma compression is disabled: to nd su\ufb03cient features using either of its feature extractors, SIFT and AKAZE. Meanwhile, removing demosaicing worsens the error for Farneback optical \ufb02ow by nearly half, from 0.227 to 0.448. Both of these classical (non-CNN) algorithms use hand-tuned feature extractors, which do not take the Bayer pattern into account. The CIFAR-10 benchmarks (LeNet3, ResNet20, ResNet44) use low-resolution data (32\u00d732), which is disproportionately a\ufb00ected by the removal of color channels in mosaiced data. While gamma-compressed data follows a normal distribution, removing gamma compression reverts the intensity scale to its natural lognormal distribution, which makes features more di\ufb03cult to detect for both classical algorithms and CNNs.",
                    "embedding": null,
                    "h": null,
                    "parent": {
                        "py/id": 64
                    },
                    "py/object": "tree.TextTree"
                },
                {
                    "c": null,
                    "children": [],
                    "content": "Unlike the other applications, Stereo SGBM is sensitive to noise. Adding sensor noise increases its mean error from 0.245 to 0.425, an increase of over 70%. Also unlike other applications, OpenFace counter-intuitively performs better than the baseline when the simulated pipeline omits gamut mapping or gamma compression. OpenFace\u2019s error is 8.65% on the original data and 7.9% and 8.13%, respectively, when skipping those stages. We attribute the di\ufb00erence to randomness inherent in the training process. Across 10 training runs, OpenFace\u2019s baseline error rate varied from 8.22% to 10.35% with a standard deviation of 0.57%.",
                    "embedding": null,
                    "h": null,
                    "parent": {
                        "py/id": 64
                    },
                    "py/object": "tree.TextTree"
                },
                {
                    "c": null,
                    "children": [],
                    "content": "Minimal Pipelines: Based on these results, we study the e\ufb00ect of combining the most important stages: demosaicing, gamma compression, and denoising. Figure 4 shows two congurations that enable only the rst two and all three of these stages. Accuracy for the minimal pipeline with only demosaicing and gamma compression is similar to accuracy on the original data. The largest impact, excluding SGBM, is ResNet44, whose top-1 error increases only from 6.3% to 7.2%. Stereo SGBM, however, is noise sensitive: without denoising, its mean error is 0.33; with denoising, its error returns to its baseline of 0.25. Overall, the CNNs are able to rely on retraining themselves to adapt to changes in the capture pipeline, while classical benchmarks are less \ufb02exible and can depend on specic ISP stages.",
                    "embedding": null,
                    "h": null,
                    "parent": {
                        "py/id": 64
                    },
                    "py/object": "tree.TextTree"
                },
                {
                    "c": null,
                    "children": [],
                    "content": "We conclude that demosaicing and gamma compression are the only important stages for all applications except for one, which also benets from denoising. Our goal in the next section is to show how to remove the need for these two stages to allow vision mode to disable the ISP entirely. For outliers like SGBM, selectively enabling the ISP may still be worthwhile.",
                    "embedding": null,
                    "h": null,
                    "parent": {
                        "py/id": 64
                    },
                    "py/object": "tree.TextTree"
                }
            ],
            "content": "4. Sensitivity to ISP Stages",
            "embedding": null,
            "h": null,
            "parent": {
                "py/id": 0
            },
            "py/object": "tree.TextTree"
        },
        {
            "c": null,
            "children": [
                {
                    "c": null,
                    "children": [],
                    "content": "Based on our experiments with limited ISP processing, we propose a new image sensor design that cansolid line shows the baseline error with all ISP stages enabled, and the dotted line shows the error when all ISP stages are disabled. Asterisks denote aborted runs where no useful output was produced.to the original error on plain images, for two minimal ISP pipelines. The demos+g.c. pipeline only enables demosaicing and gamma compression; the +denoise bars also add denoising. The all o\ufb00 column shows a conguration with all stages disabled for reference.operate in a low-power vision mode. We propose three key features: adjustable resolution via selective pixel readout and power gating; subsampling to approximate ISP-based demosaicing; and nonlinear ADC quantization to perform gamma compression. All three are well-known sensor design techniques; we propose to use them in an optional camera mode to replace the ISP\u2019s role in embedded vision applications.",
                    "embedding": null,
                    "h": null,
                    "parent": {
                        "py/id": 80
                    },
                    "py/object": "tree.TextTree"
                },
                {
                    "c": null,
                    "children": [],
                    "content": "Resolution: A primary factor in a sensor\u2019s energy consumption is the resolution. Frames are typically read out in column-parallel fashion, where each column of pixels passes through amplication and an ADC. Our design can selectively read out a region of interest (ROI) or subset of pixels, and save energy, by power-gating column ampliers and ADCs. Figure 5a depicts the power-gating circuitry. The image sensor\u2019s controller unit can turn the additional transistor on or o\ufb00 to control power for the amplier and ADC in each column. Subsampling: Section 4 nds that most vision tasks depend on demosaicing for good accuracy. There are many possible demosaicing techniques, but they are typically costly algorithms optimized for perceived image quality. We hypothesize that, for vision algorithms, the nuances of advanced demosaicing techniques are less important than the image format: raw images exhibit the Bayer pattern, while demosaiced images use a standard RGB format.cluding power gating at the column level (a) and our congurable logarithmic/linear SAR ADC (b).the sensor. Error values are normalized to performance on unmodied image data.",
                    "embedding": null,
                    "h": null,
                    "parent": {
                        "py/id": 80
                    },
                    "py/object": "tree.TextTree"
                },
                {
                    "c": null,
                    "children": [],
                    "content": "We propose to modify the image sensor to achieve the same format-change e\ufb00ect as demosaicing without any signal processing. Specically, our camera\u2019s vision mode subsamples the raw image to collapse each 2\u00d72 block of Bayer-pattern pixels into a single RGB pixel. Each such block contains one red pixel, two green pixels, and one blue pixel; our technique drops one green pixel and combines it with the remaining values to form the three output channels. The design power-gates one of the two green pixels interprets resulting red, green, and blue values as a single pixel.",
                    "embedding": null,
                    "h": null,
                    "parent": {
                        "py/id": 80
                    },
                    "py/object": "tree.TextTree"
                },
                {
                    "c": null,
                    "children": [],
                    "content": "Nonlinear Quantization: In each sensor column, an analog-to-digital (ADC) converter is responsible for quantizing the analog output of the amplier to a digital representation. A typical linear ADC\u2019s energy cost is exponential in the number of bits in its output: an 12bit ADC costs roughly twice as much energy as a 11-bit ADC. There is an opportunity to drastically reduce the cost of image capture by reducing the number of bits. As with resolution, ADC quantization is typically xed at design time. We propose to make the number of bits congurable for a given imaging mode. Our proposed image sensor uses successive-approximation (SAR) ADCs, which support a variable bit depth controlled by a clock and control signal [44].",
                    "embedding": null,
                    "h": null,
                    "parent": {
                        "py/id": 80
                    },
                    "py/object": "tree.TextTree"
                },
                {
                    "c": null,
                    "children": [],
                    "content": "ADC design can also provide a second opportunity: to change the distribution of quantization levels. Nonlinear quantization can be better for representing images because their light intensities are not uniformly distributed: the probability distribution function for intensities in natural images is log-normal [40]. To preserve more information about the analog signal, SAR ADCs can use quantization levels that map the intensities uniformly among digital values. (See the supplementary material for a more complete discussion of intensity distributions.) We propose an ADC that uses logarithmic quantization in vision mode. Figure 5b shows the ADC design, which can switch between linear quantizationlevels for photography mode and logarithmic quantization for vision mode. The design uses a separate capacitor bank for each quantization scheme.",
                    "embedding": null,
                    "h": null,
                    "parent": {
                        "py/id": 80
                    },
                    "py/object": "tree.TextTree"
                },
                {
                    "c": null,
                    "children": [],
                    "content": "Logarithmic quantization lets the camera capture the same amount of image information using fewer bits, which is the same goal usually accomplished by the gamma compression stage in the ISP. Therefore, we eliminate the need for a separate ISP block to perform gamma compression.",
                    "embedding": null,
                    "h": null,
                    "parent": {
                        "py/id": 80
                    },
                    "py/object": "tree.TextTree"
                },
                {
                    "c": null,
                    "children": [],
                    "content": "System Considerations: Our proposed vision mode controls three sensor parameters: it enables subsampling to produce RGB images; it allows reducedresolution readout; and it enables a lower-precision logarithmic ADC conguration. The data is sent o\ufb00chip directly to the application on the CPU, the GPU, or dedicated vision hardware without being compressed. This mode assumes that the vision task is running in real time, so the image does not need to be saved.",
                    "embedding": null,
                    "h": null,
                    "parent": {
                        "py/id": 80
                    },
                    "py/object": "tree.TextTree"
                },
                {
                    "c": null,
                    "children": [],
                    "content": "In the traditional photography mode, we congure the ADCs to be at high precision with linear quantization levels. Then the image is sent to the separate ISP chip to perform all the processing needed to generate high quality images. These images are compressed using the JPEG codec on-chip and stored in memory for access by the application processor.",
                    "embedding": null,
                    "h": null,
                    "parent": {
                        "py/id": 80
                    },
                    "py/object": "tree.TextTree"
                }
            ],
            "content": "5. Image Sensor Design",
            "embedding": null,
            "h": null,
            "parent": {
                "py/id": 0
            },
            "py/object": "tree.TextTree"
        },
        {
            "c": null,
            "children": [
                {
                    "c": null,
                    "children": [],
                    "content": "We empirically measure the vision performance impact of the design decisions in our camera\u2019s vision mode. We again use the CRIP tool to simulate specic sensor congurations by converting image datasets and evaluate the e\ufb00ects on the benchmarks in Table 1.",
                    "embedding": null,
                    "h": null,
                    "parent": {
                        "py/id": 98
                    },
                    "py/object": "tree.TextTree"
                },
                {
                    "c": null,
                    "children": [],
                    "content": "Approximate Demosaicing with Subsampling: We rst study subsampling as an alternative to true demosaicing in the ISP. In this study, we omit the benchmarks that work on CIFAR-10 images [28] because their resolution, 32\u00d732, is unrealistically small for a sensor, so subsampling beyond this size is notmeaningful. Figure 6 compares data for \u201ctrue\u201d demosaicing, where CRIP has not reversed that stage, to a version that simulates our subsampling instead. Replacing demosaicing with subsampling leads to a small increase in vision error. Farneback optical \ufb02ow sees the largest error increase, from 0.332 to 0.375.",
                    "embedding": null,
                    "h": null,
                    "parent": {
                        "py/id": 98
                    },
                    "py/object": "tree.TextTree"
                },
                {
                    "c": null,
                    "children": [],
                    "content": "Quantization: Next, we study the impact of signal quantization in the sensor\u2019s ADCs. There are two parameters: the number of bits and the level distribution (linear or logarithmic). Figure 7 shows our vision applications\u2019 sensitivity to both bitwidth and distribution. Both sweeps use an ISP pipeline with demosiacing but without gamma compression to demonstrate that the logarithmic ADC, like gamma compression, compresses the data distribution.",
                    "embedding": null,
                    "h": null,
                    "parent": {
                        "py/id": 98
                    },
                    "py/object": "tree.TextTree"
                },
                {
                    "c": null,
                    "children": [],
                    "content": "The logarithmic ADC yields higher accuracy on all benchmarks than the linear ADC with the same bitwidth. Farneback optical \ufb02ow\u2019s sensitivity is particularly dramatic: using a linear ADC, its mean error is 0.54 and 0.65 for 8 and 2 bits, respectively; while with a logarithmic ADC, the error drops to 0.33 and 0.38.",
                    "embedding": null,
                    "h": null,
                    "parent": {
                        "py/id": 98
                    },
                    "py/object": "tree.TextTree"
                },
                {
                    "c": null,
                    "children": [],
                    "content": "Switching to a logarithmic ADC also increases the applications\u2019 tolerance to smaller bitwidths. All applications exhibit minimal error increases down to 5 bits, and some can even tolerate 4or 3-bit quantization. OpenMVG\u2019s average RMSE only increases from 0.454 to 0.474 when reducing 8 bit logarithmic sampling to 5 bits, and ResNet20\u2019s top-1 error increases from 8.2% to 8.42%. To t all of these applications, we propose a 5-bit logarithmic ADC design in vision mode.",
                    "embedding": null,
                    "h": null,
                    "parent": {
                        "py/id": 98
                    },
                    "py/object": "tree.TextTree"
                },
                {
                    "c": null,
                    "children": [],
                    "content": "Resolution: We next measure the impact of resolution adjustment using column power gating. Modern image sensors use multi-megapixel resolutions, while the input dimensions for most convolutional neural networks are often 256\u00d7256 or smaller. While changing the input dimensions of the network itself may also be an option, we focus here on downsampling images to match the network\u2019s published input size.",
                    "embedding": null,
                    "h": null,
                    "parent": {
                        "py/id": 98
                    },
                    "py/object": "tree.TextTree"
                },
                {
                    "c": null,
                    "children": [],
                    "content": "To test the downsampling technique, we concocteda new higher-resolution dataset by selecting a subset of ImageNet [12] which contains the CIFAR-10 [28] object classes (\u223c15,000 images). These images are higher resolution than the input resolution of networks trained on CIFAR-10, so they let us experiment with image downsampling.",
                    "embedding": null,
                    "h": null,
                    "parent": {
                        "py/id": 98
                    },
                    "py/object": "tree.TextTree"
                },
                {
                    "c": null,
                    "children": [],
                    "content": "We divide the new dataset into training and testing datasets using an 80\u201320 balance and train the LeNet, ResNet20, and ResNet44 networks from pre-trained weights. For each experiment, we rst downsample the images to simulate sensor power gating. Then, after demosaicing, we scale down the images the rest of the way to 32\u00d732 using OpenCV\u2019s edge-aware scaling [26]. Without any subsampling, LeNet achieves 39.6% error, ResNet20 26.34%, and ResNet44 24.50%. We then simulated downsampling at ratios of 1\u20444, 1\u204416, and 1\u204464 resolution. Downsampling does increase vision error, but the e\ufb00ect is small: the drop in accuracy from full resolution to 1\u20444 resolution is approximately 1% (LeNet 40.9%, ResNet20 27.71%, ResNet44 26.5%). Full results are included in this paper\u2019s supplemental material.",
                    "embedding": null,
                    "h": null,
                    "parent": {
                        "py/id": 98
                    },
                    "py/object": "tree.TextTree"
                }
            ],
            "content": "6. Sensitivity to Sensor Parameters",
            "embedding": null,
            "h": null,
            "parent": {
                "py/id": 0
            },
            "py/object": "tree.TextTree"
        },
        {
            "c": null,
            "children": [
                {
                    "c": null,
                    "children": [],
                    "content": "Here we estimate the potential power e\ufb03ciency benets of our proposed vision mode as compared to a traditional photography-oriented imaging pipeline. Our analysis covers the sensor\u2019s analog-to-digital conversion, the sensor resolution, and the ISP chip.",
                    "embedding": null,
                    "h": null,
                    "parent": {
                        "py/id": 116
                    },
                    "py/object": "tree.TextTree"
                },
                {
                    "c": null,
                    "children": [],
                    "content": "Image Sensor ADCs: Roughly half of a camera sensor\u2019s power budget goes to readout, which is dominated by the cost of analog-to-digital converters (ADCs) [6]. While traditional sensors use 12-bit linear ADCs, our proposal uses a 5-bit logarithmic ADC.",
                    "embedding": null,
                    "h": null,
                    "parent": {
                        "py/id": 116
                    },
                    "py/object": "tree.TextTree"
                },
                {
                    "c": null,
                    "children": [],
                    "content": "To compute the expected value of the energy required for each ADC\u2019s readout, we quantify the probability and energy cost of each digital level that the ADC can detect. The expected value for a single readout is:where n is the number of bits, 2n is the total number of levels, m is the level index, pm is the probability of level m occuring, and em is the energy cost of running the ADC at level m.",
                    "embedding": null,
                    "h": null,
                    "parent": {
                        "py/id": 116
                    },
                    "py/object": "tree.TextTree"
                },
                {
                    "c": null,
                    "children": [],
                    "content": "To nd pm for each level, we measure the distribution of values from images in the CIFAR-10 dataset [28] in raw data form converted by CRIP (Section 3.2). To nd a relative measure for em, we simulate the operation of the successive approximation register (SAR) ADC in charging and discharging the capacitors in its bank. This capacitor simulation is a simple rst-order model",
                    "embedding": null,
                    "h": null,
                    "parent": {
                        "py/id": 116
                    },
                    "py/object": "tree.TextTree"
                },
                {
                    "c": null,
                    "children": [],
                    "content": "In our simulations, the 5-bit logarithmic ADC uses 99.95% less energy than the baseline 12-bit linear ADC. As the ADCs in an image sensor account for 50% of the energy budget [6], this means that the cheaper ADCs save approximately half of the sensor\u2019s energy cost.",
                    "embedding": null,
                    "h": null,
                    "parent": {
                        "py/id": 116
                    },
                    "py/object": "tree.TextTree"
                },
                {
                    "c": null,
                    "children": [],
                    "content": "Image Sensor Resolution: An image sensor\u2019s readout, I/O, and pixel array together make up roughly 95% of its power cost [6]. These costs are linearly related to the sensor\u2019s total resolution. As Section 5 describes, our proposed image sensor uses selective readout circuitry to power o\ufb00 the pixel, amplier, and ADC for subsets of the sensor array. The lower-resolution results can be appropriate for vision algorithms that have lowresolution inputs (Section 6). Adjusting the proposed sensor\u2019s resolution parameter therefore reduces the bulk of its power linearly with the pixel count.",
                    "embedding": null,
                    "h": null,
                    "parent": {
                        "py/id": 116
                    },
                    "py/object": "tree.TextTree"
                },
                {
                    "c": null,
                    "children": [],
                    "content": "ISP: While total power consumption numbers are available for commercial and research ISP designs, we are unaware of a published breakdown of power consumed per stage. To approximate the relative cost for each stage, we measured software implementations of each using OpenCV 2.4.8 [26] and prole them when processing a 4288\u00d72848 image on an Intel Ivy Bridge i7-3770K CPU. We report the number of dynamic instructions executed, the CPU cycle count, the number of \ufb02oating-point operations, and the L1 data cache references in a table in our supplementary material.",
                    "embedding": null,
                    "h": null,
                    "parent": {
                        "py/id": 116
                    },
                    "py/object": "tree.TextTree"
                },
                {
                    "c": null,
                    "children": [],
                    "content": "While this software implementation does not directly re\ufb02ect hardware costs in a real ISP, we can draw general conclusions about relative costs. The denoising stage is by far the most expensive, requiring more than two orders of magnitude more dynamic instructions. Denoising\u2014here, non-local means [4]\u2014involves irregular and non-local references to surrounding pixels. JPEG compression is also expensive; it uses a costly discrete cosine transform for each macroblock.",
                    "embedding": null,
                    "h": null,
                    "parent": {
                        "py/id": 116
                    },
                    "py/object": "tree.TextTree"
                },
                {
                    "c": null,
                    "children": [],
                    "content": "Section 4 nds that most stages of the ISP are unnecessary in vision mode, and Section 5 demonstrates how two remaining stages\u2014gamma compression and demosaicing\u2014can be approximated using in-sensor techniques. The JPEG compression stage is also unnecessary in computer vision mode: because images do not need to be stored, they do not need to be compressed for e\ufb03ciency. Therefore, the pipeline can fully bypass the ISP when in vision mode. Power-gating the integrated circuit would save all of the energy needed to run it.",
                    "embedding": null,
                    "h": null,
                    "parent": {
                        "py/id": 116
                    },
                    "py/object": "tree.TextTree"
                },
                {
                    "c": null,
                    "children": [],
                    "content": "Total Power Savings: The two components of an imaging pipeline, the sensor and the ISP, have comparable total power costs. For sensors, typical power costs range from 137.1 mW for a security camera to 338.6 mW for a mobile device camera [31]. Industry",
                    "embedding": null,
                    "h": null,
                    "parent": {
                        "py/id": 116
                    },
                    "py/object": "tree.TextTree"
                },
                {
                    "c": null,
                    "children": [],
                    "content": "ISPs can range from 130 mW to 185 mW when processing 1.2 MP at 45 fps [36], while Hegarty et al. [22] simulated an automatically synthesized ISP which consumes 250 mW when processing 1080p video at 60 fps. This power consumption is comparable to recent CNN ASICs such as TrueNorth at 204 mW [17] and EIE at 590 mW [19].",
                    "embedding": null,
                    "h": null,
                    "parent": {
                        "py/id": 116
                    },
                    "py/object": "tree.TextTree"
                },
                {
                    "c": null,
                    "children": [],
                    "content": "In vision mode, the proposed image sensor uses half as much energy as a traditional sensor by switching to a 5-bit logarithmic ADC. The ISP can be disabled entirely. Because the two components contribute roughly equal parts to the pipeline\u2019s power, the entire vision mode saves around 75% of a traditional pipeline\u2019s energy. If resolution can be reduced, energy savings can be higher. This rst-order energy analysis does not include overheads for power gating, additional muxing, or o\ufb00-chip communication. We plan to measure complete implementations in future work.",
                    "embedding": null,
                    "h": null,
                    "parent": {
                        "py/id": 116
                    },
                    "py/object": "tree.TextTree"
                }
            ],
            "content": "7. Quantifying Power Savings",
            "embedding": null,
            "h": null,
            "parent": {
                "py/id": 0
            },
            "py/object": "tree.TextTree"
        },
        {
            "c": null,
            "children": [
                {
                    "c": null,
                    "children": [],
                    "content": "We advocate for adding a vision mode to the imaging pipelines in mobile devices. We show that design choices in the sensor\u2019s circuitry can obviate the need for an ISP when supplying a computer vision algorithm.",
                    "embedding": null,
                    "h": null,
                    "parent": {
                        "py/id": 142
                    },
                    "py/object": "tree.TextTree"
                },
                {
                    "c": null,
                    "children": [],
                    "content": "This paper uses an empirical approach to validate our design for a vision-mode imaging pipeline. This limits our conclusions to pertain to specic algorithms and specic datasets. Follow-on work should take a theoretical approach to model the statistical e\ufb00ect of each ISP stage. Future work should also complete a detailed hardware design for the proposed sensor modications. This paper uses a rst-order energy evaluation that does not quantify overheads; a full design would contend with the area costs of additional components and the need to preserve pixel pitch in the column architecture. Finally, the proposed vision mode consists of conservative changes to a traditional camera design and no changes to vision algorithms themselves. This basic framework suggests future work on deeper co-design between camera systems and computer vision algorithms. By modifying the abstraction boundary between hardware and software, co-designed systems can make sophisticated vision feasible in energy-limited mobile devices.",
                    "embedding": null,
                    "h": null,
                    "parent": {
                        "py/id": 142
                    },
                    "py/object": "tree.TextTree"
                }
            ],
            "content": "8. Discussion",
            "embedding": null,
            "h": null,
            "parent": {
                "py/id": 0
            },
            "py/object": "tree.TextTree"
        },
        {
            "c": null,
            "children": [
                {
                    "c": null,
                    "children": [],
                    "content": "Many thanks to Alyosha Molnar and Christopher Batten for their feedback and to Taehoon Lee and Omar Abdelaziz for hacking. This work was supported by a 2016 Google Faculty Research Award. Suren Jayasuriya was supported by an NSF Graduate Research Fellowship and a Qualcomm Innovation Fellowship.for color computer vision and its application. IEEE Transactions on Pattern Analysis and Machine Intelligence, 34(12):2289\u20132302, Dec. 2012.",
                    "embedding": null,
                    "h": null,
                    "parent": {
                        "py/id": 148
                    },
                    "py/object": "tree.TextTree"
                }
            ],
            "content": "9. Acknowledgements",
            "embedding": null,
            "h": null,
            "parent": {
                "py/id": 0
            },
            "py/object": "tree.TextTree"
        }
    ],
    "content": "Reconguring the Imaging Pipeline for Computer Vision Mark Buckler",
    "embedding": null,
    "h": null,
    "parent": null,
    "py/object": "tree.TextTree"
}