{
    "c": null,
    "children": [
        {
            "c": null,
            "children": [
                {
                    "c": null,
                    "children": [],
                    "content": "Rotation search has become a core routine for solving many computer vision problems. The aim is to rotationally align two input point sets with correspondences. Recently, there is signicant interest in developing globally optimal rotation search algorithms. A notable weakness of global algorithms, however, is their relatively high computational cost, especially on large problem sizes and data with a high proportion of outliers. In this paper, we propose a novel outlier removal technique for rotation search. Our method guarantees that any correspondence it discards as an outlier does not exist in the inlier set of the globally optimal rotation for the original data. Based on simple geometric operations, our algorithm is deterministic and fast. Used as a preprocessor to prune a large portion of the outliers from the input data, our method enables substantial speed-up of rotation search algorithms without compromising global optimality. We demonstrate the efcacy of our method in various synthetic and real data experiments1.",
                    "embedding": null,
                    "h": null,
                    "parent": {
                        "py/id": 2
                    },
                    "py/object": "tree.TextTree"
                }
            ],
            "content": "Abstract",
            "embedding": null,
            "h": null,
            "parent": {
                "py/id": 0
            },
            "py/object": "tree.TextTree"
        },
        {
            "c": null,
            "children": [
                {
                    "c": null,
                    "children": [],
                    "content": "Given two point sets X = {xi}Ni=1 in 3D, we aim to nd the 3D rotation R that aligns them, i.e., such that Rxi \u2248 yi for all i. Here, each (xi, yi) is a pair of matching points. If there are no false matching points or outliers, the best rotation in the least squares sense can be obtained analytically [10, 1]. Otherwise, we seek the rotation that agrees with as many of the pairs as possible",
                    "embedding": null,
                    "h": null,
                    "parent": {
                        "py/id": 6
                    },
                    "py/object": "tree.TextTree"
                },
                {
                    "c": null,
                    "children": [],
                    "content": "R, I\u2286H subject to \u2220(Rxi, yi) \u2264 \u01eb, \u2200i \u2208 I,where agreement is up to the inlier threshold \u01eb. Here, H = {1, . . . , N } indexes the set of all point matches, and \u2220(\u00b7, \u00b7) denotes the angular distance. The optimal R\u2217 is consistent with the largest possible subset I \u2217 \u2286 H of the data. Note that given I \u2217 we can easily nd R\u2217 and vice versa, thus, we may quote I \u2217 or R\u2217 as the solution without ambiguity.",
                    "embedding": null,
                    "h": null,
                    "parent": {
                        "py/id": 6
                    },
                    "py/object": "tree.TextTree"
                },
                {
                    "c": null,
                    "children": [],
                    "content": "RANSAC [6] can be applied to approximately solve (1). Candidate rotations are hypothesized from randomly sampled minimal subsets of two point matches [10] and evaluated. Although RANSAC is very efcient, in general it does not provide the optimal solution I \u2217. Formally, let \u02dcI \u2286 H be the result of RANSAC. We have that |\u02dcI| \u2264 |I \u2217|, and in general \u02dcI * I \u2217, i.e., genuine inliers may be discarded.",
                    "embedding": null,
                    "h": null,
                    "parent": {
                        "py/id": 6
                    },
                    "py/object": "tree.TextTree"
                },
                {
                    "c": null,
                    "children": [],
                    "content": "Hartley and Kahl [7] pioneered branch-and-bound (BnB) as a viable technique for rotation search. BnB systematically partitions and prunes the rotation space until the solution is found. Their algorithm was extended to include a robust formulation [2] such as the one we use in (1). Unlike RANSAC, BnB is guaranteed to nd the globally optimal result. The solution of many computer vision problems have beneted from BnB rotation search as a subroutine [5, 7, 15, 9, 13]; such as essential matrix and camera pose estimation, hand-eye calibration, panoramic image stitching, and point cloud registration.",
                    "embedding": null,
                    "h": null,
                    "parent": {
                        "py/id": 6
                    },
                    "py/object": "tree.TextTree"
                },
                {
                    "c": null,
                    "children": [],
                    "content": "Another class of global algorithms [12, 4] leverage on the fact that the solution to (1) is equal to the solution of the same problem on a subset of H of size at most d, where d is 3 for rotation search. The result R\u2217 is found by enup(cid:1) subsets of H for all p \u2264 d and solvingeach subset for R analytically (note that this differs from \u201cstandard\u201d RANSAC which solves for R via least squares on subsets of size two). These algorithms have been demonstrated successfully on similar applications.",
                    "embedding": null,
                    "h": null,
                    "parent": {
                        "py/id": 6
                    },
                    "py/object": "tree.TextTree"
                },
                {
                    "c": null,
                    "children": [],
                    "content": "A general weakness of global algorithms, however, is their high computational cost, especially for data with large sizes N and high outlier contamination rates. In the case of [4], the number of unique subsets to test is enormous even for moderate N (e.g., for N = 500 there are \u2265 20 million 3-subsets). An outlier rate in excess of 95% is also frequently encountered in practice, e.g., in point cloud registration where 3D keypoint detection and matching techniques [17, 14, 18] are much less accurate than their 2D counterparts such as SIFT and SURF. These factors lead to signicant runtimes of BnB rotation search.",
                    "embedding": null,
                    "h": null,
                    "parent": {
                        "py/id": 6
                    },
                    "py/object": "tree.TextTree"
                },
                {
                    "c": null,
                    "children": [],
                    "content": "Our contribution is a novel guaranteed outlier removal technique for rotation search. Specically, our method is able to reduce H to a subset H\u2032 of point matches, in a waythat any (xi, yi) discarded by reducing H to H\u2032 is a genuine outlier, i.e., any (xi, yi) that is removed does not belong to I \u2217. More formally, our method ensures that I \u2217 \u2286 H\u2032 \u2286 H, which is a result RANSAC cannot guarantee.",
                    "embedding": null,
                    "h": null,
                    "parent": {
                        "py/id": 6
                    },
                    "py/object": "tree.TextTree"
                },
                {
                    "c": null,
                    "children": [],
                    "content": "We pose our technique as an efcient preprocessor to the rotation search problem (1). Based on simple geometric operations, our method is deterministic and fast. By aggressively reducing the population of true outliers (almost 90% can be eliminated), our method signicantly accelerates the global algorithms. For example, using our method before BnB reduces the overall runtime by an order of magnitude. Note that the global solution to the reduced data H\u2032 equals the global solution I \u2217 to the original H.",
                    "embedding": null,
                    "h": null,
                    "parent": {
                        "py/id": 6
                    },
                    "py/object": "tree.TextTree"
                },
                {
                    "c": null,
                    "children": [],
                    "content": "Our work is closest in spirit to Sv\u00a8arm et al. [16], who proposed a technique for camera localization from 2D-3D correspondences. In their work, the usage of gravitational sensors reduces camera localization to a 3DOF problem (2D translation and 1D rotation). Their approach also conducts a guaranteed outlier rejection scheme for the 2D-3D point matches, before a globally optimal algorithm is invoked. Since our target problem (3DOF rotation search) differs from Sv\u00a8arm et al.\u2019s, the core geometric motivations and operations of the two works are vastly different.",
                    "embedding": null,
                    "h": null,
                    "parent": {
                        "py/id": 6
                    },
                    "py/object": "tree.TextTree"
                }
            ],
            "content": "1. Introduction",
            "embedding": null,
            "h": null,
            "parent": {
                "py/id": 0
            },
            "py/object": "tree.TextTree"
        },
        {
            "c": null,
            "children": [
                {
                    "c": null,
                    "children": [],
                    "content": "Using the angular distance renders the norm of the points irrelevant. Henceforth, we take all the points to have unit norm. The rotation search problem (1) can be rewritten aswhere fk is dened as the maximum objective value of the subproblem Pk, with k = 1, . . . , N :",
                    "embedding": null,
                    "h": null,
                    "parent": {
                        "py/id": 26
                    },
                    "py/object": "tree.TextTree"
                },
                {
                    "c": null,
                    "children": [],
                    "content": "Proof The proof is by contradiction. If k is in I \u2217, then we must have that fk = |I \u2217|. However, if we are given that \u02c6fk < l, then fk < l \u2264 |I \u2217|, which contradicts the previous condition. Hence, k cannot exist in I \u2217. (cid:3)",
                    "embedding": null,
                    "h": null,
                    "parent": {
                        "py/id": 26
                    },
                    "py/object": "tree.TextTree"
                },
                {
                    "c": null,
                    "children": [],
                    "content": "Our main algorithm (Sec. 4) applies Proposition 1 iteratively for k = 1, . . . , N to remove outliers. Our main contribution is an efcient algorithm to calculate a tight upper bound \u02c6fk for Pk (Sec. 3) for each k. As a by-product, our upper bound algorithm also computes a tight lower bound l for (1) to enable efcient removal of true outliers.",
                    "embedding": null,
                    "h": null,
                    "parent": {
                        "py/id": 26
                    },
                    "py/object": "tree.TextTree"
                }
            ],
            "content": "2. Guaranteed outlier removal",
            "embedding": null,
            "h": null,
            "parent": {
                "py/id": 0
            },
            "py/object": "tree.TextTree"
        },
        {
            "c": null,
            "children": [
                {
                    "c": null,
                    "children": [
                        {
                            "c": null,
                            "children": [],
                            "content": "In the absence of noise and outliers, xi can be aligned exactly with yi for all i. Based on (4), we denote the rotation that solves Pk under this ideal case as",
                            "embedding": null,
                            "h": null,
                            "parent": {
                                "py/id": 36
                            },
                            "py/object": "tree.TextTree"
                        },
                        {
                            "c": null,
                            "children": [],
                            "content": "In words, Pk seeks the rotation Rk that agrees with as many of the data as possible, given that Rk must align (xk, yk). Our reformulation (2) does not make the original problem (1) any easier its utility derives from clarifying how an upper bound on fk allows to identify outliers.",
                            "embedding": null,
                            "h": null,
                            "parent": {
                                "py/id": 36
                            },
                            "py/object": "tree.TextTree"
                        },
                        {
                            "c": null,
                            "children": [],
                            "content": "Let l \u2264 |I \u2217| be a lower bound for the solution of the rotation search problem (1). Our outlier removal technique depends on the ability to calculate an upper bound \u02c6fk for the result of each Pk, i.e., \u02c6fk \u2265 fk. Given the lower and upper bound values, the following result can be established.",
                            "embedding": null,
                            "h": null,
                            "parent": {
                                "py/id": 36
                            },
                            "py/object": "tree.TextTree"
                        },
                        {
                            "c": null,
                            "children": [],
                            "content": "Proposition 1 If \u02c6fk < l, then (xk, yk) is a true outlier, i.e., k does not exist in the solution I \u2217 to (1).which can be solved as follows (refer also to Fig. 1(a)). First, nd a rotation \u02c6B that aligns xk exactly with yk, i.e.,",
                            "embedding": null,
                            "h": null,
                            "parent": {
                                "py/id": 36
                            },
                            "py/object": "tree.TextTree"
                        },
                        {
                            "c": null,
                            "children": [],
                            "content": "For example, take \u02c6B as the rotation that maps xk to yk with the minimum geodesic motion. To solve for \u02c6A, take any i 6= k, then nd the angle \u02c6\u03b8 of rotation about axis \u02c6Bxk that maps \u02c6Bxi to yi. Then \u02c6A = exp (\u02c6\u03b8 \u02c6Bxk), where exp (\u00b7) is the exponential map as dened in [8, Eq. (3)]. The above steps afrm that rotation estimation requires a minimum of two point matches [10].",
                            "embedding": null,
                            "h": null,
                            "parent": {
                                "py/id": 36
                            },
                            "py/object": "tree.TextTree"
                        }
                    ],
                    "content": "3.1. The ideal case",
                    "embedding": null,
                    "h": null,
                    "parent": {
                        "py/id": 34
                    },
                    "py/object": "tree.TextTree"
                },
                {
                    "c": null,
                    "children": [
                        {
                            "c": null,
                            "children": [],
                            "content": "In the usual case, we must contend with noise and outliers. The aim of this section is to establish a bound on the position of xi when acted upon by the set of feasible rotations Rk, i.e., those that satisfy (3) for Pk.",
                            "embedding": null,
                            "h": null,
                            "parent": {
                                "py/id": 48
                            },
                            "py/object": "tree.TextTree"
                        },
                        {
                            "c": null,
                            "children": [],
                            "content": "The set of B that maintain (5) cause Bxk to lie within aspherical region of angular radius \u01eb centered at yk, i.e.,where S\u01eb(yk) := {x | \u2220(x, yk) \u2264 \u01eb} and kxk = 1.",
                            "embedding": null,
                            "h": null,
                            "parent": {
                                "py/id": 48
                            },
                            "py/object": "tree.TextTree"
                        },
                        {
                            "c": null,
                            "children": [],
                            "content": "Since Bxk is the rotation axis of A, the interior of S\u01eb(yk) also represents the set of possible rotation axes for A. Further, for any i 6= k, we can establishwhere (10) is based on the fact that applying the same pair of rotations on different points will transport the points across the same angular distance. Hence, (11) also shows that the set of feasible B cause Bxi to lie in a spherical region, i.e.,",
                            "embedding": null,
                            "h": null,
                            "parent": {
                                "py/id": 48
                            },
                            "py/object": "tree.TextTree"
                        },
                        {
                            "c": null,
                            "children": [],
                            "content": "Fig. 1(a) also shows S\u01eb(yk) and S\u01eb( \u02c6Bxi). The bound on Rkxi can thus be analysed based on these two regions.",
                            "embedding": null,
                            "h": null,
                            "parent": {
                                "py/id": 48
                            },
                            "py/object": "tree.TextTree"
                        },
                        {
                            "c": null,
                            "children": [],
                            "content": "To make explicit the dependence of A on a rotation axisa and angle \u03b8, we now denote it as A\u03b8,a, where",
                            "embedding": null,
                            "h": null,
                            "parent": {
                                "py/id": 48
                            },
                            "py/object": "tree.TextTree"
                        },
                        {
                            "c": null,
                            "children": [],
                            "content": "Let p be an arbitrary unit-norm point. Denecirc(p, a) := {A\u03b8,ap | \u03b8 \u2208 [\u2212\u03c0, \u03c0]}as the circle traced by p when acted upon by rotation A\u03b8,a for all \u03b8 at a particular axis a.",
                            "embedding": null,
                            "h": null,
                            "parent": {
                                "py/id": 48
                            },
                            "py/object": "tree.TextTree"
                        },
                        {
                            "c": null,
                            "children": [],
                            "content": "The set of possible positions of Rkxi is then dened by Lk(xi) := {circ(p, a) | p \u2208 S\u01eb( \u02c6Bxi), a \u2208 S\u01eb(yk)}. (15)",
                            "embedding": null,
                            "h": null,
                            "parent": {
                                "py/id": 48
                            },
                            "py/object": "tree.TextTree"
                        },
                        {
                            "c": null,
                            "children": [],
                            "content": "Fig. 1(b) illustrates this feasible region, which exists on the unit sphere. The region is bounded within the two circlescirc(pn, an) and circ(pf , af ),which are highlighted in Fig. 1(b). Intuitively, pn and an (resp. pf and af ) are the closest (resp. farthest) pair of points from S\u01eb( \u02c6Bxi) and S\u01eb(yk). Mathematically, pn = exp (cid:16)\u01eb \u02c6Bxi \u00d7 yk/k \u02c6Bxi \u00d7 ykk(cid:17) \u02c6Bxi; an = exp (cid:16)\u01ebyk \u00d7 \u02c6Bxi/kyk \u00d7 \u02c6Bxik(cid:17) yk; pf = exp (cid:16)\u01ebyk \u00d7 \u02c6Bxi/kyk \u00d7 \u02c6Bxik(cid:17) \u02c6Bxi; and af = exp (cid:16)\u01eb \u02c6Bxi \u00d7 yk/k \u02c6Bxi \u00d7 ykk(cid:17) yk.",
                            "embedding": null,
                            "h": null,
                            "parent": {
                                "py/id": 48
                            },
                            "py/object": "tree.TextTree"
                        },
                        {
                            "c": null,
                            "children": [],
                            "content": "Note that if \u02c6Bxi is antipodal to yk, the feasible region reduces to the spherical region S3\u01eb( \u02c6Bxi). Result 1 For any i 6= k, if S\u01eb(yi) does not intersect with Lk(xi), then (xi, yi) cannot be aligned by any rotation Rk that satises (3). The correspondence (xi, yi) can then be safely removed without affecting the result fk of Pk.",
                            "embedding": null,
                            "h": null,
                            "parent": {
                                "py/id": 48
                            },
                            "py/object": "tree.TextTree"
                        }
                    ],
                    "content": "3.2. Uncertainty bound",
                    "embedding": null,
                    "h": null,
                    "parent": {
                        "py/id": 34
                    },
                    "py/object": "tree.TextTree"
                },
                {
                    "c": null,
                    "children": [
                        {
                            "c": null,
                            "children": [
                                {
                                    "c": null,
                                    "children": [],
                                    "content": "If \u02c6Bxi is close to yk, the North Pole may lie in Lk(xi). If this occurs, we take \u0398i = [\u2212\u03c0, \u03c0].",
                                    "embedding": null,
                                    "h": null,
                                    "parent": {
                                        "py/id": 70
                                    },
                                    "py/object": "tree.TextTree"
                                }
                            ],
                            "content": "3.3.1 Degenerate cases",
                            "embedding": null,
                            "h": null,
                            "parent": {
                                "py/id": 68
                            },
                            "py/object": "tree.TextTree"
                        },
                        {
                            "c": null,
                            "children": [
                                {
                                    "c": null,
                                    "children": [],
                                    "content": "Dene \u03c6(yi) and \u03c8(yi) respectively as the azimuth and inclination of yi. The spherical region S\u01eb(yi) is contained between the meridians \u03c6(yi) \u2212 \u03b3i and \u03c6(yi) + \u03b3i, wherefollowing the geometric considerations in Fig. 2(a). Let \u03b8i \u2208 [\u2212\u03c0, \u03c0] be the rotation angle such that the point A\u03b8i,yk",
                                    "embedding": null,
                                    "h": null,
                                    "parent": {
                                        "py/id": 74
                                    },
                                    "py/object": "tree.TextTree"
                                },
                                {
                                    "c": null,
                                    "children": [],
                                    "content": "Case 1: \u03b8i \u2208 [0, \u03c0]",
                                    "embedding": null,
                                    "h": null,
                                    "parent": {
                                        "py/id": 74
                                    },
                                    "py/object": "tree.TextTree"
                                },
                                {
                                    "c": null,
                                    "children": [],
                                    "content": "The inequality (22) states that for a xed \u03b8 and for all u \u2208 S\u01eb(yk) and Bxi \u2208 S\u01eb( \u02c6Bxi), the point A\u03b8,uBxi lies in",
                                    "embedding": null,
                                    "h": null,
                                    "parent": {
                                        "py/id": 74
                                    },
                                    "py/object": "tree.TextTree"
                                },
                                {
                                    "c": null,
                                    "children": [],
                                    "content": "This case is shown in Fig. 2(b). Dene \u0398i = [\u03b8ai , \u03b8b i ]. The desired bounding interval \u0398i can be obtained by takingi = \u03b8i + \u03b3i + \u03b2i,",
                                    "embedding": null,
                                    "h": null,
                                    "parent": {
                                        "py/id": 74
                                    },
                                    "py/object": "tree.TextTree"
                                },
                                {
                                    "c": null,
                                    "children": [],
                                    "content": "Fig. 1(c) depicts this spherical region. Observe that for all \u03b8 \u2208 [\u2212\u03c0, \u03c0], the center of the region lies in circ( \u02c6Bxi, yk). Intuitively, this is a circle of a xed latitude on the globe when yk is the \u201cNorth Pole\u201d. Further, the spherical region attains the largest angular radius at \u03b8 = \u00b1\u03c0.",
                                    "embedding": null,
                                    "h": null,
                                    "parent": {
                                        "py/id": 74
                                    },
                                    "py/object": "tree.TextTree"
                                },
                                {
                                    "c": null,
                                    "children": [],
                                    "content": "For a pair (xi, yi), we wish to obtain a bound \u0398i (an interval) on the range of \u03b8 that enable A\u03b8,uBxi to align with yi, given the uncertainties u \u2208 S\u01eb(yk) and Bxi \u2208 S\u01eb( \u02c6Bxi). This is analogous to seeking a bound on the \u03b8 that allows S\u03b4(\u03b8)(A\u03b8,yk",
                                    "embedding": null,
                                    "h": null,
                                    "parent": {
                                        "py/id": 74
                                    },
                                    "py/object": "tree.TextTree"
                                },
                                {
                                    "c": null,
                                    "children": [],
                                    "content": "Henceforth, concepts from the spherical coordinate system are used with reference to yk as the North Pole.where \u03b1i is the largest value such that the spherical regionstill touches the meridian \u03c6(yi) \u2212 \u03b3i, and \u03b2i is the largest value such that the spherical regionstill touches the meridian \u03c6(yi) + \u03b3i. Refer to Fig. 2(b). To determine \u0398i, we must nd \u03b1i and \u03b2i. From (23),i ) = 2|\u03b8i \u2212 \u03b3i \u2212 \u03b1i| sin(\u01eb/2) + \u01eb and i ) = 2|\u03b8i + \u03b3i + \u03b2i| sin(\u01eb/2) + \u01eb.",
                                    "embedding": null,
                                    "h": null,
                                    "parent": {
                                        "py/id": 74
                                    },
                                    "py/object": "tree.TextTree"
                                },
                                {
                                    "c": null,
                                    "children": [],
                                    "content": "Applying the same geometric considerations in Fig. 2(a) on the spherical regions (27) and (28), we have",
                                    "embedding": null,
                                    "h": null,
                                    "parent": {
                                        "py/id": 74
                                    },
                                    "py/object": "tree.TextTree"
                                },
                                {
                                    "c": null,
                                    "children": [],
                                    "content": "Note that the functions on both sides of each equation have the unknowns \u03b1i and \u03b2i respectively.",
                                    "embedding": null,
                                    "h": null,
                                    "parent": {
                                        "py/id": 74
                                    },
                                    "py/object": "tree.TextTree"
                                },
                                {
                                    "c": null,
                                    "children": [],
                                    "content": "Fig. 2(c) plots the two sine functions sin(\u03b2i) and sin(\u03b4(\u03b8b i ))/ sin(\u03c8(xi)). We consider only \u03b2i \u2208 [0, \u03c0/2], since the condition where the two functions do not intersect before \u03b2i \u2264 \u03c0/2 corresponds to the degeneracies in Sec. 3.3.1; see supplementary material for proof. Further, since usually \u01eb \u226a \u03c0, the period of the second sine functionis much greater than 2\u03c0, thus explaining the almost linear trend of the second sine function for \u03b2i \u2208 [0, \u03c0/2]. A largely identical plot occurs for the functions involving \u03b1i. Analytically solving the equations in (31) is non-trivial. However, since all that we require is a bounding interval \u0398i, we can replace the sine functions with more amenable approximations that yield a valid bounding interval. An identical technique is used to solve for \u03b1i and \u03b2i respectively, thus we describe our solution only for \u03b2i.",
                                    "embedding": null,
                                    "h": null,
                                    "parent": {
                                        "py/id": 74
                                    },
                                    "py/object": "tree.TextTree"
                                },
                                {
                                    "c": null,
                                    "children": [],
                                    "content": "We replace sin(\u03b2i) with a lower-bounding two-piece linear function; see Fig. 2(c). To obtain an upper-bounding line to sin(\u03b4(\u03b8bi ))/ sin(\u03c8(xi)), we use Jordan\u2019s inequalitysin(t) \u2264 t for t \u2264 \u03c0/2,which enables us to replace the second sine function with",
                                    "embedding": null,
                                    "h": null,
                                    "parent": {
                                        "py/id": 74
                                    },
                                    "py/object": "tree.TextTree"
                                },
                                {
                                    "c": null,
                                    "children": [],
                                    "content": "This upper-bounding line is legitimate forwhere in the worst case requiresor \u01eb \u2264 \u03c0/(2\u03c0+2) \u2261 21.7\u00b0, which is more than adequate for practical applications. Solving for \u03b2i in the manner above allows us to compute the upper limit \u03b8b Note that the resulting upper limit \u03b8bi in constant time. i may extend beyond i , \u03b8b i ]",
                                    "embedding": null,
                                    "h": null,
                                    "parent": {
                                        "py/id": 74
                                    },
                                    "py/object": "tree.TextTree"
                                },
                                {
                                    "c": null,
                                    "children": [],
                                    "content": "Case 2: \u03b8i \u2208 [\u2212\u03c0, 0]",
                                    "embedding": null,
                                    "h": null,
                                    "parent": {
                                        "py/id": 74
                                    },
                                    "py/object": "tree.TextTree"
                                },
                                {
                                    "c": null,
                                    "children": [],
                                    "content": "Case 2 is simply a mirror of Case 1 and the same steps",
                                    "embedding": null,
                                    "h": null,
                                    "parent": {
                                        "py/id": 74
                                    },
                                    "py/object": "tree.TextTree"
                                },
                                {
                                    "c": null,
                                    "children": [],
                                    "content": "Result 2 For any i 6= k, if S\u01eb(yi) intersects with Lk(xi), the range of angles \u03b8 such that \u2220(A\u03b8,uBxi, yi) \u2264 \u01eb for all u \u2208 S\u01eb(yk) and Bxi \u2208 S\u01eb( \u02c6Bxi) is bounded by \u0398i computed according to Sec. 3.3.",
                                    "embedding": null,
                                    "h": null,
                                    "parent": {
                                        "py/id": 74
                                    },
                                    "py/object": "tree.TextTree"
                                }
                            ],
                            "content": "3.3.2 Non-degenerate cases",
                            "embedding": null,
                            "h": null,
                            "parent": {
                                "py/id": 68
                            },
                            "py/object": "tree.TextTree"
                        }
                    ],
                    "content": "3.3. Reducing the uncertainty",
                    "embedding": null,
                    "h": null,
                    "parent": {
                        "py/id": 34
                    },
                    "py/object": "tree.TextTree"
                },
                {
                    "c": null,
                    "children": [
                        {
                            "c": null,
                            "children": [],
                            "content": "For problem Pk, on the input point matches that remain after pruning by the application of Result 1, we use Result 2 to convert them into a set of angular intervals {\u0398j}, where each \u0398j = [\u03b8a j]. We aim to nd the largest number of point matches that can be aligned by the same rotation angle \u03b8. More formally, we seek the solutionwhere I(\u00b7) is an indicator function that returns 1 if the input predicate is true and 0 otherwise. This is the well-known interval stabbing problem, for which efcient deterministic algorithms exist [3, Chap. 10]. We take \u02c6fk := Ok + 1 as an upper bound to the solution fk to Pk. Proposition 2 \u02c6fk := Ok + 1 \u2265 fk.",
                            "embedding": null,
                            "h": null,
                            "parent": {
                                "py/id": 106
                            },
                            "py/object": "tree.TextTree"
                        },
                        {
                            "c": null,
                            "children": [],
                            "content": "Proof By Result 2, each interval \u0398j is an over-estimation of the range of angles of rotation A\u03b8,u that permit the associated point match to be aligned. The number Ok + 1 must thus be greater than or equal to the maximum number of point matches that can be aligned under problem Pk. (cid:3)",
                            "embedding": null,
                            "h": null,
                            "parent": {
                                "py/id": 106
                            },
                            "py/object": "tree.TextTree"
                        },
                        {
                            "c": null,
                            "children": [],
                            "content": "As a by-product of interval stabbing, we derivewhere \u02dc\u03b8 is an angle that globally solves (37). Aligning the input data with \u02dcRk thus provides a lower bound to the original rotation search problem (1).",
                            "embedding": null,
                            "h": null,
                            "parent": {
                                "py/id": 106
                            },
                            "py/object": "tree.TextTree"
                        }
                    ],
                    "content": "3.4. Interval stabbing",
                    "embedding": null,
                    "h": null,
                    "parent": {
                        "py/id": 34
                    },
                    "py/object": "tree.TextTree"
                }
            ],
            "content": "3. Efcient algorithm for upper bound",
            "embedding": null,
            "h": null,
            "parent": {
                "py/id": 0
            },
            "py/object": "tree.TextTree"
        },
        {
            "c": null,
            "children": [
                {
                    "c": null,
                    "children": [],
                    "content": "We develop a guaranteed outlier removal algorithm (GORE) for the rotation search problem (1). Algorithm 1 summarizes our method. Given a set of input point matches H, our method iterates over each point match (xk, yk) and performs two operations: seek an improved lower bound l to problem (1) and an upper bound \u02c6fk to subproblem Pk; both steps are conducted simultaneously using our techniques in Sec. 3. Both values are then compared to attempt to reject the current point match as an outlier. The output is a reduced set of point matches H\u2032 \u2286 H guaranteed to include the globally optimal solution I \u2217 to (1).",
                    "embedding": null,
                    "h": null,
                    "parent": {
                        "py/id": 114
                    },
                    "py/object": "tree.TextTree"
                },
                {
                    "c": null,
                    "children": [],
                    "content": "GORE is a deterministic algorithm, unlike RANSAC. The worst case time complexity can be established as follows: for each k, the bounding interval \u0398i for each i 6= k is obtained in constant time. Given N intervals, the stabbing problem (37) can be solved in O(N log N ) time [3, Chap. 10]. Thus, Line 5 in Algorithm 1 takes O(N log N ) time. In the worst case, Line 5 is performed N times, and GORE thus consumes O(N 2 log N ) time.",
                    "embedding": null,
                    "h": null,
                    "parent": {
                        "py/id": 114
                    },
                    "py/object": "tree.TextTree"
                },
                {
                    "c": null,
                    "children": [],
                    "content": "As a whole, GORE contains only very simple geometric operations. In Sec. 5, we demonstrate the extreme efciency of GORE in processing large input data sizes.",
                    "embedding": null,
                    "h": null,
                    "parent": {
                        "py/id": 114
                    },
                    "py/object": "tree.TextTree"
                },
                {
                    "c": null,
                    "children": [],
                    "content": "Algorithm 1 Guaranteed outlier removal for rotation search Require: Point matches {(xi, yi)}N 1: H \u2190 {1, 2, . . . , N }. 2: H\u2032 \u2190 H, O \u2190 H, V \u2190 \u2205, and l \u2190 0. 3: for all k \u2208 O do V \u2190 V \u222a {k}. 4: Compute upper bound \u02c6fk and suboptimal rotation \u02dcRk (Sec. 3) for problem Pk on data indexed by H\u2032. Ck \u2190 {i | i \u2208 H\u2032, \u2220( \u02dcRkxi, yi) \u2264 \u01eb}. lk \u2190 |Ck|. if lk > l thenl \u2190 lk. O \u2190 H\u2032 \\ Ck.end if if \u02c6fk < l then",
                    "embedding": null,
                    "h": null,
                    "parent": {
                        "py/id": 114
                    },
                    "py/object": "tree.TextTree"
                }
            ],
            "content": "4. Main algorithm",
            "embedding": null,
            "h": null,
            "parent": {
                "py/id": 0
            },
            "py/object": "tree.TextTree"
        },
        {
            "c": null,
            "children": [
                {
                    "c": null,
                    "children": [
                        {
                            "c": null,
                            "children": [],
                            "content": "A data instance was generated as follows: N points on the unit-sphere were randomly produced to obtain set X . Set X was randomly rotated to produce set Y, which was then added with Gaussian noise of \u03c3 = 0.5\u00b0 (recall that we use the angular distance here). For a given outlier rate \u03c1, \u03c1N point matches (xi, yi) were randomly chosen from (X , Y) and resampled uniformly on the sphere to create In our experiments, N \u2208 {100, 250, 500} and outliers. \u03c1 = {0, 0.05, . . . , 0.9} were used. For each (N, \u03c1) combination, 1000 data instances were generated and \u01eb = 0.5\u00b0 was used in (1). The following approaches were tested:data was conducted beyond the order of generation.",
                            "embedding": null,
                            "h": null,
                            "parent": {
                                "py/id": 126
                            },
                            "py/object": "tree.TextTree"
                        },
                        {
                            "c": null,
                            "children": [],
                            "content": "Since [4] was much slower even with very efcient solvers (2 ms for each 3-subset), we do not show its results here.",
                            "embedding": null,
                            "h": null,
                            "parent": {
                                "py/id": 126
                            },
                            "py/object": "tree.TextTree"
                        },
                        {
                            "c": null,
                            "children": [],
                            "content": "Runtime comparisons The rst row of Fig. 3 shows the median total runtime over all data instances for the methods. While RANSAC was faster than GORE at low outlier rates, as the outlier rate increased, the runtime of RANSAC increased exponentially. In contrast, the runtime of GORE grew at a much lower rate. As expected, the runtime of BnB also grew rapidly as the outlier rate increased. This contrasts with the trend exhibited by GORE+BnB as the outlier rate increased, the total runtime decreased! This is because at higher outlier rates, GORE removed more outliers and reduced the overall data population more aggressively, hence BnB was able to nd the global solution using less time. Since the bulk of the runtime in GORE+BnB was due to BnB, the total runtime decreased with outlier rate.",
                            "embedding": null,
                            "h": null,
                            "parent": {
                                "py/id": 126
                            },
                            "py/object": "tree.TextTree"
                        },
                        {
                            "c": null,
                            "children": [],
                            "content": "At lower outlier rates, GORE+BnB took longer than \u201craw\u201d BnB since there were fewer outliers to remove, but steadily GORE+BnB began to outperform BnB. The performance gain became signicant at \u2248 70% outliers. At 90% outliers, GORE+BnB was an order of magnitude faster than BnB. As we will show in Sec. 5.2, outlier rates greater than 95% are actually very common in real data.",
                            "embedding": null,
                            "h": null,
                            "parent": {
                                "py/id": 126
                            },
                            "py/object": "tree.TextTree"
                        },
                        {
                            "c": null,
                            "children": [],
                            "content": "The results of RGORE+BnB at low outlier rates show that initializing GORE with RANSAC only marginally reduced the total runtime. However, at high outlier rates, the total runtime increased dramatically following the slowing down of RANSAC. Crucially, the trend of GORE+aBnB shows clearly that the dominating factor in speeding up BnB is in reducing the data amount and outlier rate, not in initializing BnB with a good lower bound. Hence, hot starting BnB with the suboptimal result |\u02dcI| of RANSAC will not reduce runtime (not to mention that at high outlier rates, the computation of RANSAC itself is a major burden).",
                            "embedding": null,
                            "h": null,
                            "parent": {
                                "py/id": 126
                            },
                            "py/object": "tree.TextTree"
                        },
                        {
                            "c": null,
                            "children": [],
                            "content": "Evaluation of suboptimal rotation Here we provide empirical evidence that, although GORE cannot completely eliminate all outliers, the best suboptimal rotation \u02dcRk calculated by Algorithm 1 is actually a good approximate solution. On each data instance generated above, we calculated the error of the best \u02dcRk to the globally optimal solution R\u2217, where the error is measured by d\u2220( \u02dcRk, R\u2217) = k log( \u02dcRk(R\u2217)T )k2 with log(\u00b7) the inverse of the exponential map. The distance is interpreted as the minimum geodesic motion between \u02dcRkp and R\u2217p where p is an arbitrary point [8]. We evaluated in the same way the rotations estimated using SVD [1] from the raw data, and from",
                            "embedding": null,
                            "h": null,
                            "parent": {
                                "py/id": 126
                            },
                            "py/object": "tree.TextTree"
                        },
                        {
                            "c": null,
                            "children": [],
                            "content": "RANSAC GORE BnB GORE+RANSAC GORE+BnB RGORE+BnB GORE+aBnB",
                            "embedding": null,
                            "h": null,
                            "parent": {
                                "py/id": 126
                            },
                            "py/object": "tree.TextTree"
                        },
                        {
                            "c": null,
                            "children": [],
                            "content": "RANSAC GORE BnB GORE+RANSAC GORE+BnB RGORE+BnB GORE+aBnB",
                            "embedding": null,
                            "h": null,
                            "parent": {
                                "py/id": 126
                            },
                            "py/object": "tree.TextTree"
                        },
                        {
                            "c": null,
                            "children": [],
                            "content": "RANSAC GORE BnB GORE+RANSAC GORE+BnB RGORE+BnB GORE+aBnB",
                            "embedding": null,
                            "h": null,
                            "parent": {
                                "py/id": 126
                            },
                            "py/object": "tree.TextTree"
                        },
                        {
                            "c": null,
                            "children": [],
                            "content": "Figure 3. Results on synthetic data. Row 1: Runtimes for different outlier ratios. Rows 2 and 3: Angular error of estimated rotations. To avoid clutter, GORE+RANSAC\u2019s error is not plotted in Row 2.the data after outlier removal with GORE. The second row in Fig. 3 shows error from all three rotations for increasing outlier rate, while the third row shows error from \u02dcRk and GORE+RANSAC\u2019s result.",
                            "embedding": null,
                            "h": null,
                            "parent": {
                                "py/id": 126
                            },
                            "py/object": "tree.TextTree"
                        },
                        {
                            "c": null,
                            "children": [],
                            "content": "As expected, SVD (least squares) rotation estimation is easily biased by outliers. Also, the non-negligible error of GORE+SVD points to the presence of remaining outliers after GORE. The error of \u02dcRk, however, remains low (\u2264 0.5\u00b0) even for high outlier rates. This indicates the efcacy of GORE as a suboptimal rotation search method. Results also show that a further improvement to \u02dcRk can be achieved by GORE+RANSAC at a small additional runtime.",
                            "embedding": null,
                            "h": null,
                            "parent": {
                                "py/id": 126
                            },
                            "py/object": "tree.TextTree"
                        }
                    ],
                    "content": "5.1. Synthetic data",
                    "embedding": null,
                    "h": null,
                    "parent": {
                        "py/id": 124
                    },
                    "py/object": "tree.TextTree"
                },
                {
                    "c": null,
                    "children": [
                        {
                            "c": null,
                            "children": [],
                            "content": "Although practical settings usually demand full 6DOF registration, rotation search for 3D point cloud registration serves as an important subroutine in 6DOF methods (see, e.g., [5]). In this experiment, we test the use of GORE for rotational registration. We use data from the Stanford repository, namely buddha, bunny, armadillo and dragon. Two partially overlapping scans S1 and S2 were selected for each object. Sizes of S1 and S2 are listed on the Column 1 in Table 1. S1 and S2 were centered and scaled such as their centroids coincided with the origin and both point sets were contained in the cube [\u221250, 50]3. Point matches between S1 and S2 were obtained using ISS3D [18] keypoint detector and matching with the PFH [14] descriptor as available in Point Cloud Library (http://pointclouds.org/).",
                            "embedding": null,
                            "h": null,
                            "parent": {
                                "py/id": 150
                            },
                            "py/object": "tree.TextTree"
                        },
                        {
                            "c": null,
                            "children": [],
                            "content": "Figure 4. Data instance for armadillo for N = 100. Green lines represent the 10 inlier matches found by BnB. To avoid excessive clutter, only half of the outlier matches (red lines) are displayed.best point matches based on the L2-norm of the PFH descriptors. For N \u2208 {100, 250, 500}, the obtained inlier ratios based on the threshold \u01eb = 0.5\u00b0 are listed in Column 3 in Table 1. Observe that the outlier rates in this problem are extremely high, even reaching 99% in some data instances. For each correspondence set, 10 different randomized rotations were applied on S1 to produce 10 data instances for rotation search; Fig. 4 depicts one such instance.",
                            "embedding": null,
                            "h": null,
                            "parent": {
                                "py/id": 150
                            },
                            "py/object": "tree.TextTree"
                        },
                        {
                            "c": null,
                            "children": [],
                            "content": "For GORE, a straightforward variant was used; the main loop in Algorithm 1 was iterated until no more outliers could be removed. Typically this required 3 to 10 passes through the data. While this increased the duration of our method, the total runtime was still relatively minuscule, as evidenced in Table 1. We also executed RANSAC, BnB, RANSAC+BnB (the suboptimal RANSAC result |\u02dcI| was used to initialize the lower bound of BnB) and GORE+BnB. We recorded the following measures:",
                            "embedding": null,
                            "h": null,
                            "parent": {
                                "py/id": 150
                            },
                            "py/object": "tree.TextTree"
                        },
                        {
                            "c": null,
                            "children": [],
                            "content": "A correspondence set was created by retaining N of thebuddha |S1| = 4151 |S2| = 3901bunny |S1| = 6533 |S2| = 6226armadillo |S1| = 4508 |S2| = 4362dragon |S1| = 5332 |S2| = 4683lwbnd 6 9 13 13 13 16 20 27 31 32 7 10 10 13 13 19 29 30 33 36err (\u00b0) 0.23 0.31 0.35 0.34 0.32 0.19 0.27 0.23 0.18 0.19 0.17 0.17 0.69 0.34 0.34 0.22 0.11 0.18 0.15 0.12out 53 178 390 590 807 74 209 442 684 924 80 229 469 713 958 71 205 446 693 939time (s) 0.009 0.040 0.112 0.304 0.447 0.003 0.015 0.056 0.127 0.219 0.003 0.014 0.055 0.146 0.233 0.004 0.016 0.055 0.167 0.226lwbnd 7 10 14 14 14 16 21 26 29 30 8 12 12 13 13 18 29 31 33 36err (\u00b0) 0.36 0.24 0.31 0.32 0.30 0.20 0.24 0.23 0.25 0.24 0.30 0.31 0.31 0.29 0.31 0.20 0.15 0.17 0.16 0.16time (s) 0.164 0.583 1.366 4.127 6.494 0.032 0.133 0.342 0.659 1.220 0.125 0.501 1.783 3.270 6.843 0.024 0.068 0.257 0.506 0.870opt 9 12 17 17 17 18 24 30 32 35 10 14 15 16 16 20 30 33 35 38err (\u00b0) 0.37 0.22 0.27 0.27 0.27 0.13 0.13 0.22 0.23 0.14 0.21 0.26 0.24 0.24 0.50 0.24 0.25 0.22 0.17 0.14time (s) 0.225 0.980 2.875 7.565 12.610 0.030 0.145 0.520 1.245 2.445 0.095 0.350 1.430 3.435 7.150 0.060 0.175 0.565 1.340 2.635",
                            "embedding": null,
                            "h": null,
                            "parent": {
                                "py/id": 150
                            },
                            "py/object": "tree.TextTree"
                        },
                        {
                            "c": null,
                            "children": [],
                            "content": "RANSAC GORE +BnB time (s) 0.074 0.116 0.237 0.630 1.018 0.003 0.024 0.076 0.147 0.269 0.013 0.021 0.066 0.161 0.264 0.014 0.034 0.065 0.184 0.283",
                            "embedding": null,
                            "h": null,
                            "parent": {
                                "py/id": 150
                            },
                            "py/object": "tree.TextTree"
                        },
                        {
                            "c": null,
                            "children": [],
                            "content": "Table 1. Point cloud registration results.",
                            "embedding": null,
                            "h": null,
                            "parent": {
                                "py/id": 150
                            },
                            "py/object": "tree.TextTree"
                        },
                        {
                            "c": null,
                            "children": [],
                            "content": "Table 1 lists the median values over all 10 data instances.",
                            "embedding": null,
                            "h": null,
                            "parent": {
                                "py/id": 150
                            },
                            "py/object": "tree.TextTree"
                        },
                        {
                            "c": null,
                            "children": [],
                            "content": "Due to the extremely high outlier rates, RANSAC was an order of magnitude slower than GORE. On all the data instances, GORE was able to terminate within 1 second, even with multiple passes over the data. The most crucial outcome is that the combination GORE+BnB was able to nd the globally optimal result with an order of magnitude less time than raw BnB. This was due to the massive reduction of true outliers before BnB in this experiment, after GORE the median problem size to BnB was just 50. Additionally, the fact that RANSAC+BnB was slower than raw BnB indicates the ineffectiveness of hot starting using RANSAC.",
                            "embedding": null,
                            "h": null,
                            "parent": {
                                "py/id": 150
                            },
                            "py/object": "tree.TextTree"
                        }
                    ],
                    "content": "5.2. Point cloud registration",
                    "embedding": null,
                    "h": null,
                    "parent": {
                        "py/id": 124
                    },
                    "py/object": "tree.TextTree"
                },
                {
                    "c": null,
                    "children": [
                        {
                            "c": null,
                            "children": [],
                            "content": "We follow the image stitching experiment in [4]. SIFT correspondences are obtained across an image pair taken with known camera intrinsics K1 and K2. The scene is sufciently far away to justify a homography H = K2RK\u22121 1 as an alignment function, where R is the rotation between the views. The rotation R can be estimated by registering the matching vectors backprojected from the SIFT keypoint coordinates using the inverse calibration matrix.",
                            "embedding": null,
                            "h": null,
                            "parent": {
                                "py/id": 168
                            },
                            "py/object": "tree.TextTree"
                        },
                        {
                            "c": null,
                            "children": [],
                            "content": "Fig. 5 presents a challenging image pair where there is a very small overlapping area. A total of 154 SIFT matches were detected and 64 of them correspond to inliers. The inlier threshold used was \u01eb = 0.05\u00b0. GORE with multiple repetitions eliminated all outliers in 10 ms; running BnB after GORE would thus terminate immediately, since the",
                            "embedding": null,
                            "h": null,
                            "parent": {
                                "py/id": 168
                            },
                            "py/object": "tree.TextTree"
                        },
                        {
                            "c": null,
                            "children": [],
                            "content": "Figure 5. SIFT correspondences and stitching result of GORE.best solution found by GORE equals to the global solution. Due to limited space, we can only show one image stitching result here; see supplementary material for more results.",
                            "embedding": null,
                            "h": null,
                            "parent": {
                                "py/id": 168
                            },
                            "py/object": "tree.TextTree"
                        }
                    ],
                    "content": "5.3. Image stitching",
                    "embedding": null,
                    "h": null,
                    "parent": {
                        "py/id": 124
                    },
                    "py/object": "tree.TextTree"
                }
            ],
            "content": "5. Results",
            "embedding": null,
            "h": null,
            "parent": {
                "py/id": 0
            },
            "py/object": "tree.TextTree"
        },
        {
            "c": null,
            "children": [
                {
                    "c": null,
                    "children": [],
                    "content": "We have presented a guaranteed outlier removal technique for rotation search, in the sense that any datum it removes cannot be in the globally optimal solution. Based on simple geometric operations, our algorithm is deterministic and efcient. Experiments show that, by signicantly reducing a signicant amount of the outliers, our method greatly speeds up globally optimal rotation search.tting of two 3-D point sets. 1987. 1, 6",
                    "embedding": null,
                    "h": null,
                    "parent": {
                        "py/id": 176
                    },
                    "py/object": "tree.TextTree"
                },
                {
                    "c": null,
                    "children": [],
                    "content": "Computational geometry. Springer, 3rd edition, 2008. 5for multiple view geometry. In ECCV, 2012. 1, 6, 8tion space search. IJCV, 82(1):64\u201379, 2009. 1, 4, 6ing. IJCV, 103(3):267\u2013305, 2013. 2, 6using unit quaternions. JOSA, A4:629\u2013642, 1987. 1, 2eye calibration. In CVPR, 2012. 1",
                    "embedding": null,
                    "h": null,
                    "parent": {
                        "py/id": 176
                    },
                    "py/object": "tree.TextTree"
                },
                {
                    "c": null,
                    "children": [],
                    "content": "Proceedings ICCV 2009 Workshop 3DRR, 2009. 1, 7",
                    "embedding": null,
                    "h": null,
                    "parent": {
                        "py/id": 176
                    },
                    "py/object": "tree.TextTree"
                }
            ],
            "content": "6. Conclusions",
            "embedding": null,
            "h": null,
            "parent": {
                "py/id": 0
            },
            "py/object": "tree.TextTree"
        }
    ],
    "content": "Guaranteed Outlier Removal for Rotation Search",
    "embedding": null,
    "h": null,
    "parent": null,
    "py/object": "tree.TextTree"
}