{
    "c": null,
    "children": [
        {
            "c": null,
            "children": [
                {
                    "c": null,
                    "children": [],
                    "content": "Recently there has been a surge of interest to use branchand-bound (bnb) optimisation for 3D point cloud registration. While bnb guarantees globally optimal solutions, it is usually too slow to be practical. A fundamental source of difculty is the search for the rotation parameters in the 3D rigid transform. In this work, assuming that the translation parameters are known, we focus on constructing a fast rotation search algorithm. With respect to an inherently robust geometric matching criterion, we propose a novel bounding function for bnb that allows rapid evaluation. Underpinning our bounding function is the usage of stereographic projections to precompute and spatially index all possible point matches. This yields a robust and global algorithm that is signicantly faster than previous methods.",
                    "embedding": null,
                    "h": null,
                    "parent": {
                        "py/id": 2
                    },
                    "py/object": "tree.TextTree"
                },
                {
                    "c": null,
                    "children": [],
                    "content": "To conduct full 3D registration, the translation can be supplied by 3D feature matching, or by another optimisation framework that provides the translation. On various challenging point clouds, including those taken out of lab settings, our approach demonstrates superior efciency.",
                    "embedding": null,
                    "h": null,
                    "parent": {
                        "py/id": 2
                    },
                    "py/object": "tree.TextTree"
                }
            ],
            "content": "Abstract",
            "embedding": null,
            "h": null,
            "parent": {
                "py/id": 0
            },
            "py/object": "tree.TextTree"
        },
        {
            "c": null,
            "children": [
                {
                    "c": null,
                    "children": [],
                    "content": "Despite signicant research efforts, 3D point cloud registration remains a formidable challenge; see [15] for a recent survey. The goal is to nd the rigid transforms that bring two or more 3D point clouds into alignment. Many practical systems still rely on the classical ICP method [3], which conducts an EM-like optimisation that alternates between point assignments and updates to the rigid transform parameters. While highly efcient, ICP requires careful initialisations since it can only converge to local optima. A similar weakness af\ufb02icts the well-known SoftAssign method [7], which also performs alternating optimisation. In many applications, the required initialisations may not be dependable or are too laborious to be acquired. There is thus the need to consider algorithms that are globally optimal.",
                    "embedding": null,
                    "h": null,
                    "parent": {
                        "py/id": 8
                    },
                    "py/object": "tree.TextTree"
                },
                {
                    "c": null,
                    "children": [],
                    "content": "One of the earliest globally optimal registration methods was proposed by Breuel [4] for geometric matching, e.g., nding a previously seen conguration of 2D pointsin an input edge map. The method is based on branch-andbound (bnb) optimisation, which guarantees global optimality. While Breuel\u2019s original formulation is fast enough for optimising 2D rigid transforms with 3 dof, a naive extension to estimate 3D rigid transforms with 6 dof is unwieldy, as the volume of the search space is increased exponentially.",
                    "embedding": null,
                    "h": null,
                    "parent": {
                        "py/id": 8
                    },
                    "py/object": "tree.TextTree"
                },
                {
                    "c": null,
                    "children": [],
                    "content": "In practice the point clouds may only partially overlap, and points in the non-overlapping regions represent outliers. The geometric matching criterion [4] is inherently robust to outliers since it only matches points within a distance threshold. In contrast, the original ICP [3] which subscribes to the maximum likelihood principle will attempt to match all the points, including outliers. This led to extensions such as ICP with M-estimators [17, 6] and trimmed ICP [5]. In general, however, the need to handle outliers further complicates the optimisation. Most robust ICP variants simply use alternating [17, 5] or iterative optimisation [6], which do not give globally optimal solutions.",
                    "embedding": null,
                    "h": null,
                    "parent": {
                        "py/id": 8
                    },
                    "py/object": "tree.TextTree"
                },
                {
                    "c": null,
                    "children": [],
                    "content": "In this paper, we focus on the rotation search subproblem: given the translation component of the 3D rigid transform, calculate the rotation to register the points. By no means is this a trivial problem, as we will show in the experiments. Signicant efforts have also been devoted purely to rotation search [8, 14, 12, 2]. Our contribution is a fast bnb rotation search algorithm that optimises the geometric matching criterion [4]. We exploit the geometry of rotational transforms to derive a tight bounding function that is also amenable to very efcient evaluation. Specically, we precompute all possible point matches using stereographic projections [11] and index them in circular Rtrees [10]. This facilitates fast bound computations and speeds up the overall bnb algorithm. The result is a rotation search method that is robust, globally optimal and fast; our method can register up to 1000 points in 2 seconds.",
                    "embedding": null,
                    "h": null,
                    "parent": {
                        "py/id": 8
                    },
                    "py/object": "tree.TextTree"
                },
                {
                    "c": null,
                    "children": [],
                    "content": "To accomplish full 3D registration, our rotation search \u201ckernel\u201d can be embedded in a broader optimisation framework. One possibility is to use it in the nested bnb algorithm of [16] that contains two nested bnb loops for translation and rotation; the overall result is guaranteed to be globally optimal. Here, we suggest to generate candidate translations using 3D keypoint detection and matching tech",
                    "embedding": null,
                    "h": null,
                    "parent": {
                        "py/id": 8
                    },
                    "py/object": "tree.TextTree"
                },
                {
                    "c": null,
                    "children": [],
                    "content": "Many of the recent works on rotation search concentrated on multi-view geometry problems [8, 14, 12, 2]. Perhaps the most relevant to our work is [2], who also considered rotational alignment of point clouds. Given two input point clouds which are assumed to differ only by rotation, keypoint matches are rst established. Their goal is to nd the maximum consensus rotation (the rotation that agrees with the most number of keypoint matches), and a bnb algorithm was proposed. Note that in [2], only the keypoint matches are considered in the optimisation; contrast this to (1) where the original (unmatched) input points are used. This implies that at least three true-positive keypoint matches must exist for the result to be meaningful.",
                    "embedding": null,
                    "h": null,
                    "parent": {
                        "py/id": 8
                    },
                    "py/object": "tree.TextTree"
                },
                {
                    "c": null,
                    "children": [],
                    "content": "It is worthwhile to further compare our work with [2]. In our proposed 3D registration framework, each keypoint match gives rise to a pair M and B, whose aligning rotation is then determined by maximising (1) \u2014 there are thus as many rotation search instances as the number of keypoint matches. For our approach to be successful, at least one true-positive keypoint match must be available. In [2], the authors only considered point clouds that differ purely by rotation. To allow for general 3D rigid transforms, we can apply their algorithm in our framework, whereby given a particular keypoint match, instead of translating the point clouds, we translate the set of keypoint matches to form the input to their algorithm [2]; see also Fig. 1 (bottom). On this basis, we will benchmark our result against [2].",
                    "embedding": null,
                    "h": null,
                    "parent": {
                        "py/id": 8
                    },
                    "py/object": "tree.TextTree"
                },
                {
                    "c": null,
                    "children": [],
                    "content": "Decoupling translation and rotation and estimating them separately is not a new idea \u2014 note that our main novelty is a highly efcient 3D rotation search method, not the framework in Fig. 1. In [1], towards the goal of estimating the motion of catadioptric cameras, the authors proposed to calculate the rotation via detecting parallel catadioptric lines, and the translation by a robust 2-point algorithm.",
                    "embedding": null,
                    "h": null,
                    "parent": {
                        "py/id": 8
                    },
                    "py/object": "tree.TextTree"
                },
                {
                    "c": null,
                    "children": [],
                    "content": "More recently, a nested bnb algorithm was proposed in [16] for 3D point cloud registration, where an \u201couter\u201d bnb optimises the rotation, while an \u201cinner\u201d bnb searches for the translation given the rotation. Another interesting contribution of [16] is the usage of ICP to tighten the bound for the overall algorithm, thus speeding up convergence. We see our work as complementary to [16] by envisioning a nested bnb algorithm where the inner bnb conducts rotation search (using our novel method) given the translation. Moreover, the idea of using ICP to hasten convergence also applies.",
                    "embedding": null,
                    "h": null,
                    "parent": {
                        "py/id": 8
                    },
                    "py/object": "tree.TextTree"
                },
                {
                    "c": null,
                    "children": [],
                    "content": "An earlier work that adopted bnb for rotation search is [9]. A \u201cLipschitzised\u201d objective function is formulated and globally optimised over the space of rotations. The method assumes one-to-one matching of the point clouds (i.e., no partial overlaps) which can be a severe limitation. Further, the performance is too slow to be practical.",
                    "embedding": null,
                    "h": null,
                    "parent": {
                        "py/id": 8
                    },
                    "py/object": "tree.TextTree"
                },
                {
                    "c": null,
                    "children": [],
                    "content": "Figure 1. (Top) Our framework rst obtains 3D keypoint matches across the input point clouds. Here, only a small subset of the matches are plotted to minimise clutter. (Bottom) Each keypoint match is used to translate the point clouds such that the matched points coincide. If the keypoint match is a true positive, the point clouds can be aligned by just a 3D rotation. Our main contribution is a fast and globally optimal algorithm for 3D rotation search. Note that our rotation search method uses the original (unmatched) points as input, not the keypoint matches.niques [15]; note that a point match across two point clouds denes a 3D translation. Given a candidate translation we conduct rotation search to nd the optimal rotational alignment. The best rotation and translation pair naturally gives rise to an aligning 3D rigid transform. Fig. 1 illustrates.",
                    "embedding": null,
                    "h": null,
                    "parent": {
                        "py/id": 8
                    },
                    "py/object": "tree.TextTree"
                },
                {
                    "c": null,
                    "children": [],
                    "content": "The rest of the paper is organised as follows: Sec. 2 denes our problem and surveys related work to put our paper in the right context. Sec. 3 describes the proposed rotation search method, while Sec. 4 provides experimental results and comparisons. Finally, we draw conclusions in Sec. 5.",
                    "embedding": null,
                    "h": null,
                    "parent": {
                        "py/id": 8
                    },
                    "py/object": "tree.TextTree"
                }
            ],
            "content": "1. Introduction",
            "embedding": null,
            "h": null,
            "parent": {
                "py/id": 0
            },
            "py/object": "tree.TextTree"
        },
        {
            "c": null,
            "children": [
                {
                    "c": null,
                    "children": [],
                    "content": "Q\u2217 \u2190 0, R\u2217 \u2190 null.",
                    "embedding": null,
                    "h": null,
                    "parent": {
                        "py/id": 34
                    },
                    "py/object": "tree.TextTree"
                },
                {
                    "c": null,
                    "children": [],
                    "content": "Algorithm 1 Bnb rotation search to maximise (1). Require: Point sets M and B, threshold \u0001. 1: Initialise priority queue q, B \u2190 cube of side 2\u03c0, 2: Insert B into q. 3: while q is not empty do Obtain a box B from q. 4: 5: Rc \u2190 centre rotation of B. If Q(Rc) = Q\u2217 then terminate. 6: If Q(Rc) > Q\u2217 then Q\u2217 \u2190 Q(Rc), R\u2217 \u2190 Rc. 7: Subdivide B into Bl and Br. 8: If \u02c6Q(Bl) > Q\u2217, insert Bl with priority \u02c6Q(Bl) into q. 9: If \u02c6Q(Br) > Q\u2217, insert Br with priority \u02c6Q(Br) into q. 10: 11: end while 12: return Optimal rotation R\u2217 with quality Q\u2217.",
                    "embedding": null,
                    "h": null,
                    "parent": {
                        "py/id": 34
                    },
                    "py/object": "tree.TextTree"
                }
            ],
            "content": "2. Problem denition",
            "embedding": null,
            "h": null,
            "parent": {
                "py/id": 0
            },
            "py/object": "tree.TextTree"
        },
        {
            "c": null,
            "children": [
                {
                    "c": null,
                    "children": [],
                    "content": "Algorithm 1 summarises our bnb algorithm for nding the globally optimal 3D rotation w.r.t. maximising (1). The basic idea is to recursively subdivide and prune the rotation space, until the global optima is found.",
                    "embedding": null,
                    "h": null,
                    "parent": {
                        "py/id": 40
                    },
                    "py/object": "tree.TextTree"
                },
                {
                    "c": null,
                    "children": [],
                    "content": "We employ the axis-angle parametrisation for rotations. A 3D rotation is represented as a 3-vector whose direction and norm specify the axis and angle of rotation [8]; all rotations are thus contained in a \u03c0-ball. Initially we enclose the \u03c0-ball with a cube of side 2\u03c0 then successively subdivide it into smaller boxes. We employ binary subdivision: a box B is split equally along its longest side into two smaller boxes Bl and Br, with arbitrary tie-breaking if B is a cube. Octal subdivision [8] is also possible; if memory is not a limitation, the branching factor is not critical to the run time.",
                    "embedding": null,
                    "h": null,
                    "parent": {
                        "py/id": 40
                    },
                    "py/object": "tree.TextTree"
                },
                {
                    "c": null,
                    "children": [],
                    "content": "Crucially in\ufb02uencing the run time of Algorithm 1 is thetightness of the bounding function \u02c6Q, which must satisfy",
                    "embedding": null,
                    "h": null,
                    "parent": {
                        "py/id": 40
                    },
                    "py/object": "tree.TextTree"
                },
                {
                    "c": null,
                    "children": [],
                    "content": "Figure 2. Under the action of all rotations in B, mi may lie only on a spherical patch centered at Rcmi. However the bounding function (8) assumes mi may lie in the \u03b4i-ball centred at Rcmi.is the centre of B with rotation matrix Rc. For any rotation u situated in the box B, we can see thatas a direct consequence of (3). It thus follows thatwhere the bound \u03b4 is based on the cosine rule",
                    "embedding": null,
                    "h": null,
                    "parent": {
                        "py/id": 40
                    },
                    "py/object": "tree.TextTree"
                },
                {
                    "c": null,
                    "children": [],
                    "content": "The result (6) immediately suggests the following bounding function for the geometric matching criterion (1):where Rr is the matrix form of rotation r. A tighter \u02c6Q will prune more agressively and result in fewer iterations. Of equal importance is the efciency of evaluating Q and \u02c6Q, since they are called repeatedly. We make novel contributions in both aspects, as we describe in Secs. 3.2 and 3.3. 3.1. Previous results",
                    "embedding": null,
                    "h": null,
                    "parent": {
                        "py/id": 40
                    },
                    "py/object": "tree.TextTree"
                },
                {
                    "c": null,
                    "children": [],
                    "content": "Given two rotation vectors u and v in the \u03c0-ball, it haswhere we dene \u03b4i as (7) evaluated with mi. This bounding function was also originally proposed by Breuel; see [4] for proof that (8) is a valid bounding function for (1).",
                    "embedding": null,
                    "h": null,
                    "parent": {
                        "py/id": 40
                    },
                    "py/object": "tree.TextTree"
                },
                {
                    "c": null,
                    "children": [],
                    "content": "The bounding function (8) is unnecessarily conservative. Geometrically, the result (6) says that Rumi may lie anywhere within a ball of radius \u03b4i centred at Rcmi \u2014 intuitively, we know that this is inaccurate, since the actions of all possible rotations in B may only allow mi to lie on a patch on the surface of the sphere with radius (cid:107)mi(cid:107); see Fig. 2. Our method exploits this key insight. 3.2. Improving the tightness of the bound",
                    "embedding": null,
                    "h": null,
                    "parent": {
                        "py/id": 40
                    },
                    "py/object": "tree.TextTree"
                },
                {
                    "c": null,
                    "children": [],
                    "content": "Let S\u03b8(m) represent the spherical patch (see Fig. 2) centred at m with angular radius \u03b8, i.e.,",
                    "embedding": null,
                    "h": null,
                    "parent": {
                        "py/id": 40
                    },
                    "py/object": "tree.TextTree"
                },
                {
                    "c": null,
                    "children": [],
                    "content": "S\u03b8(m) = {x | (cid:107)x(cid:107) = (cid:107)m(cid:107), \u2220(m, x) \u2264 \u03b8}.",
                    "embedding": null,
                    "h": null,
                    "parent": {
                        "py/id": 40
                    },
                    "py/object": "tree.TextTree"
                },
                {
                    "c": null,
                    "children": [],
                    "content": "X,YZ\fis a circle on the surface of S2\u03c0(m). Using the above notation, we can reexpress the result (5) as Rum \u2208 S\u03b1B(Rcm)where c, u and \u03b1B are as dened previously.",
                    "embedding": null,
                    "h": null,
                    "parent": {
                        "py/id": 40
                    },
                    "py/object": "tree.TextTree"
                },
                {
                    "c": null,
                    "children": [],
                    "content": "Let l\u0001(b) denote the solid ball of radius \u0001 centred at b:l\u0001(b) = {x | (cid:107)x \u2212 b(cid:107) \u2264 \u0001}. The objective function (1) can be rewritten as",
                    "embedding": null,
                    "h": null,
                    "parent": {
                        "py/id": 40
                    },
                    "py/object": "tree.TextTree"
                },
                {
                    "c": null,
                    "children": [],
                    "content": "From (10), since mi can only lie in S\u03b1B(Rcmi) under all possible rotations in B, determining if mi can possibly match with bj under B amounts to checking if S\u03b1B(Rcmi) intersects with l\u0001(bj). This leads to the upper bound (cid:98)S\u03b1B(Rcmi) \u2229 l\u0001(bj) (cid:54)= \u2205(cid:99) .",
                    "embedding": null,
                    "h": null,
                    "parent": {
                        "py/id": 40
                    },
                    "py/object": "tree.TextTree"
                },
                {
                    "c": null,
                    "children": [],
                    "content": "To qualify as a valid bounding function for bnb, \u02c6Qsp has to meet several conditions, which we prove below. Lemma 1. For any box B",
                    "embedding": null,
                    "h": null,
                    "parent": {
                        "py/id": 40
                    },
                    "py/object": "tree.TextTree"
                },
                {
                    "c": null,
                    "children": [],
                    "content": "Also as B collapses to a single point r, \u02c6Qsp(B) = Q(Rr).",
                    "embedding": null,
                    "h": null,
                    "parent": {
                        "py/id": 40
                    },
                    "py/object": "tree.TextTree"
                },
                {
                    "c": null,
                    "children": [],
                    "content": "Intuitively, \u02c6Qsp imposes a tighter bound than \u02c6Qbr, since given B, \u02c6Qsp allows mi to vary within the spherical patch while \u02c6Qbr allows mi to vary within a ball of radius that encloses the spherical patch. A formal proof is as follows. Lemma 2. For any box B",
                    "embedding": null,
                    "h": null,
                    "parent": {
                        "py/id": 40
                    },
                    "py/object": "tree.TextTree"
                },
                {
                    "c": null,
                    "children": [],
                    "content": "Figure 3. (a) A solid ball intersects the surface of a sphere at a spherical patch, which has a circular outline on the sphere. Under stereographic projection, a spherical patch is projected to become a circular patch. (b\u2013d) The three types of circular patches: interior patch (this is the case in panel (a)), exterior patch (the spherical patch contains the pole; the \u201ccontents\u201d of the spherical patch is projected outside of the circle), and half-plane (the pole lies on the circular outline of the spherical patch). See [11] for diagrams of projections that yield the two latter types.",
                    "embedding": null,
                    "h": null,
                    "parent": {
                        "py/id": 40
                    },
                    "py/object": "tree.TextTree"
                },
                {
                    "c": null,
                    "children": [],
                    "content": "Kd-tree is the main workhorse in [4] for evaluating Q and \u02c6Qbr. Points in B are indexed in a single kd-tree which is queried during bnb with points from M. Evaluating (1) or (8) thus takes O(M log B) computational effort.",
                    "embedding": null,
                    "h": null,
                    "parent": {
                        "py/id": 40
                    },
                    "py/object": "tree.TextTree"
                },
                {
                    "c": null,
                    "children": [],
                    "content": "To evaluate the proposed bound (13) efciently, we needto answer multiple queries like the following quickly:",
                    "embedding": null,
                    "h": null,
                    "parent": {
                        "py/id": 40
                    },
                    "py/object": "tree.TextTree"
                },
                {
                    "c": null,
                    "children": [],
                    "content": "From Fig. 2, since S\u03b1B(Rcmi) must lie on the surface of the sphere S2\u03c0(mi), only the subset of B whose l\u0001(bj) intersect with S2\u03c0(mi) can possibly have a non-zero interection with S\u03b1B(Rcmi). Further, this subset (which we call Bmi) contains the bj\u2019s with distance \u2264 \u0001 to S2\u03c0(mi). To evaluate (17) quickly, we can presearch Bmi and index it in a kd-tree. Given B, we can perform a range query with point Rcmi and range \u03b4i (recall that S\u03b1B(Rcmi) is enclosed by the \u03b4i-ball centred at Rcmi). This disregards points in B that will never match with mi. By querying M separate kd-trees, evaluating (13) takes O(M log Bav) effort, where Bav \u2264 B is the average size of {Bmi}M i=1.",
                    "embedding": null,
                    "h": null,
                    "parent": {
                        "py/id": 40
                    },
                    "py/object": "tree.TextTree"
                },
                {
                    "c": null,
                    "children": [],
                    "content": "While the M kd-tree approach permits faster bound evaluation, we propose another technique that gives bigger computational gains. Continuing the above observations, each l\u0001(bj) for bj \u2208 Bmi intersects S2\u03c0(mi) at a spherical patch \u2014 recall that a sphere-to-sphere intersection yields a circle,i.e., the outline of the spherical patch, see Fig. 3(a). The size of the patch depends on the distance of bj to S2\u03c0(mi). Our idea is to use stereographic projection to project the spherical patches onto the xy-plane \u03c9. Assuming a unitsphere and a projection pole at [0, 0, 1]T , a point x on the sphere and its stereographic projection p are related by [11]pT p \u2212 1 1 + pT p",
                    "embedding": null,
                    "h": null,
                    "parent": {
                        "py/id": 40
                    },
                    "py/object": "tree.TextTree"
                },
                {
                    "c": null,
                    "children": [],
                    "content": "The crucial property is that circles are projected as circles; see Fig. 3(a). To see this, recall that a circle results from the intersection between a plane \u03c4 and the sphere. Let \u03c4 be [a b c]T x = d. Putting (18) into the plane equation yields",
                    "embedding": null,
                    "h": null,
                    "parent": {
                        "py/id": 40
                    },
                    "py/object": "tree.TextTree"
                },
                {
                    "c": null,
                    "children": [],
                    "content": "A spherical patch is projected to become a circular patch in \u03c9. Recall that the outline of a spherical patch is a circle. Typically the vast majority of spherical patches do not intersect or contain the pole; these are projected to become interior patches, i.e., the interior of the spherical patch is projected to the interior of the circle in \u03c9. A small minority of spherical patches that contain the pole will be projected to yield exterior patches or half-planes (both are special cases of circular patches). Figs. 3(b)\u2013(d) show the three types. Given the circular patches from Bmi, to solve (17) we rst stereographically project S\u03b1B(Rcmi) to obtain the query patch Lq, then check if Lq intersects any of the circular patches from Bmi. In the following, we discuss efcient indexing and search schemes, based on the different types of circular patches from Bmi. Note that by replacing Lq with the stereographic projection of Rmi, the methods below can also be used to evaluate the objective function (12). Exterior patches and half-planes. Due to the small number of occurrences in practice (in fact, no half-planes existed in our experiments), we simply store the exterior patches and half-planes in a list. Given Lq, we scan the list to see if the non-empty region of Lq overlaps with the non-empty region of any of the entries; as soon as a hit is encountered, we stop and return 1 to (17). In fact, if Lq is itself an exterior patch or a half-plane, it will always overlap with an entry (since all the originating spherical patches contain and intersect at the North Pole) and the scan can be avoided. Interior patches. Solving (17) is dominated by testing the interior patches from Bmi for overlaps. To facilitate efcient querying, we index the interior patches (specically, their circular outlines) in a circular R-tree. R-trees are indexing structures designed for spatial access queries, e.g., is a polygon contained in another polygon; see [10]",
                    "embedding": null,
                    "h": null,
                    "parent": {
                        "py/id": 40
                    },
                    "py/object": "tree.TextTree"
                },
                {
                    "c": null,
                    "children": [],
                    "content": "Figure 4. A set of interior patches in the projection plane is indexed in a circular R-tree. The MBR at each node is also drawn. The tree structure is shown on the right. A query patch Lq is also shown; in this example, Lq does not intersect with the largest MBR at the root node, hence the search need not proceed beyond the root.for a general exposition. In our circular R-tree, the circles are hierarchically indexed in a balanced tree. Circles in the same node are enclosed by a minimum bounding rectangle (MBR). Fig. 4 shows a tree of depth three. The main parameter for building the tree is the branching factor. Regardless of the type of circular patch Lq, querying the circular R-tree is conducted similarly; the distinction is just how overlaps are dened. At each node, if Lq overlaps with the MBR of the node, the children of the node are traversed; at a leaf node, Lq is simply tested for overlaps with the interior patches contained therein, and if a hit is encountered If Lq does not overlap the query is terminated instantly. with the MBR of a node, the whole branch can be ignored; contrast this to kd-tree queries, where the full depth of the tree must be reached such that candidate nearest distances are obtained to enable pruning of branches. In fact, in our circular R-tree, should (17) evaluate to 0, it is usually unnecessary to explore all tree levels. In many actual cases, only the rst-few levels are descended; Fig. 4 shows an example. This difference in behaviour is the source of massive improvements in run time, as we will show in Sec. 4.",
                    "embedding": null,
                    "h": null,
                    "parent": {
                        "py/id": 40
                    },
                    "py/object": "tree.TextTree"
                },
                {
                    "c": null,
                    "children": [],
                    "content": "Computational analysis. To evaluate the proposed bounding function (13), we will need to build and query M circular R-trees (the same number of trees required in the naive M-kd-tree approach). Search efciency is of greater interest since querying occurs multiple times during bnb. Theoretically, R-trees and kd-trees have similar search complexities; in the worst case we will need to traverse the full depth of the tree and visit other branches (in both cases, we can bail out early since any overlapping interior patch or sufciently close neighbour will do). In practice, however, we see signicant speedups using circular R-trees.",
                    "embedding": null,
                    "h": null,
                    "parent": {
                        "py/id": 40
                    },
                    "py/object": "tree.TextTree"
                },
                {
                    "c": null,
                    "children": [],
                    "content": "Of secondary interest is the tree-building time, which occurs only once before the main loop of Algorithm 1. Given Bmi, constructing a balanced circular R-tree and kd-tree have similar complexities. Finding Bmi can be efciently done using a kd-tree that indexes the norms of M; any bj with |(cid:107)bj(cid:107) \u2212 (cid:107)mi(cid:107)| \u2264 \u0001 is placed in Bmi.",
                    "embedding": null,
                    "h": null,
                    "parent": {
                        "py/id": 40
                    },
                    "py/object": "tree.TextTree"
                },
                {
                    "c": null,
                    "children": [],
                    "content": "We rst test our 3D rotation search method in the context of the 3D registration framework depicted in Fig. 1. We used 3D scan data from the Stanford repository, namely, bunny, dragon, armadillo, asian dragon, buddha and statuette. For each object, two partially overlapping scans V1 and V2 were chosen and downsampled; columns 2 and 3 in Table 1 list the size of each point cloud. Since only one scan is available for statuette and asian dragon, we generated a second scan by adding Gaussian noise to the points.",
                    "embedding": null,
                    "h": null,
                    "parent": {
                        "py/id": 40
                    },
                    "py/object": "tree.TextTree"
                },
                {
                    "c": null,
                    "children": [],
                    "content": "Apart from the Stanford data, we also tested our method on laser scans of underground mines. Laser scanning is a frequently used technique in mine surveying. Scan registration is needed since a single scan cannot image the whole mine. Two pairs of scans were used in our experiment: mineA and mineB; see Fig. 5. Such data is much more challenging due to the small partial overlap between scans. To nd the rigid transform (R, t) that registers V1 and V2, in our framework we rst detect and match 3D keypoints across V1 and V2; we used ISS3D [18] and PFH [13] as implemented in Point Cloud Library1. The PFH descriptors were compared using the l2 norm, and we chose a threshold such that exactly 100 keypoint matches were produced per V1 and V2 pair. The matching precision varied across the type of structure (column 5 in Table 1), but we veried that at least three true positive matches existed per V1 and V2 pair. For each match p \u2194 q, we translated V1 by \u2212p and V2 by \u2212q such that they potentially differ by a rotation about the origin. Further, instead of using all V1 and V2, we took only points within a radius \u03b4loc from p and q; this produced the pair M and B as input for rotation search. The value \u03b4loc was chosen as a ratio of the point cloud extent and xed for each V1 and V2 pair. Since our contribution is globally optimal rotation search, taking local point clouds does not detract from our contribution, as only the size of M and B matter for benchmarking. To \u201cnormalise\u201d the sizes we ensured |M| \u2264 |B| by swapping M and B if needed; note that in all the objective and bounding functions the main loop has exactly |M| iterations, thus it would be more strategic make M the smaller set. Column 4 in Table 1 lists the average |M| across all matches in the datasets.",
                    "embedding": null,
                    "h": null,
                    "parent": {
                        "py/id": 40
                    },
                    "py/object": "tree.TextTree"
                },
                {
                    "c": null,
                    "children": [],
                    "content": "We benchmark the following rotation search methods. All methods were implemented in C and executed on a machine with an Intel Core i7 3.40 GHz CPU.with objective (1) and bound (8) using 1 kd-tree. kd-trees to index {Bmi}M 1http://pointclouds.org/",
                    "embedding": null,
                    "h": null,
                    "parent": {
                        "py/id": 40
                    },
                    "py/object": "tree.TextTree"
                },
                {
                    "c": null,
                    "children": [],
                    "content": "Figure 5. Point clouds successfully registered by our method: from the top-left, bunny, armadillo, dragon, buddha, asian dragon, statuette, mineA and mineB.",
                    "embedding": null,
                    "h": null,
                    "parent": {
                        "py/id": 40
                    },
                    "py/object": "tree.TextTree"
                },
                {
                    "c": null,
                    "children": [],
                    "content": "On each V1 and V2 pair, we performed rotation search on the local point clouds originating from the 100 keypoint matches. The durations required to perform 100 rotation searches are listed in columns 7\u20139 in Table 1; note that the recorded durations include time for all data structure preparations (e.g., building M kd-trees or circular R-trees).",
                    "embedding": null,
                    "h": null,
                    "parent": {
                        "py/id": 40
                    },
                    "py/object": "tree.TextTree"
                },
                {
                    "c": null,
                    "children": [],
                    "content": "Observe that bnb-M-circ can attain more than an order of magnitude speedup over bnb-1-tree. Compared to bnbM-tree, our method gave an average of 5 times speedup; note that these two methods use exactly the same bounding function, hence, both will require the same number of iterations in Algorithm 1; their gap in actual run time is thus due primarily to the different bound evaluation techniques. To obtain the desired registration between V1 and V2, across all 100 optimised local rotations we selected the one with the highest normalised match score, i.e., Q(R\u2217)/M. Using that rotation and its originating keypoint match, we rotationally aligned V1 and V2 and evaluated the global match score Qglob; this is simply (1) calculated using all available points. The result is in column 6 in Table 1. Visually, as shown in Fig. 5, all objects were satisfactorily registered. Note that all bnb methods give the same quality.",
                    "embedding": null,
                    "h": null,
                    "parent": {
                        "py/id": 40
                    },
                    "py/object": "tree.TextTree"
                },
                {
                    "c": null,
                    "children": [],
                    "content": "Given that our 3D registration framework employs keypoint matches, one may wonder how our rotation search approach compares with RANSAC. A minimal subset of three keypoint matches is sufcient to estimate a 3D rigidbunny armadillo dragon buddha a. dragon statuette mineA mineBverify the superior performance of the proposed method. Comparisons with [2]. Comparing with other formulations and techniques for rotation search is nontrivial, but we shall strive to quantitatively benchmark against [2]. While they also use bnb, there are crucial differences. First, their algorithm takes a set of point matches as input; in our case, Algorithm 1 does not require any matches between M and B (in our registration framework, keypoint matches are only used for translating the points). Using point matches obviates the need to search for matches during function evaluations. Second, the error used in [2] is the angular error between matching points, while we use the l2 distance.",
                    "embedding": null,
                    "h": null,
                    "parent": {
                        "py/id": 40
                    },
                    "py/object": "tree.TextTree"
                },
                {
                    "c": null,
                    "children": [],
                    "content": "In the real data experiments using Stanford bunny [2, Sec. 4.2], keypoint matches were rst obtained on two partially overlapping scans that differed only by rotation. The sizes of point clouds, number of keypoint matches and outlier proportion were not explicitly reported. The authors did mention that, in the context of using RANSAC in their experiment, there were \u201c8 inliers out of 1191 points\u201d \u2014 we take this to mean that there were 1191 keypoint matches of which 8 were genuine2. Further, in the overview of their experiments [2, Sec. 4], it was reported that the algorithm \u201cconverges in a couple of seconds\u201d \u2014 we shall take this as indicative of the run time in point cloud registration. Fig. 6 (bottom) shows Fig. 6 (top) with only the run times from bnb-M-circ. At |M| = 1200 (comparable to the 1191 data used in [2]), our method achieved a median run time of 3s, which is very close to the 2s in [2]. It should be noted that our excellent run time was achieved despite the need to search for matches online between M and B. Comparisons with [16]. A globally optimal nested bnb algorithm was proposed to nd the 3D rigid transform (R, t) that aligns two point clouds. The outer bnb loop optimises the rotation, while the inner bnb loop estimates the translation. Also, ICP was integrated into the algorithm to bootstrap the computation of the bound, such that convergence to the global optimum can be accelerated. Impressive run times were reported: on the Stanford bunny dataset, only 30 seconds were needed to register 1000 data points (equivalent to V1) to 30000\u201340000 model points (equivalent to V2). It should be noted, however, that nearest neigh2Observing Fig. 3 in [2], there seemed to be < 100 keypoint matches.",
                    "embedding": null,
                    "h": null,
                    "parent": {
                        "py/id": 40
                    },
                    "py/object": "tree.TextTree"
                },
                {
                    "c": null,
                    "children": [],
                    "content": "Figure 6. (top) Median run time versus problem size M. (bottom) Median run time for bnb-M-circ only.transform. The quality was taken as (1) evaluated on all the points, i.e., Qglob. We stopped the RANSAC sampling as soon as Qglob equalled or surpassed the Qglob of the bnb methods (note: this is possible since Qglob is not directly optimised by the bnb methods), or if the number of iterations hit the limit of 50000. We then recorded the elapsed time (note: due to the 50000 iteration cutoff, RANSAC may have shorter run times). The median results from 20 instances of RANSAC are in columns 10-12 of Table 1.",
                    "embedding": null,
                    "h": null,
                    "parent": {
                        "py/id": 40
                    },
                    "py/object": "tree.TextTree"
                },
                {
                    "c": null,
                    "children": [],
                    "content": "On easier pairs like asian dragon where both scans fully overlap (hence, keypoint matching is more accurate), the quality of RANSAC can surpass bnb rotation search; however this was achieved using a much longer run time. On the other pairs RANSAC required signicantly more time than bnb-M-circ without reaching close to the latter\u2019s quality. To achieve a quality close to the optimal, RANSAC will require iterations many times greater than the 50000 limit. To investigate the scaling property of our method, we repeated the above experiment, but varied the neighbourhood size \u03b4loc such a larger range of sizes of M and B could be tested. In Fig. 6 (top), we plot the median run time of all bnb methods as a function of the size of M. These results",
                    "embedding": null,
                    "h": null,
                    "parent": {
                        "py/id": 40
                    },
                    "py/object": "tree.TextTree"
                },
                {
                    "c": null,
                    "children": [],
                    "content": "Figure 7. (a) Globally optimal full 3D registration. (b) Globally optimal rotational alignment, based on a point match identied by the user. The robust matching score of (a) is greater than (b).",
                    "embedding": null,
                    "h": null,
                    "parent": {
                        "py/id": 40
                    },
                    "py/object": "tree.TextTree"
                }
            ],
            "content": "3. Fast globally optimal rotation search",
            "embedding": null,
            "h": null,
            "parent": {
                "py/id": 0
            },
            "py/object": "tree.TextTree"
        },
        {
            "c": null,
            "children": [
                {
                    "c": null,
                    "children": [],
                    "content": "Our globally optimal rotation search algorithm was shown to be an order of magnitude faster than the original bnb algorithm of Breuel [4]. It also has good performance relative to other methods based on different formulations. Under our registration framework that uses keypoint matches, our algorithm was demonstrated to be accurate and efcient in registering partially overlapping point clouds. Acknowledgements",
                    "embedding": null,
                    "h": null,
                    "parent": {
                        "py/id": 114
                    },
                    "py/object": "tree.TextTree"
                },
                {
                    "c": null,
                    "children": [],
                    "content": "This work is partly supported by the Australian Research",
                    "embedding": null,
                    "h": null,
                    "parent": {
                        "py/id": 114
                    },
                    "py/object": "tree.TextTree"
                },
                {
                    "c": null,
                    "children": [],
                    "content": "Council grant DP130102524. References [1] J.-C. Bazin, C. Demonceaux, P. Vasseur, and I. S. Kweon. Motion estimation by decoupling rotation and translation in catadioptric vision. CVIU, 114:254\u2013273, 2012. 2shapes. IEEE TPAMI, 14(2):239\u2013256, 1992. 1trimmed icp algorithm. In ICPR, 2002. 1tion space search. IJCV, 82:64\u201379, 2009. 1, 2, 3eye calibration. In CVPR, 2012. 1, 2form curves. Technical report, INRIA, 1992. 1",
                    "embedding": null,
                    "h": null,
                    "parent": {
                        "py/id": 114
                    },
                    "py/object": "tree.TextTree"
                },
                {
                    "c": null,
                    "children": [],
                    "content": "Proceedings ICCV 2009 Workshop 3DRR, 2009. 6",
                    "embedding": null,
                    "h": null,
                    "parent": {
                        "py/id": 114
                    },
                    "py/object": "tree.TextTree"
                }
            ],
            "content": "5. Conclusions",
            "embedding": null,
            "h": null,
            "parent": {
                "py/id": 0
            },
            "py/object": "tree.TextTree"
        }
    ],
    "content": "Fast Rotation Search with Stereographic Projections for 3D Registration",
    "embedding": null,
    "h": null,
    "parent": null,
    "py/object": "tree.TextTree"
}