{
    "c": null,
    "children": [
        {
            "c": null,
            "children": [
                {
                    "c": null,
                    "children": [],
                    "content": "We consider a methodology for integrating multiple sensors along with semantic information to enhance scene representations. We propose a probabilistic generative model for inferring semantically-informed aerial reconstructions from multi-modal data within a consistent mathematical framework. The approach, called SemanticallyAware Aerial Reconstruction (SAAR), not only exploits inferred scene geometry, appearance, and semantic observations to obtain a meaningful categorization of the data, but also extends previously proposed methods by imposing structure on the prior over geometry, appearance, and semantic labels. This leads to more accurate reconstructions and the ability to ll in missing contextual labels via joint sensor and semantic information. We introduce a new multi-modal synthetic dataset in order to provide quantitative performance analysis. Additionally, we apply the model to real-world data and exploit OpenStreetMap as a source of semantic observations. We show quantitative improvements in reconstruction accuracy of large-scale urban scenes from the combination of LiDAR, aerial photography, and semantic data. Furthermore, we demonstrate the model\u2019s ability to ll in for missing sensed data, leading to more interpretable reconstructions.",
                    "embedding": null,
                    "h": null,
                    "parent": {
                        "py/id": 2
                    },
                    "py/object": "tree.TextTree"
                }
            ],
            "content": "Abstract",
            "embedding": null,
            "h": null,
            "parent": {
                "py/id": 0
            },
            "py/object": "tree.TextTree"
        },
        {
            "c": null,
            "children": [
                {
                    "c": null,
                    "children": [],
                    "content": "Humans integrate various sensory, semantic, and contextual cues to construct internal representations of the world for robustly reasoning within their environment. This ability is little diminished in the face of sparse and noisy observations. Furthermore, humans easily extrapolate the structure of the surrounding large-scale environment from their local surroundings using cues and prior experiences of similar scenes. Such inferential feats are supported by semantic understanding and categorization of scene elements. Motivated by such abilities we develop an approach for scene reconstruction that integrates sensor data along with georeferenced semantic labels. With some exceptions, existing approaches focus solely on obtaining a semantic labeling",
                    "embedding": null,
                    "h": null,
                    "parent": {
                        "py/id": 6
                    },
                    "py/object": "tree.TextTree"
                },
                {
                    "c": null,
                    "children": [],
                    "content": "Bottom: Aerial image, LiDAR and OSM observations.from sensor data. We construct a probabilistic generative model that allows multi-modal data fusion, integrates semantic observations, and captures the notion that different scene components exhibit different properties via a structured prior over the different modalities. The approach, Semantically-Aware Aerial Reconstruction (SAAR), infers semantically-meaningful categories of data which are used in the reconstruction as category-specic priors, resulting in improved reconstruction accuracy.",
                    "embedding": null,
                    "h": null,
                    "parent": {
                        "py/id": 6
                    },
                    "py/object": "tree.TextTree"
                },
                {
                    "c": null,
                    "children": [],
                    "content": "SAAR builds on the work of Cabezas et al. [4], by adding semantic observations from OpenStreetMap (OSM) [12] to the sensor data already used there: aerial oblique imagery, and Light Detection and Ranging (LiDAR). Each of these sources provides complementary features for reasoning about urban scenes. We further expand on [4] by introducing a novel structured prior, to regularize reconstructions. In contrast to prior semantic reconstruction work, our goal is to (1) exploit the learned categories to improve the reconstruction and (2) ll in missing sensor data.",
                    "embedding": null,
                    "h": null,
                    "parent": {
                        "py/id": 6
                    },
                    "py/object": "tree.TextTree"
                },
                {
                    "c": null,
                    "children": [],
                    "content": "Previous work in the area of semantic labeling can be categorized based on the domain of the labels: image-space or 3D-space. In the rst category, Sudderth et al. [31] and Wang et al. [35] focus on the extraction of pixel-wise labelsfrom single images with no additional information. Along similar lines, Cao et al. [5] and Choi et al. [6] expand on prior work by introducing spatial connectivity between the labels. They show that spatial connectivity greatly improves performance. Similarly, the problem of matching noisy text tags to images and, if possible, identifying image regions that give rise to the textual description has been extensively studied [8, 19, 20, 22, 24, 25, 38]. These approaches typically learn multi-modal (text and appearance) representations and attempt to predict one modality when the other is missing. All of the aforementioned works are formulated in the image-domain and differ from the proposed approach in both formulation and goal.",
                    "embedding": null,
                    "h": null,
                    "parent": {
                        "py/id": 6
                    },
                    "py/object": "tree.TextTree"
                },
                {
                    "c": null,
                    "children": [],
                    "content": "Prior work in 3D scene labeling can be categorized by choice of primitive used to produce the labeling: point, voxel, mesh, or object box (while not strictly a primitive, Point-based semantic labeling has received the most attention in recent years [1, 3, 10, 14, 18, 37]. The goal is to label 3D points, either using human annotations and propagating them through the point cloud, or by following procedures similar to image-based methods and projecting the results into 3D using standard multi-view techniques. Voxel-based methods, e.g., [13, 16, 17, 28, 34], formulate the labeling problem as an energy minimization problem in either 2D (followed by projection to 3D), or directly in 3D. Most of these methods exploit spatial connectivity using Markov Random Fields or Conditional Random Fields (CRFs). Like some voxelbased methods, mesh-based approaches [2, 33] rely on energy minimization in a CRF; however, unlike voxel-based approaches, they tend to have a richer set of discriminative features such as texture, curvature and various mesh properties. Approaches that label scene objects (typically in the form of a bounding box) provide a higher degree of abstraction than primitive-based methods. Ren et al. [27] and Lin et al. [21] rely on a set of low-level features to nd and classify scene regions.",
                    "embedding": null,
                    "h": null,
                    "parent": {
                        "py/id": 6
                    },
                    "py/object": "tree.TextTree"
                },
                {
                    "c": null,
                    "children": [],
                    "content": "The proposed work falls in the mesh-based category. Like other methods in this category, it relies on high-level features, including primitive appearance, geometry via location and orientation, and, if available, semantic observations, such as OSM or Geiger mode LiDAR. This data is used in a probabilistic model to learn scene categories and category-specic structured priors that can be used to regularize scene elements during reconstruction.",
                    "embedding": null,
                    "h": null,
                    "parent": {
                        "py/id": 6
                    },
                    "py/object": "tree.TextTree"
                },
                {
                    "c": null,
                    "children": [],
                    "content": "The contributions of this work are: (1) a novel probabilistic model that couples semantic labels and scene reconstruction, (2) mathematically consistent methods for obtaining labels and reconstructions from multi-modal data in 3D, (3) demonstration of the utility of semantic observations and structured prior distributions to improve the accuracy of scene reconstruction, and (4) the introduction of a new photo-realistic multi-modal synthetic urban city dataset.",
                    "embedding": null,
                    "h": null,
                    "parent": {
                        "py/id": 6
                    },
                    "py/object": "tree.TextTree"
                },
                {
                    "c": null,
                    "children": [],
                    "content": "The parts taken over from [4] are depicted in gray whereas the proposed structured prior is shown in black.",
                    "embedding": null,
                    "h": null,
                    "parent": {
                        "py/id": 6
                    },
                    "py/object": "tree.TextTree"
                }
            ],
            "content": "1. Introduction",
            "embedding": null,
            "h": null,
            "parent": {
                "py/id": 0
            },
            "py/object": "tree.TextTree"
        },
        {
            "c": null,
            "children": [
                {
                    "c": null,
                    "children": [],
                    "content": "The proposed SAAR model couples a latent structured prior model with a probabilistic semantic 3D world representation. The 3D representation is typically based on a collection of independent primitives (e.g., points, voxels, or triangles as in our case) with a series of attributes that describe the various scene aspects (e.g., geometry and appearance). SAAR draws from the model proposed in [4] where, in addition to the latent geometry and appearance per primitive (i.e., triangle), we also model a semantic label. Furthermore, we introduce a structured prior via a mixture model over the latent semantic labels, appearance, and geometry to replace the uninformative uniform priors used in [4]. We will show that posterior inference under such a prior captures meaningful scene-specic global structure, which can be leveraged to regularize the 3D reconstructions. These extensions lead to powerful regularizers for 3D reconstruction without the need of carefully hand-crafted scene priors.",
                    "embedding": null,
                    "h": null,
                    "parent": {
                        "py/id": 24
                    },
                    "py/object": "tree.TextTree"
                },
                {
                    "c": null,
                    "children": [],
                    "content": "From the generative viewpoint, the SAAR model describes how the combination of latent geometry G, appearance A, and semantic label S give rise to LiDAR measurements L, observed OSM labels O, and camera images I at observed GPS positions P. The geometry is represented via vertex locations V and connectivity matrix \u03b8. The images are assumed to be generated from a set of \ufb02y-by cameras with poses T (extrinsic) and calibration K (intrinsic). For convenience we let W , {G, A, S, Z}, where Z is the primitive\u2019s categorical assignment. The probabilistic graphical representation of this model is visualized in Fig. 2 (hyperparameters are omitted for clarity). Model parameters are summarized in Tab. 1. The joint distribution for the probabilistic SAAR model is:p(L, I, P, O, T, K, V, W, \u03d5, \u03c0; \u03b8) = p(W, \u03d5, \u03c0|V; \u03b8)n|G, A, K c, T c)p(P c",
                    "embedding": null,
                    "h": null,
                    "parent": {
                        "py/id": 24
                    },
                    "py/object": "tree.TextTree"
                },
                {
                    "c": null,
                    "children": [],
                    "content": "NP , NV , NL, NO, NC , {N c",
                    "embedding": null,
                    "h": null,
                    "parent": {
                        "py/id": 24
                    },
                    "py/object": "tree.TextTree"
                },
                {
                    "c": null,
                    "children": [],
                    "content": "Oo = (Po \u2208 R3, Co \u2208 {1, ..., Nd})",
                    "embedding": null,
                    "h": null,
                    "parent": {
                        "py/id": 24
                    },
                    "py/object": "tree.TextTree"
                },
                {
                    "c": null,
                    "children": [],
                    "content": "Number of primitives, vertices, LiDAR and OSM points; cameras and images. Number of semantic and OSM categories; appearance and image pixels. LiDAR observation. OSM observation (location, categories).",
                    "embedding": null,
                    "h": null,
                    "parent": {
                        "py/id": 24
                    },
                    "py/object": "tree.TextTree"
                },
                {
                    "c": null,
                    "children": [],
                    "content": "Vm \u2208 R3, Gm \u2208 N1\u00d73, \u03b8 \u2208 RNp\u00d73 Vertex location, Geometric primitive (triangle), Connectivity matrix.",
                    "embedding": null,
                    "h": null,
                    "parent": {
                        "py/id": 24
                    },
                    "py/object": "tree.TextTree"
                },
                {
                    "c": null,
                    "children": [],
                    "content": "Am = {ap |ap \u2208 R3}N 2",
                    "embedding": null,
                    "h": null,
                    "parent": {
                        "py/id": 24
                    },
                    "py/object": "tree.TextTree"
                },
                {
                    "c": null,
                    "children": [],
                    "content": "Sm = {Co|\u2200o assigned to Gm}",
                    "embedding": null,
                    "h": null,
                    "parent": {
                        "py/id": 24
                    },
                    "py/object": "tree.TextTree"
                },
                {
                    "c": null,
                    "children": [],
                    "content": "T c \u2208 SE(3), K c \u2208 (0, 180]n = {pj |pj \u2208 R3}NB I c j=1",
                    "embedding": null,
                    "h": null,
                    "parent": {
                        "py/id": 24
                    },
                    "py/object": "tree.TextTree"
                },
                {
                    "c": null,
                    "children": [],
                    "content": "Primitive appearance (texture) and corresponding RGB pixel. OSM category distribution (all observations assigned to primitive m). Primitive category. Extrinsic trajectory (position and orientation) and Intrinsic parameter (FOV). nth image taken with camera c modeled as a collection of RGB pixels. nth GPS observation of camera c. Cluster proportions; geometry, appearance and semantic parameters (see text).where the structured prior over primitive geometry, appearance, and semantic label factors as:p(W, \u03d5, \u03c0|V; \u03b8) = p(\u03c0)n|G, A, K c, T c) = QNB",
                    "embedding": null,
                    "h": null,
                    "parent": {
                        "py/id": 24
                    },
                    "py/object": "tree.TextTree"
                },
                {
                    "c": null,
                    "children": [],
                    "content": "We now describe the terms in Eq. (1). The image likelihood, p(I c m(k)), is modeled as a Gaussian distribution with mean corresponding to the latent appearance pixel of the associated primitive and the variance corresponding to the inverse of the dot product between the camera\u2019s viewing direction and the surface normal of the visible primitive. The LiDAR likelihood is given by p(Ll|G) = N (d2(Ll, Gm(l)); 0, \u03c32), where d(Ll, Gm) is the distance between the LiDAR point and primitive. The GPS observations follow a Gaussian distribution centered at the camera trajectory, T c. All priors, with the exception of the structured prior, are uniform. For further details see [4].",
                    "embedding": null,
                    "h": null,
                    "parent": {
                        "py/id": 24
                    },
                    "py/object": "tree.TextTree"
                },
                {
                    "c": null,
                    "children": [],
                    "content": "Semantic observations O are modeled in SAAR as a collection of independent 3D points, where each point has a location and semantic label, Oo , (Po, Co). The location and label are assumed to be independent, thus the likelihood is p(Oo|S, G) = p(Po|G)p(Co|S). The location model is the same as that of the LiDAR measurements; i.e., the likelihood depends on the distance between the point and the generating primitive. The class likelihood is modeled as a Categorical distribution (Cat): p(Co|S) = Cat(Co; Sm(o)). Equation (2) shows the mixture model structure of the prior on geometry, appearance, and semantic label, shown in black in Fig. 2. Note that each primitive m is assigned to a single mixture component via Zm. Each mixture component denes a distribution over the product space of geometry, appearance and semantic labels. Following the standard approach in Bayesian mixture modeling, we assume a",
                    "embedding": null,
                    "h": null,
                    "parent": {
                        "py/id": 24
                    },
                    "py/object": "tree.TextTree"
                },
                {
                    "c": null,
                    "children": [],
                    "content": "Dirichlet distribution (Dir) prior with hyperparameter \u03b1 on the mixture weights \u03c0. The class labels Zm are distributed according to a categorical distribution parametrized by \u03c0: p(Zm|\u03c0) = Cat(Zm; \u03c0).",
                    "embedding": null,
                    "h": null,
                    "parent": {
                        "py/id": 24
                    },
                    "py/object": "tree.TextTree"
                },
                {
                    "c": null,
                    "children": [],
                    "content": "Conditioned on the category assignment via label Zm, the geometry, appearance, and semantic label of primitive m are modeled as generated independently from the associated component distribution in the respective space. For this process, we adopt a pixel-centric perspective inside each triangle. Specically, we model the 3D location, surface normal, RGB color and semantic label of each primitive\u2019s appearance pixels as independently and identically distributed according to the corresponding mixture component distribution. We note that this modeling is performed using the latent primitive attributes. Under this model, we can collect the sufcient statistics over the different modalities and use them for both likelihood evaluations and posterior inference. In the following, we introduce the distributions for appearance, semantic labels and geometry.",
                    "embedding": null,
                    "h": null,
                    "parent": {
                        "py/id": 24
                    },
                    "py/object": "tree.TextTree"
                },
                {
                    "c": null,
                    "children": [],
                    "content": "Appearance: For each mixture component, we model the appearance as a three-dimensional Gaussian in the RGB color space. Hence, given appearance parameter \u03d5A kwhere Am,i is the RGB color of pixel i in primitive m and the product is over all pixels in the primitive. The Gaussian parameters of \u03d5A are distributed according to the Normal Inverse Wishart (NIW) conjugate prior distribution [11].",
                    "embedding": null,
                    "h": null,
                    "parent": {
                        "py/id": 24
                    },
                    "py/object": "tree.TextTree"
                },
                {
                    "c": null,
                    "children": [],
                    "content": "Semantic labels: Labels Sm assigned to primitive m are modeled as following a categorical distribution with a Dirichlet prior:",
                    "embedding": null,
                    "h": null,
                    "parent": {
                        "py/id": 24
                    },
                    "py/object": "tree.TextTree"
                },
                {
                    "c": null,
                    "children": [],
                    "content": "Sample Z according to Eq. (7). Sample \u03d5G, \u03d5A \u03d5S and \u03c0 according to Eq. (8).",
                    "embedding": null,
                    "h": null,
                    "parent": {
                        "py/id": 24
                    },
                    "py/object": "tree.TextTree"
                },
                {
                    "c": null,
                    "children": [],
                    "content": "Geometry: The geometry of primitive m is modeled via the primitive\u2019s appearance pixel locations in 3D, GX m,i, as well as its orientations, GQ m,i, for pixel i. The pixel locations GX m,i are assumed to be Gaussian distributed in 3D with NIW distribution priors on the Gaussian parameters {\u00b5G",
                    "embedding": null,
                    "h": null,
                    "parent": {
                        "py/id": 24
                    },
                    "py/object": "tree.TextTree"
                },
                {
                    "c": null,
                    "children": [],
                    "content": "As we will see, the structured prior uses the location information as a weak coupling between neighboring triangles. The orientation GQ m,i of the primitive\u2019s pixel i is described via its surface normal represented as a unit-length direction vector in 3D. The space of such vectors is the unit sphere in 3D, S2. Accordingly, we model primitive orientations by placing zero-mean Gaussian distributions in tangent spaces to S2 as explored in [29, 30]. We denote this distribution, visualized in Fig. 3, the tangent space Gaussian (TG). Under m \u2208 S2 associated with the TG model, surface normals GQ cluster Z , Zm have the following distributionm,i into the tangent space T\u00b5Qwhere the Riemannian logarithm map Log\u00b5Q m,i) maps GQ S around the mean of the TG \u00b5Q Z \u2208 S2. The TG model uses an Inverse Wishart prior [11] in the tangent plane for the covariance and a uniform prior on the sphere for the mean. We explore two different models: (1) an unconstrained model [29] with a single TG per cluster and (2) the Manhattan Frame (MF) model [30]. The MF captures the block structure of manmade environments in the space of surface normals through six TG clusters that are constrained to orthogonal and opposing locations on the sphere (Fig. 3).",
                    "embedding": null,
                    "h": null,
                    "parent": {
                        "py/id": 24
                    },
                    "py/object": "tree.TextTree"
                }
            ],
            "content": "2. The Probabilistic SAAR Model",
            "embedding": null,
            "h": null,
            "parent": {
                "py/id": 0
            },
            "py/object": "tree.TextTree"
        },
        {
            "c": null,
            "children": [
                {
                    "c": null,
                    "children": [],
                    "content": "As stated in the previous section, the structured prior for geometry, appearance, and semantic labels is equivalent to a mixture model over the aforementioned modes. This motivates the use of a Gibbs sampler that iterates between sampling labels Zm for each primitive and sampling mixture component parameters for posterior inference. We present the necessary posterior distributions in the following; for a detailed derivation see Sup. Mat.",
                    "embedding": null,
                    "h": null,
                    "parent": {
                        "py/id": 64
                    },
                    "py/object": "tree.TextTree"
                },
                {
                    "c": null,
                    "children": [],
                    "content": "Label posterior: The posterior distribution for a label",
                    "embedding": null,
                    "h": null,
                    "parent": {
                        "py/id": 64
                    },
                    "py/object": "tree.TextTree"
                },
                {
                    "c": null,
                    "children": [],
                    "content": "Zm of primitive m given the mixture parameters isp(Zm = k|Z\\m, G, A, S, \u03c0, \u03d5G, \u03d5A, \u03d5S)",
                    "embedding": null,
                    "h": null,
                    "parent": {
                        "py/id": 64
                    },
                    "py/object": "tree.TextTree"
                },
                {
                    "c": null,
                    "children": [],
                    "content": "For each primitive m we can evaluate Eq. (7) under all clusters k using the likelihoods described in the previous section to obtain a discrete probability distribution. After normalization, we sample the indicator Zm.",
                    "embedding": null,
                    "h": null,
                    "parent": {
                        "py/id": 64
                    },
                    "py/object": "tree.TextTree"
                },
                {
                    "c": null,
                    "children": [],
                    "content": "Parameter posteriors: The posterior distributions over the parameters of the mixture model factors into the different modes asp(\u03c0, \u03d5G, \u03d5A, \u03d5S|Z, G, A, S)where we use the indicator set Ik = {m : zm = k} to collect all primitives that are assigned to cluster k. Due to conjugacy of the priors on \u03c0, \u03d5G, \u03d5A, and \u03d5S, the posterior parameter distributions take the same form as the prior distributions. This allows efcient sampling of posterior parameters after updating the sufcient statistics [11]. Posterior sampling for the TG and MF distribution in \u03d5G is carried out as described in [29] and [30] respectively. The Gibbs sampler for the structured prior is outlined in Alg. 1.",
                    "embedding": null,
                    "h": null,
                    "parent": {
                        "py/id": 64
                    },
                    "py/object": "tree.TextTree"
                },
                {
                    "c": null,
                    "children": [],
                    "content": "In this section we discuss sampling-based inference for the SAAR model. We begin by outlining inference for the structured prior portion of the model, followed by an inference scheme for the full SAAR model.",
                    "embedding": null,
                    "h": null,
                    "parent": {
                        "py/id": 64
                    },
                    "py/object": "tree.TextTree"
                },
                {
                    "c": null,
                    "children": [],
                    "content": "Inference on the structured prior portion of the model is coupled with the inference scheme proposed in [4] to sample from the posterior of the SAAR model. Conceptually, the SAAR algorithm interleaves the geometry, appearance,",
                    "embedding": null,
                    "h": null,
                    "parent": {
                        "py/id": 64
                    },
                    "py/object": "tree.TextTree"
                },
                {
                    "c": null,
                    "children": [],
                    "content": "Algorithm 2 Full SAAR Model Inference",
                    "embedding": null,
                    "h": null,
                    "parent": {
                        "py/id": 64
                    },
                    "py/object": "tree.TextTree"
                },
                {
                    "c": null,
                    "children": [],
                    "content": "Estimate appearance A. Optimize over camera pose T and K. Run Structured Prior inference procedure (Alg. 1). Estimate appearance A. Optimize over world primitive geometry, V. Sample assignment of LiDAR and OSM data.and camera pose sampling with posterior sampling of the structured prior as outlined in Alg. 2. Specically, the updates to the appearance and vertex locations now take the structured priors into account. The appearance updates have the same form as in [4]:p(A|I, G, K, T, Z, \u03d5A)k |G, A, K c, T c)where we now utilize the inferred appearance parameters of the assigned cluster. Since the form of the equation does not change, we can still solve it in closed-form. Similarly, the vertex terms are augmented with the semantic labelp(V, G|I, L, O, Z, S, \u03d5G; \u03b8) \u221dn|G, A, K c, T c)p(Gm|\u03d5G, V; Z; \u03b8) . (10)",
                    "embedding": null,
                    "h": null,
                    "parent": {
                        "py/id": 64
                    },
                    "py/object": "tree.TextTree"
                },
                {
                    "c": null,
                    "children": [],
                    "content": "We optimize over Eq. (10) using a downhill simplex optimization method [23] to update the latent vertex locations to their maximum a posteriori conguration as in [4].",
                    "embedding": null,
                    "h": null,
                    "parent": {
                        "py/id": 64
                    },
                    "py/object": "tree.TextTree"
                }
            ],
            "content": "3. Inference",
            "embedding": null,
            "h": null,
            "parent": {
                "py/id": 0
            },
            "py/object": "tree.TextTree"
        },
        {
            "c": null,
            "children": [
                {
                    "c": null,
                    "children": [
                        {
                            "c": null,
                            "children": [],
                            "content": "The lack of ground-truthed aerial datasets motivates the creation of the SynthCity dataset. We used Esri\u2019s CityEngine [9] to create ve randomly-generated realistic cities (ToyCity, ToyCity2, City1-1, City3, and City4), each with eight different types of scene elements: open space, streets, sidewalks, parking lots, residential buildings, ofce buildings, high-rise buildings, and vegetation. Custom build rules allowed pseudo-random variation of geometry and appearance, resulting in a collection of elements that are not only photo-realistic, but also closely match the layout of real-world cities (Fig. 4). LiDAR measurements were obtained by simulating real LiDAR collections [15]. Please refer to the Sup. Mat. for further details.",
                            "embedding": null,
                            "h": null,
                            "parent": {
                                "py/id": 88
                            },
                            "py/object": "tree.TextTree"
                        }
                    ],
                    "content": "4.1. SynthCity Dataset",
                    "embedding": null,
                    "h": null,
                    "parent": {
                        "py/id": 86
                    },
                    "py/object": "tree.TextTree"
                },
                {
                    "c": null,
                    "children": [
                        {
                            "c": null,
                            "children": [],
                            "content": "We exploit the resulting categorization and priors to improve reconstruction accuracy via label-dependent updates to geometry and appearance. The goal is to compare the effect of the structured prior and semantic information on reconstruction accuracy. Fig. 5 compares various congurations of SAAR (using all available data: appearance, location, orientation and semantic observations) with the non-structured prior model [4], and with the LiDAR-only method of Zhou et al. [39] on the SynthCity dataset. The distance metric used is the mean error between the estimated and true mesh as computed by Metro [7]. From the gure we can see that in all cases SAAR produces better reconstructions than both baseline approaches. We emphasize that the only difference between SAAR and [4] is the use of the structured prior and semantic observations. See Sup. Mat. for additional comparisons.",
                            "embedding": null,
                            "h": null,
                            "parent": {
                                "py/id": 92
                            },
                            "py/object": "tree.TextTree"
                        }
                    ],
                    "content": "4.2. Improved Reconstructions (cid:173) SynthCity",
                    "embedding": null,
                    "h": null,
                    "parent": {
                        "py/id": 86
                    },
                    "py/object": "tree.TextTree"
                },
                {
                    "c": null,
                    "children": [
                        {
                            "c": null,
                            "children": [],
                            "content": "We used SynthCity to obtain quantitative accuracy metrics for the SAAR model. This allows us to study which modalities lead to improved semantic labeling via reduction of reconstruction error. We considered various feature combinations using appearance, orientation, location, and semantic observations under both the TG and the MF models. We quantied the utility of each of the modalities by",
                            "embedding": null,
                            "h": null,
                            "parent": {
                                "py/id": 96
                            },
                            "py/object": "tree.TextTree"
                        },
                        {
                            "c": null,
                            "children": [],
                            "content": "Cabezas et al. CVPR14 Zhou et al. ECCV10 MF K3 MF K4 MF K5",
                            "embedding": null,
                            "h": null,
                            "parent": {
                                "py/id": 96
                            },
                            "py/object": "tree.TextTree"
                        },
                        {
                            "c": null,
                            "children": [],
                            "content": "MF K6 TG K8 TG K12 TG K16 TG K18d e r r e f n id e r r e f n iy n o R A D Lt s D n a e M",
                            "embedding": null,
                            "h": null,
                            "parent": {
                                "py/id": 96
                            },
                            "py/object": "tree.TextTree"
                        },
                        {
                            "c": null,
                            "children": [],
                            "content": "Cabezas et al. CVPR14 Zhou et al. ECCV10 MF K3 MF K4 MF K8 MF K11 MF K12",
                            "embedding": null,
                            "h": null,
                            "parent": {
                                "py/id": 96
                            },
                            "py/object": "tree.TextTree"
                        },
                        {
                            "c": null,
                            "children": [],
                            "content": "TG K3 TG K4 TG K8 TG K11 TG K12 TG K18 TG K24y n o R A D Lt s D n a e M",
                            "embedding": null,
                            "h": null,
                            "parent": {
                                "py/id": 96
                            },
                            "py/object": "tree.TextTree"
                        },
                        {
                            "c": null,
                            "children": [],
                            "content": "Cabezas et al. CVPR14 Zhou et al. ECCV10 MF K3",
                            "embedding": null,
                            "h": null,
                            "parent": {
                                "py/id": 96
                            },
                            "py/object": "tree.TextTree"
                        },
                        {
                            "c": null,
                            "children": [],
                            "content": "MF K4 TG K9 TG K12d e r r e f n i",
                            "embedding": null,
                            "h": null,
                            "parent": {
                                "py/id": 96
                            },
                            "py/object": "tree.TextTree"
                        },
                        {
                            "c": null,
                            "children": [],
                            "content": "Cabezas et al. CVPR14 Zhou et al. ECCV10 MF K3",
                            "embedding": null,
                            "h": null,
                            "parent": {
                                "py/id": 96
                            },
                            "py/object": "tree.TextTree"
                        },
                        {
                            "c": null,
                            "children": [],
                            "content": "MF K4 TG K12 TG K14d e r r e f n iy n o R A D Lt s D n a e M",
                            "embedding": null,
                            "h": null,
                            "parent": {
                                "py/id": 96
                            },
                            "py/object": "tree.TextTree"
                        },
                        {
                            "c": null,
                            "children": [],
                            "content": "Cabezas et al. CVPR14 Zhou et al. ECCV10 MF K3",
                            "embedding": null,
                            "h": null,
                            "parent": {
                                "py/id": 96
                            },
                            "py/object": "tree.TextTree"
                        },
                        {
                            "c": null,
                            "children": [],
                            "content": "MF K5 TG K14 TG K18d e r r e f n iy n o R A D Lt s D n a e My n o R A D Lt s D n a e Mapp + TG + sem app + TG + loc + sem app + locapp + MF + sem app + MF + loc + semd e r r e nt s D n a e Md e r r e nt s D n a e Md e r r e nt s D n a e Md e r r e nt s D n a e Mt s D n a e Md e r r e nt s D n a e Mt s D n a e Mt s D n a e Mmeasuring the error of the estimated geometry against the ground-truth geometry. Fig. 6 shows that generally the reconstruction accuracy improves as more features are added. For example, consider TG-24 (top-right plot): as we add the location feature (magenta line) to the appearance and orientation features (blue line) we improve reconstruction accuracy; including the semantic feature (green line) provides further improvements. This behavior is seen across all TG models and most of the MF models. We hypothesize that as the number of clusters grow, the MF model gets stuck in local optima and thus its performance suffers. It is important to note that in the absence of semantic information (magenta lines) the structured prior model still performs well. Fig. 7 shows qualitative comparison of the labeling.",
                            "embedding": null,
                            "h": null,
                            "parent": {
                                "py/id": 96
                            },
                            "py/object": "tree.TextTree"
                        },
                        {
                            "c": null,
                            "children": [],
                            "content": "The semantic observations in SAAR can be used to attribute meaning to the learned clusters. One possible method of achieving this is by analyzing the learned semantic component distributions \u03d5S. The collection of high probability semantic observations under each cluster forms the inferred meaning of the cluster under the model. Fig. 8shows the semantic component distribution, MF-3 and MF4, for the ToyCity2 scene. By looking at the learned semantic distribution of MF-3, we can see that the blue cluster has high probability observations of types: sidewalk, roads and parking lots, thus justifying the attachment of the interpretation of the cluster as \u201cground\u201d. The labeling produced by MF-4 follows a similar pattern as MF-3. Moreover, the effect of adding one more cluster component can be clearly seen in the gure: the \u201cground\u201d cluster in MF-3 (blue) is divided into two clusters in MF-4 (blue and black). Each of the new clusters now has a more distinct meaning: the blue cluster is solely \u201cgreen space\u201d while the black cluster is the \u201croad network\u201d. We note that this behavior arises naturally from the model and no special conditions were used to produce this result.",
                            "embedding": null,
                            "h": null,
                            "parent": {
                                "py/id": 96
                            },
                            "py/object": "tree.TextTree"
                        }
                    ],
                    "content": "4.3. Clustering Results",
                    "embedding": null,
                    "h": null,
                    "parent": {
                        "py/id": 86
                    },
                    "py/object": "tree.TextTree"
                },
                {
                    "c": null,
                    "children": [
                        {
                            "c": null,
                            "children": [],
                            "content": "SAAR was also tested on real-world scenes. Lacking ground truth, we provide qualitative comparisons. The results of this section are based on the CLIF 2007 dataset [32]",
                            "embedding": null,
                            "h": null,
                            "parent": {
                                "py/id": 122
                            },
                            "py/object": "tree.TextTree"
                        },
                        {
                            "c": null,
                            "children": [],
                            "content": "Image pixels corresponding to learned clusters (ground, buildings, roads, trees). Bottom: cluster orientations (spheres oriented so that scene up direction points out of the page).and the Lubbock dataset. For each of the datasets, semantic information was obtained from OSM [36]. Both datasets contain semantic categories: road, building, parking lot, water, recreational and ground; additionally CLIF contains rails, while Lubbock contains grass (see Sup. Mat.). Reconstructions for these datasets are shown in Figs. 10 and 11. Qualitatively these reconstructions have more detail than the ones shown in [4]. Note that unlike prior work, SAAR clusters orientations in the correct space, i.e., the 3D unit-sphere. This clustering is visualized in Fig. 9 for the Lubbock dataset using MF-4 model. As the gure shows, orientations are indicative of scene elements; e.g., \u201ctrees\u201d, do not have any preferred orientation. On the other hand, \u201cground\u201d and \u201cbuilding\u201d clusters have very compact distributions centered around the scene\u2019s up direction.",
                            "embedding": null,
                            "h": null,
                            "parent": {
                                "py/id": 122
                            },
                            "py/object": "tree.TextTree"
                        }
                    ],
                    "content": "4.4. Real(cid:173)World Scenes",
                    "embedding": null,
                    "h": null,
                    "parent": {
                        "py/id": 86
                    },
                    "py/object": "tree.TextTree"
                },
                {
                    "c": null,
                    "children": [
                        {
                            "c": null,
                            "children": [],
                            "content": "A main advantage of a probabilistic formulation is the ability to easily handle noisy and missing data. Here we show SAAR\u2019s ability to infer cluster assignment of partially-observed data and predict a missing modality. Specically, we learn primitive assignments and cluster parameters using the scene\u2019s visible data (visibility refers to triangles that have image evidence). The learned cluster parameters are then used to predict the assignment of nonvisible scene primitives using their location, orientation and semantic observations. Once the non-visible primitives are assigned to a cluster, we can predict their appearance by sampling from the corresponding appearance component posterior. The results of applying this procedure to City3 and CLIF scenes are shown in Fig. 10. The smooth boundaries between visible and non-visible assignment indicate that the model is able to infer partial assignments well. An exception is the river in CLIF, where the visible evidence dominate the semantic evidence for visible primitives. Due to the small number of clusters used, four, the predicted appearance captures only the main color trend.",
                            "embedding": null,
                            "h": null,
                            "parent": {
                                "py/id": 128
                            },
                            "py/object": "tree.TextTree"
                        }
                    ],
                    "content": "4.5. Handling Missing Data",
                    "embedding": null,
                    "h": null,
                    "parent": {
                        "py/id": 86
                    },
                    "py/object": "tree.TextTree"
                },
                {
                    "c": null,
                    "children": [
                        {
                            "c": null,
                            "children": [],
                            "content": "The structured prior inference (Alg. 1) is relatively fast: approximately 0.02s per plane per iteration for TG models and 0.5s for MF models. This yields an overall run-time between 5-30 min and 30-60 min for TG and MF models in SynthCity respectively (workstation: 48 cores at 2.6GHz with NVIDIA GTX 780 graphics card). Full model inference (Alg. 2) is considerably slower due to the high com",
                            "embedding": null,
                            "h": null,
                            "parent": {
                                "py/id": 132
                            },
                            "py/object": "tree.TextTree"
                        },
                        {
                            "c": null,
                            "children": [],
                            "content": "Figure 10: Missing data reasoning via SAAR (MF-4). Top: CLIF; Bottom: City3. Left-to-right: visible scene primitives color coded according to appearance and cluster assignment, lled in cluster assignment and appearance for all primitives.",
                            "embedding": null,
                            "h": null,
                            "parent": {
                                "py/id": 132
                            },
                            "py/object": "tree.TextTree"
                        },
                        {
                            "c": null,
                            "children": [],
                            "content": "Figure 11: Lubbock reconstructions. Left: Cabezas et al. [4]; Right: SAAR (MF-4). Notice the regularized \ufb02at horizontal surfaces obtained with SAAR.putational costs of the geometry updates in [4]. In our nonoptimized implementation, the effect of using the structured prior, i.e., evaluating Eqs. (9) and (10), is to increase runtime by 1-3 hours. The total runtime of a geometry update in SynthCity is between 2-20 hours (workstation: 24 cores at 2.3GHz with NVIDIA GTX Titan graphics card).",
                            "embedding": null,
                            "h": null,
                            "parent": {
                                "py/id": 132
                            },
                            "py/object": "tree.TextTree"
                        }
                    ],
                    "content": "4.6. Timing",
                    "embedding": null,
                    "h": null,
                    "parent": {
                        "py/id": 86
                    },
                    "py/object": "tree.TextTree"
                }
            ],
            "content": "4. Results",
            "embedding": null,
            "h": null,
            "parent": {
                "py/id": 0
            },
            "py/object": "tree.TextTree"
        },
        {
            "c": null,
            "children": [
                {
                    "c": null,
                    "children": [],
                    "content": "We propose SAAR, a probabilistic generative model for inferring semantically-consistent aerial reconstructions from multi-modal data. Using the novel SynthCity dataset, we have demonstrated that SAAR improves both reconstructions qualitatively and quantitatively by incorporating semantic data and utilizing a structured prior over geometry, appearance and semantic labels. Furthermore, by virtue of the generative model construction and robust inference algorithm, noisy or missing data does not hinder the model\u2019s ability. The latter was demonstrated on twodifferent real-world datasets. The proposed model offers a mathematically-consistent framework for integrating both semantic and sensed data to generate richer scene reconstructions. Recent efforts in extending OpenStreetMap data into the third dimension [26] can benet from approaches similar to the proposed one. Important extensions to the work presented here include the addition of spatial connectivity to the primitive\u2019s labels; investigations of other modalities to include for better cluster; as well as, more ne-grained categorization capabilities. All source code as well as the novel multi-modal SynthCity dataset can be downloaded from http://people.csail.mit.edu/rcabezas.",
                    "embedding": null,
                    "h": null,
                    "parent": {
                        "py/id": 140
                    },
                    "py/object": "tree.TextTree"
                },
                {
                    "c": null,
                    "children": [],
                    "content": "Acknowledgments. The authors thank Sue Zheng, Christopher Dean, and Oren Freifeld for general and helpful discussions. This research was partially supported by the Ofce of Naval Research (ONR) MURI program (N000141110688) and by VITALITE, which receives support from Army Research Ofce (ARO) MURI (W911NF-11-1-0391).",
                    "embedding": null,
                    "h": null,
                    "parent": {
                        "py/id": 140
                    },
                    "py/object": "tree.TextTree"
                },
                {
                    "c": null,
                    "children": [],
                    "content": "In Computer Vision and Pattern Recognition, 2011.",
                    "embedding": null,
                    "h": null,
                    "parent": {
                        "py/id": 140
                    },
                    "py/object": "tree.TextTree"
                },
                {
                    "c": null,
                    "children": [],
                    "content": "Aerial Reconstructions via Probabilistic Data Fusion. Computer Vision and Pattern Recognition, 2014.",
                    "embedding": null,
                    "h": null,
                    "parent": {
                        "py/id": 140
                    },
                    "py/object": "tree.TextTree"
                },
                {
                    "c": null,
                    "children": [],
                    "content": "Bayesian Data Analysis. Chapman and Hall/CRC, 2014.street maps. In Pervasive Computing, 7(4):12\u201318, 2008.",
                    "embedding": null,
                    "h": null,
                    "parent": {
                        "py/id": 140
                    },
                    "py/object": "tree.TextTree"
                },
                {
                    "c": null,
                    "children": [],
                    "content": "Joint 3D scene reconstruction and class segmentation. Computer Vision and Pattern Recognition, 2013.ence on Computer Vision and Pattern Recognition, 2010.mization. In The Computer Journal, 1965.",
                    "embedding": null,
                    "h": null,
                    "parent": {
                        "py/id": 140
                    },
                    "py/object": "tree.TextTree"
                },
                {
                    "c": null,
                    "children": [],
                    "content": "Dirichlet process mixture model for spherical data. ticial Intelligence and Statistics, 2015.sication and annotation. Recognition Workshops, 2009.",
                    "embedding": null,
                    "h": null,
                    "parent": {
                        "py/id": 140
                    },
                    "py/object": "tree.TextTree"
                }
            ],
            "content": "5. Conclusion",
            "embedding": null,
            "h": null,
            "parent": {
                "py/id": 0
            },
            "py/object": "tree.TextTree"
        }
    ],
    "content": "Semantically-Aware Aerial Reconstruction from Multi-Modal Data Randi Cabezas",
    "embedding": null,
    "h": null,
    "parent": null,
    "py/object": "tree.TextTree"
}