{
    "c": null,
    "children": [
        {
            "c": null,
            "children": [
                {
                    "c": null,
                    "children": [],
                    "content": "While feedforward deep convolutional neural networks (CNNs) have been a great success in computer vision, it is important to note that the human visual cortex generally contains more feedback than feedforward connections. In this paper, we will brie\ufb02y introduce the background of feedbacks in the human visual cortex, which motivates us to develop a computational feedback mechanism in deep neural networks. In addition to the feedforward inference in traditional neural networks, a feedback loop is introduced to infer the activation status of hidden layer neurons according to the \u201cgoal\u201d of the network, e.g., high-level semantic labels. We analogize this mechanism as \u201cLook and Think Twice.\u201d The feedback networks help better visualize and understand how deep neural networks work, and capture visual attention on expected objects, even in images with cluttered background and multiple objects. Experiments on ImageNet dataset demonstrate its effectiveness in solving tasks such as image classication and object localization.",
                    "embedding": null,
                    "h": null,
                    "parent": {
                        "py/id": 2
                    },
                    "py/object": "tree.TextTree"
                }
            ],
            "content": "Abstract",
            "embedding": null,
            "h": null,
            "parent": {
                "py/id": 0
            },
            "py/object": "tree.TextTree"
        },
        {
            "c": null,
            "children": [
                {
                    "c": null,
                    "children": [],
                    "content": "Visual attention typically is dominated by \u201cgoals\u201d from our mind easily in a top-down manner, especially in the case of object detection. Cognitive science explains this in the \u201cBiased Competition Theory\u201d [1, 5, 6], that human visual cortex is enhanced by top-down stimuli and non-relevant neurons will be suppressed in feedback loops when searching for objects. By \u201clooking and thinking twice\u201d, both human recognition and detection performances increase signicantly, especially in images with clutteredinternship at Institute of Deep Learning, Baidu Research",
                    "embedding": null,
                    "h": null,
                    "parent": {
                        "py/id": 6
                    },
                    "py/object": "tree.TextTree"
                },
                {
                    "c": null,
                    "children": [],
                    "content": "Figure 1. Feedback Convolutional Net model for capturing visual attention by inferring the status of hidden neuron activations. It is designed to utilize both bottom-up image inputs and top-down semantic labels to infer the hidden neuron activations. Salient areas captured by feedback often correspond to related \u201ctarget\u201d objects, even in images with cluttered background and multiple objects.background [3]. This leads to the selectivity in neuron activations [16], which reduces the chance of recognition being interfered with either noises or distractive patterns.",
                    "embedding": null,
                    "h": null,
                    "parent": {
                        "py/id": 6
                    },
                    "py/object": "tree.TextTree"
                },
                {
                    "c": null,
                    "children": [],
                    "content": "Inspired by above evidences, we present a novel Feedback Convolutional Neural Network architecture in this paper. It achieves this selectivity by jointly reasoning outputs of class nodes and activations of hidden layer neurons during the feedback loop. As shown in Figure 1, during the feedforward stage, the proposed networks perform inference from input images in a bottom-up manner as traditional Convolutional Networks; while in feedback loops, it sets up high-level semantic labels, (e.g., outputs of class nodes) as the \u201cgoal\u201d in visual search to infer the activation status of hidden layer neurons. We show that the network is powerful enough to apply for class model visualization [24, 33], object localization [24] and image classication [15].",
                    "embedding": null,
                    "h": null,
                    "parent": {
                        "py/id": 6
                    },
                    "py/object": "tree.TextTree"
                },
                {
                    "c": null,
                    "children": [],
                    "content": "Optimization in a Feedback Loop: From a machine learning perspective, the proposed feedback networks add extra \ufb02exibility to Convolutional Networks, to help in capturing visual attention and improving feature detection.",
                    "embedding": null,
                    "h": null,
                    "parent": {
                        "py/id": 6
                    },
                    "py/object": "tree.TextTree"
                },
                {
                    "c": null,
                    "children": [],
                    "content": "Figure 2. We illustrate the localization power of the feedback net on a multi-object image with cluttered background. (a) shows the original input image which both VggNet [25] and GoogleNet [29] recognize as \u201dcomic book\u201d. (b) (f) illustrate our feedback model on understanding the image given different class labels as a prior. We visualize the gradient of each class node with respect to image after the feedback net nish its inference. (g) shows the nal localizations for different objects based on the gradients. Better viewed in color.",
                    "embedding": null,
                    "h": null,
                    "parent": {
                        "py/id": 6
                    },
                    "py/object": "tree.TextTree"
                },
                {
                    "c": null,
                    "children": [],
                    "content": "Convolutional Neural Networks [18, 15, 25] have achieved great success in both machine learning and computer vision in recent years. Beneting from large-scale training data, (e.g., ImageNet [4]), CNNs are capable of learning lters and image compositions at the same time. Various approaches have been adopted to further increase generalization ability of CNNs, by either adding regularization in training [11, 13], or going deeper [25, 29]. Inspired by Deformable Part-Based Models (DPMs) [8] that characterize middle level part locations as latent variables and search for them during object detection, we utilize a simple yet efcient method to optimize image compositions and assign neuron activations given \u201cgoals\u201d in visual search. The algorithm maximizes the posterior response of network given target high-level semantic concepts, in a top-down manner. Compared with traditional bottom-up strategies [11, 13], which aim to regularize the network training, the proposed feedback framework adds \ufb02exibilities to the model inference from high-level concepts down to the receptive eld.",
                    "embedding": null,
                    "h": null,
                    "parent": {
                        "py/id": 6
                    },
                    "py/object": "tree.TextTree"
                },
                {
                    "c": null,
                    "children": [],
                    "content": "Figure 2 shows an example on how this \ufb02exibility is re\ufb02ected in detection and localization. Instead of recognizing the input image as a \u201ccomic book\u201d, the proposed feedback network is capable to localize each component of the \u201ccomic book\u201d via salience maps. The example shown in Figure 1 illustrates its working mechanism: given a highlevel semantic stimulus \u201cPANDA\u201d, only the neurons in hidden layers related with the concept \u201cPANDA\u201d will be activated by iterative optimization in a feedback loop. As a result, only salient regions related with the concept \u201cPANDA\u201d are captured in visualizations. As suggested by those results, the feedback networks achieve certain level of selectivity and provide non-relevant suppression during the topdown inference, allowing the model to focus on the most salient image regions that improve the class condence.",
                    "embedding": null,
                    "h": null,
                    "parent": {
                        "py/id": 6
                    },
                    "py/object": "tree.TextTree"
                },
                {
                    "c": null,
                    "children": [],
                    "content": "Weakly Supervised Object Localization: Given gradient visualizations in Figure 2, we further develop an algorithm for weakly supervised object localization. Instead of using large amount of supervision (e.g., bounding box positions) in traditional methods such as R-CNN [9] or using regression model [7, 25], we don\u2019t require any localizationinformation in the training stage. Instead, we adopt a unied network performing both recognition and localization tasks, to answer questions of \u201cwhat\u201d and \u201cwhere\u201d simultaneously, which are the two most important tasks in computer vision. Experimental results suggest that our weakly supervised algorithm using feedback network could achieve competative performance on ImageNet object localization task as GoogLeNet [29] and VGG [25].",
                    "embedding": null,
                    "h": null,
                    "parent": {
                        "py/id": 6
                    },
                    "py/object": "tree.TextTree"
                },
                {
                    "c": null,
                    "children": [],
                    "content": "Image Classication Revisited: We mimic the human visual recognition process that human may focus to recognize objects in a complicated image after a rst time glimpse as the procedure \u201cLook and Think Twice\u201d for image classication. We utilize the weakly supervised object localization during the \u201crst glimpse\u201d to make guesses of ROIs, then make the network refocused on those ROIs and give nal classications list. Experimental results on ImageNet 2014 classication validation dataset suggest that this approach is efcient to eliminate irrelevant clutters and improve classication accuracy especially on small objects.",
                    "embedding": null,
                    "h": null,
                    "parent": {
                        "py/id": 6
                    },
                    "py/object": "tree.TextTree"
                }
            ],
            "content": "1. Introduction",
            "embedding": null,
            "h": null,
            "parent": {
                "py/id": 0
            },
            "py/object": "tree.TextTree"
        },
        {
            "c": null,
            "children": [
                {
                    "c": null,
                    "children": [
                        {
                            "c": null,
                            "children": [],
                            "content": "Deep Neural Network takes a feedforward-Back Error Propagation strategy to learn features and classiers simultaneously, from large scale of training samples [15, 25, 20, 23, 2]. Various approaches have been proposed to further improve the discriminative ability of deep neural network, either by 1) adding regularization to improve the robustness of learnt model and get rid of overtting, such as Dropout [27], PReLU [11], Batch Normalization [13]; or 2) making the network deeper [29, 25].",
                            "embedding": null,
                            "h": null,
                            "parent": {
                                "py/id": 28
                            },
                            "py/object": "tree.TextTree"
                        },
                        {
                            "c": null,
                            "children": [],
                            "content": "Despite great successes achieved by applying Feedforward Networks to image recognition and detection, evidences accumulate from cognitive studies and point to the feedback mechanism that may dominant human perception processes [3, 22, 16, 19]. Recently, tentative efforts have been made to involve feedback strategy into Deep Neural Networks. Deep Boltzmman Machines (DBM) [23, 26] and Deconvolutional Nerual Networks [34] try to formulatethe feedback as a reconstruction process within the training stage. Meanwhile, Recurrent Neural Networks (RNN) and Long Short Term Memory (LSTM) [12] are utilized to capture the attention drifting in a dynamic environment and learn the feedback mechanisms via reinforcement learning [28, 21]. DRAW from Google DeepMind [10] combine above two into a generative model, to synthesize the image generation process.",
                            "embedding": null,
                            "h": null,
                            "parent": {
                                "py/id": 28
                            },
                            "py/object": "tree.TextTree"
                        },
                        {
                            "c": null,
                            "children": [],
                            "content": "As in Biased Competition Theory [1, 6], feedback, which passes the high-level semantic information down to the lowlevel perception, controls the selectivity of neuron activations in an extra loop in addition to the feedforward process. This results in the \u201cTop-Down\u201d attention in human cognition. Hierarchical probabilistic computational models [19] are proposed to characterize feedback stimuli in a top-down manner, which are further incorporated into deep neural networks, for example, modeling feedback as latent variables in DBM [31], or using selectivity to resolve ne-grained classication [21], et al.. However, generative models used in [21, 31] are limited by low computational efciency and capacity, and are hardly used in large scale datasets.",
                            "embedding": null,
                            "h": null,
                            "parent": {
                                "py/id": 28
                            },
                            "py/object": "tree.TextTree"
                        }
                    ],
                    "content": "2.1. Feedforward and Feedback Mechanism",
                    "embedding": null,
                    "h": null,
                    "parent": {
                        "py/id": 26
                    },
                    "py/object": "tree.TextTree"
                },
                {
                    "c": null,
                    "children": [
                        {
                            "c": null,
                            "children": [],
                            "content": "Feedback is often related with visualization of CNN and object localization since both of them aim to project the high-level semantic information back to image representations. To visualize neuron responses and class models, various approaches are proposed either using deconvolution [33] or optimization based on gradients [24, 17]. As demonstrated in [24], visualization of Convolutional Neural Network shows semantically meaningful salient object regions and helps understand working mechanism of CNNs. Object detection and localization are more about feedback, by treating detection / localization as a searching process with clear \u201cgoals.\u201d To localize and detect objects in images, typical approaches use supervised training, which relies on large amount of supervision, e.g., ground-truth bounding boxes, or manually labeled segmentation in training samples [7]. To behave \u201csearching\u201d, sliding window is used [7], or instead region proposals detected by image segmentations [30] in R-CNN [9]. However, both of these approaches are computational intensive and naturally bottom-up: selecting candidate regions, performing feedforward classication and making decisions.",
                            "embedding": null,
                            "h": null,
                            "parent": {
                                "py/id": 36
                            },
                            "py/object": "tree.TextTree"
                        },
                        {
                            "c": null,
                            "children": [],
                            "content": "Inspired by visualizations of CNNs [33, 24], a more feasible and cognitive manner for detection / localization could be derived by utilizing the saliency maps generated in feedback visualizations. Moreover, an ideal approach should unify the recognition and detection in a single feedforwardfeedback network architecture. However, if possible, the challenge lies on how to obtain semantically meaningful salience maps with high quality for each concept. That\u2019s the ultimate goal of our work presented in this paper.",
                            "embedding": null,
                            "h": null,
                            "parent": {
                                "py/id": 36
                            },
                            "py/object": "tree.TextTree"
                        }
                    ],
                    "content": "2.2. Visualization, Detection, and Localization",
                    "embedding": null,
                    "h": null,
                    "parent": {
                        "py/id": 26
                    },
                    "py/object": "tree.TextTree"
                }
            ],
            "content": "2. Related Work",
            "embedding": null,
            "h": null,
            "parent": {
                "py/id": 0
            },
            "py/object": "tree.TextTree"
        },
        {
            "c": null,
            "children": [
                {
                    "c": null,
                    "children": [
                        {
                            "c": null,
                            "children": [],
                            "content": "The most recent state-of-the-art deep CNNs [25] consist of many stacked feedforward layers, including convolutional, rectied linear units (ReLU) and max-pooling layers. For each layer, the input x can be an image or the output of a previous layer, consisting of C input channels of width M and height N : x \u2208 RM \u00d7N \u00d7C . The output y consists of a set of C \u2032 output channels of width M \u2032 and height N \u2032: y \u2208 RM \u2032\u00d7N \u2032\u00d7C \u2032",
                            "embedding": null,
                            "h": null,
                            "parent": {
                                "py/id": 44
                            },
                            "py/object": "tree.TextTree"
                        },
                        {
                            "c": null,
                            "children": [],
                            "content": "Convolutional Layer: The convolution layer is used to extract different features of the input. The convolutional layer is parameterized by C \u2032 lters with every lter k \u2208 RK\u00d7K\u00d7C .",
                            "embedding": null,
                            "h": null,
                            "parent": {
                                "py/id": 44
                            },
                            "py/object": "tree.TextTree"
                        },
                        {
                            "c": null,
                            "children": [],
                            "content": "ReLU Layer: The ReLU layer is used to increase the nonlinear properties of the decision function and of the overall network without affecting the receptive elds of the convoluional layer.",
                            "embedding": null,
                            "h": null,
                            "parent": {
                                "py/id": 44
                            },
                            "py/object": "tree.TextTree"
                        },
                        {
                            "c": null,
                            "children": [],
                            "content": "Max-Pooling Layer: The max-pooling layer is used to reduce the dimensionality of the output and variance in deformable objects to ensure that the same result will be obtained even when image features have small translations. The max-pooling operation is applied for every pixel (i, j) around its small neighborhood N .",
                            "embedding": null,
                            "h": null,
                            "parent": {
                                "py/id": 44
                            },
                            "py/object": "tree.TextTree"
                        },
                        {
                            "c": null,
                            "children": [],
                            "content": "Selectivity in Feedward Network: To better understand how selectivity works in neural networks and how to formulate the feedback, we re-interpret behaviors of ReLU and Max-Pooling layers as a set of binary activation variables z \u2208 {0, 1} instead of the max() operation in Equation 2 and 3. Thus, behaviors of ReLU and Max-Pooling could be formulated as y = z \u25e6 x, where \u25e6 is the element wise product (Hadamard product); and y = z \u2217 x, where \u2217 is the convolution operator and z is a set of convolutional lters except that they are location variant.",
                            "embedding": null,
                            "h": null,
                            "parent": {
                                "py/id": 44
                            },
                            "py/object": "tree.TextTree"
                        },
                        {
                            "c": null,
                            "children": [],
                            "content": "Be interpreting ReLU and Max-Pooling layers as \u201cgates\u201d controlled by input x, the network selects information during feedforward phases in a bottom-up manner, and eliminates signals with minor contributions in making decisions. However, the activated neurons could be either helpful or harmful for classication, and involve too many noises, for instance, cluttered backgrounds in complex scenes.",
                            "embedding": null,
                            "h": null,
                            "parent": {
                                "py/id": 44
                            },
                            "py/object": "tree.TextTree"
                        }
                    ],
                    "content": "3.1. Re(cid:173)interpreting ReLU and Max(cid:173)Pooling",
                    "embedding": null,
                    "h": null,
                    "parent": {
                        "py/id": 42
                    },
                    "py/object": "tree.TextTree"
                },
                {
                    "c": null,
                    "children": [
                        {
                            "c": null,
                            "children": [],
                            "content": "Since the model opens all gates and allow maximal information getting through to ensure the generalization, to",
                            "embedding": null,
                            "h": null,
                            "parent": {
                                "py/id": 58
                            },
                            "py/object": "tree.TextTree"
                        },
                        {
                            "c": null,
                            "children": [],
                            "content": "Figure 3. Illustration of our feedback model and its inference process. At the rst iteration, the model performs as a feedforward neural net. Then, the neurons in the feedback hidden layers update their activation status to maximize the condence output of the target top neuron. This process continues until convergence. (We show only one layer here, but feedback layers can be tacked in the deep ConvNet.)increase the discriminability within feature level, it is feasible to turn off those gates that provide irrelevant information when targeting at particular semantic labels. This strategy is explained as selectivity in biased competition theory [6] and is critical to realize the top-down attention.",
                            "embedding": null,
                            "h": null,
                            "parent": {
                                "py/id": 58
                            },
                            "py/object": "tree.TextTree"
                        },
                        {
                            "c": null,
                            "children": [],
                            "content": "More technically, to increase the model \ufb02exibility to images and prior knowledges, we introduce an extra layer to the existing convolutional neural network. We call it the feedback layer. The feedback layer contains another set of binary neuron activation variables z \u2208 {0, 1}, in addition to ReLU. However, these binary variables are activated by topdown messages from outputs, instead of bottom inputs. The feedback layer is stacked upon each ReLU layer, and they compose a hybrid control unit to active neuron response in both bottom-up and top-down manners:",
                            "embedding": null,
                            "h": null,
                            "parent": {
                                "py/id": 58
                            },
                            "py/object": "tree.TextTree"
                        },
                        {
                            "c": null,
                            "children": [],
                            "content": "Bottom-Up Inherent the selectivity from ReLU layers, andthe dominant features will be passed to upper layers;",
                            "embedding": null,
                            "h": null,
                            "parent": {
                                "py/id": 58
                            },
                            "py/object": "tree.TextTree"
                        },
                        {
                            "c": null,
                            "children": [],
                            "content": "Top-Down Controlled by Feedback Layers, which propagate the high-level semantics and global information back to image representations. Only those gates related with particular target neurons are activated.",
                            "embedding": null,
                            "h": null,
                            "parent": {
                                "py/id": 58
                            },
                            "py/object": "tree.TextTree"
                        },
                        {
                            "c": null,
                            "children": [],
                            "content": "Figure. 3 illustrates a simple architecture of our feedback model with only one ReLU layer and one feedback layer.",
                            "embedding": null,
                            "h": null,
                            "parent": {
                                "py/id": 58
                            },
                            "py/object": "tree.TextTree"
                        }
                    ],
                    "content": "3.2. Introducing the Feedback Layer",
                    "embedding": null,
                    "h": null,
                    "parent": {
                        "py/id": 42
                    },
                    "py/object": "tree.TextTree"
                },
                {
                    "c": null,
                    "children": [
                        {
                            "c": null,
                            "children": [],
                            "content": "We formulate the feedback mechanism as an optimization problem, by introducing an addition control gatevariable z. Given an image I and a neural network with learned parameters w, we optimize the target neuron output by jointly inference on binary neuron activations z over all the hidden feedback layers. In particular, if the target neuron is a k-th class node in the top layer, we optimize the class score sk by re-adjusting the neuron activations at every neuron (i, j) of channel c, on feedback layer l.",
                            "embedding": null,
                            "h": null,
                            "parent": {
                                "py/id": 72
                            },
                            "py/object": "tree.TextTree"
                        },
                        {
                            "c": null,
                            "children": [],
                            "content": "Since the goal of this optimization aims at activating minimal number of neurons yet maximizing the target score, we use L1 norm in above target function, as kzk1",
                            "embedding": null,
                            "h": null,
                            "parent": {
                                "py/id": 72
                            },
                            "py/object": "tree.TextTree"
                        },
                        {
                            "c": null,
                            "children": [],
                            "content": "This leads to an integer programming problem, which is NP-hard given the current deep net architecture. An approximation could be derived by applying a linear relaxation:i,j,c \u2264 1, \u2200 l, i, j, c",
                            "embedding": null,
                            "h": null,
                            "parent": {
                                "py/id": 72
                            },
                            "py/object": "tree.TextTree"
                        },
                        {
                            "c": null,
                            "children": [],
                            "content": "We use the gradient ascent algorithm to update the hidden variables through all layers simultaneously.zt+1 = zt + \u03b1 \u00b7 (",
                            "embedding": null,
                            "h": null,
                            "parent": {
                                "py/id": 72
                            },
                            "py/object": "tree.TextTree"
                        },
                        {
                            "c": null,
                            "children": [],
                            "content": "The initialization of feedback layer status z is set to be the corresponding ReLU activation after the rst feedforward pass and truncate z when the updated values are either larger than 1 or smaller than 0 during inference.",
                            "embedding": null,
                            "h": null,
                            "parent": {
                                "py/id": 72
                            },
                            "py/object": "tree.TextTree"
                        }
                    ],
                    "content": "3.3. Updating Hidden Neurons in Feedback Loops",
                    "embedding": null,
                    "h": null,
                    "parent": {
                        "py/id": 42
                    },
                    "py/object": "tree.TextTree"
                },
                {
                    "c": null,
                    "children": [
                        {
                            "c": null,
                            "children": [],
                            "content": "As for the implementation details, we set the feedback layer on top of each ReLU layer. We intialize all the hidden activations from z = 1, making all feedback \u201cgates\u201d opening during the rst time feedforward pass. It is suspected that fully connected layers learn embedding spaces rather than particular parts compared to convolutional layers. We update high level feedback layers according to the sign of gradient of each neuron. We set learning rate of hidden activations to 0.1 and update the neurons of all the feedback layers simultaneously. Each iteration performs a feedforward step of the neural net and a backpropagation step to send back gradients. We stop this process in 10 to 50 iterations.",
                            "embedding": null,
                            "h": null,
                            "parent": {
                                "py/id": 84
                            },
                            "py/object": "tree.TextTree"
                        }
                    ],
                    "content": "3.4. Implementation Details",
                    "embedding": null,
                    "h": null,
                    "parent": {
                        "py/id": 42
                    },
                    "py/object": "tree.TextTree"
                }
            ],
            "content": "3. Model",
            "embedding": null,
            "h": null,
            "parent": {
                "py/id": 0
            },
            "py/object": "tree.TextTree"
        },
        {
            "c": null,
            "children": [
                {
                    "c": null,
                    "children": [
                        {
                            "c": null,
                            "children": [],
                            "content": "Given an image I, a class label k and the hidden neuron activation states z, we approximate the neural net class score sk with the rst-order taylor expansion in the neighborhood of I:sk(I, z) \u2248 Tk(z)T I + bwhere Tk(z) is the derivative of sk with respect to the image at the point of I and z. Tk(z) can be viewed as the linear template applied on image I for measuring how likely the image belongs to class k, and could be visualized in the same spatial space since it is of the same size as input image I. We use this technique to visualize our feedback model throughout the paper.",
                            "embedding": null,
                            "h": null,
                            "parent": {
                                "py/id": 90
                            },
                            "py/object": "tree.TextTree"
                        },
                        {
                            "c": null,
                            "children": [],
                            "content": "More specically, for a Convolutional Network composed with a stack of piecewise linear layers (i.e. Conv, ReLU and max-pooling) to compute the class scores, once the hidden states z are determined, the nal score is a linear function of the image, which is equivalent to the inner product between the template and the image.",
                            "embedding": null,
                            "h": null,
                            "parent": {
                                "py/id": 90
                            },
                            "py/object": "tree.TextTree"
                        },
                        {
                            "c": null,
                            "children": [],
                            "content": "Comparison of Visualization Methods: We compare the image gradient (template T) after the feedback process against the original one in feedforward pass, and Deconvolutional Neural Net [33] on a set of complex images containing multiple objects from different classes, with all using the same pre-trained GoogleNet and being given ground truth class labels as a prior. Qualitative results are shown in Figure 4. Without involving the feedback, where all hidden neurons\u2019 status are determined by the bottom-up computation only, the visualization is the same as original image gradient. However, compared with Deconv-like approaches, our feedback model is more efcient in capturing salient regions for each specic class while suppress those irrelevant object areas at the same time after feedback.",
                            "embedding": null,
                            "h": null,
                            "parent": {
                                "py/id": 90
                            },
                            "py/object": "tree.TextTree"
                        },
                        {
                            "c": null,
                            "children": [],
                            "content": "Comparison of ConvNet Models: We also qualitatively compare major convolutional network models, i.e., AlexNet, VggNet and GoogleNet, by visualizing their feedback templates in Figure 5. All models are given ground truth labels a prior. From visualizations, we nd that VggNet and GoogleNet produce more accurate visual attention than AlexNet, suggesting that using smaller convolution lters and deeper architectures could further distinguish similar and nearby objects. Moreover, although both VggNet and GoogleNet produce very similar image classication accuracies, GoogleNet better captures the salient object areas than VggNet. We hypothesize that the two 4, 096 dimensional fully connected layers (i.e., fc6, fc7) in VggNet (which GoogleNet does not contain) could ruin the spatial distinctiveness of image features, as pointed out in [20].",
                            "embedding": null,
                            "h": null,
                            "parent": {
                                "py/id": 90
                            },
                            "py/object": "tree.TextTree"
                        }
                    ],
                    "content": "4.1. Image Specic Class Model Visualization",
                    "embedding": null,
                    "h": null,
                    "parent": {
                        "py/id": 88
                    },
                    "py/object": "tree.TextTree"
                },
                {
                    "c": null,
                    "children": [
                        {
                            "c": null,
                            "children": [],
                            "content": "To quantitatively demonstrate the effectiveness of the feedback model. we experiment on the ImageNet 2014 localization task. As pointed in [24], the magnitude of the elements in the model template Tk denes the class specic salience map on image I. Pixels with larger magnitudes indicate that they are more important to the class. We adopt the same saliency extraction strategy as [24] that a single class saliency value Mk for class k at pixel (i, j) is computed across all color channels: Mk(i, j) =",
                            "embedding": null,
                            "h": null,
                            "parent": {
                                "py/id": 100
                            },
                            "py/object": "tree.TextTree"
                        },
                        {
                            "c": null,
                            "children": [],
                            "content": "Table 1. Comparison of our weakly supervised localization results on ImageNet 2014 validation set with the simplied testing protocol: the bounding box is predicted from a single central crop of images and the ground truth labels are provided. We show that our feedback method signicant outperforms the baseline method (error rate 44.6%) that uses the original image gradient to localize in [24], both on GoogLeNet architecture.",
                            "embedding": null,
                            "h": null,
                            "parent": {
                                "py/id": 100
                            },
                            "py/object": "tree.TextTree"
                        },
                        {
                            "c": null,
                            "children": [],
                            "content": "Localization Error (%) Localization Error (%)",
                            "embedding": null,
                            "h": null,
                            "parent": {
                                "py/id": 100
                            },
                            "py/object": "tree.TextTree"
                        },
                        {
                            "c": null,
                            "children": [],
                            "content": "AlexNet [15] VggNet [25] GooglNet [29]",
                            "embedding": null,
                            "h": null,
                            "parent": {
                                "py/id": 100
                            },
                            "py/object": "tree.TextTree"
                        },
                        {
                            "c": null,
                            "children": [],
                            "content": "Table 2. Column 2 compares localization errors using feedback on different ConvNet models. VGG and GoogleNet signicant outperform AlexNet suggesting they are learning better features. GoogleNet outperforms VGG even further, which matches the observations in Figure 5. We also compare the weakly-supervised feedback mechanism with totally supervised localization model in [25] on VGG, in the third column. It shows that we are competitive to a carefully trained localization model (34.3%) using pixel-wise supervised training data.",
                            "embedding": null,
                            "h": null,
                            "parent": {
                                "py/id": 100
                            },
                            "py/object": "tree.TextTree"
                        },
                        {
                            "c": null,
                            "children": [],
                            "content": "We show that the proposed Feedback CNN has the potential to unify recognition and detection into a single network architecture in this experiment, instead of using separate ones to perform different tasks respectively. Although the three ConvNets are pre-trained for image classication, we could use the feedbacked salience map for weakly supervised object localization. Given an image and the corresponding class salience map, we compute the object segmentation mask by simply thresholding so that the foreground area covers 95% energy out of the whole salience map, and calculate a tightest bounding box as the localization result. Different from [24], which uses GraphCut [32], this requires saliency maps of higher quality, but only takes less computation.",
                            "embedding": null,
                            "h": null,
                            "parent": {
                                "py/id": 100
                            },
                            "py/object": "tree.TextTree"
                        },
                        {
                            "c": null,
                            "children": [],
                            "content": "We test our localization results on ImageNet 2014 validation set, which contains \u223c 50, 000 images with each image associated with labels and corresponding bounding boxes. A prediction is considered as correct if and only if its overlap with the ground truth bounding box is over 50%. Image are resized to 224x224 to meet the model requirement on resolutions, and ground-truth class labels are provided to predict localizations. Neither further preprocessing nor multi-scale strategy are involved.",
                            "embedding": null,
                            "h": null,
                            "parent": {
                                "py/id": 100
                            },
                            "py/object": "tree.TextTree"
                        },
                        {
                            "c": null,
                            "children": [],
                            "content": "Comparison of Localization Methods: Table 1 shows the comparison of our weakly supervised localization accuracy against the baseline method [24]. For fair comparison, we reimplemented the method in [24] following the details",
                            "embedding": null,
                            "h": null,
                            "parent": {
                                "py/id": 100
                            },
                            "py/object": "tree.TextTree"
                        },
                        {
                            "c": null,
                            "children": [],
                            "content": "Figure 5. We qualitatively compare the feedback ability of three most popular pre-trained ConvNets: AlexNet, VggNet and GoogleNet, by visualizing nal image gradients and salience maps after feedback. We show the input images in column (a); results of these three models feedbacked by \u201dzebra\u201d are shown in column (b), (c), (d), and by \u201delephant\u201d in column (e), (f), (g) respectively. We nd that VggNet performs quite better than AlexNet, especially in capturing salient object details, suggesting the benet of usage of small convolutional lters and deeper architecture. Although both VggNet and GogoleNet produce similar classication accuracy, GoogleNet provides the better class specic feature separations according to these results. We suspect the two 4096 fully connected layers in VggNet (which GoogleNet does not have) may harm the spatial distinctiveness of image features.",
                            "embedding": null,
                            "h": null,
                            "parent": {
                                "py/id": 100
                            },
                            "py/object": "tree.TextTree"
                        },
                        {
                            "c": null,
                            "children": [],
                            "content": "Top 1 (%) Top 5 (%)",
                            "embedding": null,
                            "h": null,
                            "parent": {
                                "py/id": 100
                            },
                            "py/object": "tree.TextTree"
                        },
                        {
                            "c": null,
                            "children": [],
                            "content": "Table 3. Classication errors on ImageNet 2014 validation set with the simplied testing protocol: the rst row is the performance of GoogleNet given a single central crop of images, the second row shows classication results of the same GoogleNet given the attention cropped images, using the feedback mechanism in 4.3.apply this strategy to the image classication. By looking at the full image rst in a coarse scale, our model obtains an initial guess of a set of most probable object classes, we then identify the salient object regions from the predicted top-ranked labels using the feedback neural nets, and reclassify those regions. Below are the implementation details on ImageNet 2014 classication:in the original paper strictly, and name as \u201cOxford.\u201d For our method, we use GoogLeNet and apply the same segmentation strategy in our model. Our method obtains 38.8% localization error, and signicantly outperforms Oxford (44.6%), suggesting that in terms of capturing attention and localizing salient objects, our feedback net is better. Note that our weakly supervised localization error is even closer to a carefully trained supervised localization model (34.3%).",
                            "embedding": null,
                            "h": null,
                            "parent": {
                                "py/id": 100
                            },
                            "py/object": "tree.TextTree"
                        },
                        {
                            "c": null,
                            "children": [],
                            "content": "Comparsion of ConvNet Models: We also analyze weakly supervised localization accuracies of above mentioned three ConvNets in Table 2, provided with the same testing protocol. Even provided with ground truth class, VggNet and GoogleNet signicantly outperforms AlexNet. This suggests that better feature representations are sharable between the two highly correlated visual tasks: recognition and localization. GoogLeNet outperforms VggNet even further, which matches the observations in Figure 5.",
                            "embedding": null,
                            "h": null,
                            "parent": {
                                "py/id": 100
                            },
                            "py/object": "tree.TextTree"
                        }
                    ],
                    "content": "4.2. Weakly Supervised Object Localization",
                    "embedding": null,
                    "h": null,
                    "parent": {
                        "py/id": 88
                    },
                    "py/object": "tree.TextTree"
                },
                {
                    "c": null,
                    "children": [
                        {
                            "c": null,
                            "children": [],
                            "content": "Given the weakly supervised attention boxes, the image labels are re-classied using zoomed-in image patches cropped around the bounding boxes. We call such method \u201cLook and Think Twice\u201d, which mimics the human visual recognition process that human may focus to recognize objects in a complicated image after a rst time glimpse. We",
                            "embedding": null,
                            "h": null,
                            "parent": {
                                "py/id": 126
                            },
                            "py/object": "tree.TextTree"
                        },
                        {
                            "c": null,
                            "children": [],
                            "content": "Note that when cropping image patches, we use the original image with full resolution (i.e. 375 \u2217 500). This gives the cropped patch enough resolution for recognizing objects in details. Figure 7 shows two exemplar images from ImageNet 2014 validation dataset. Both images are incorrectly classied as \u201cItalian greyhound\u201d and \u201csunglass\u201d respectively. After feedback, the network determines potential salient ROIs, \u201creconsider\u201d these salient regions as input and make correct classications, e.g., \u201cIbizan hound\u201d and \u201cmask\u201d with high condence scores. These two examples thoroughly illustrate how \u201clooking and thinking twice\u201d improves classication tasks.",
                            "embedding": null,
                            "h": null,
                            "parent": {
                                "py/id": 126
                            },
                            "py/object": "tree.TextTree"
                        },
                        {
                            "c": null,
                            "children": [],
                            "content": "Classication Accuracy: We test our classication results on ImageNet 2014 validation set, which contains \u223c",
                            "embedding": null,
                            "h": null,
                            "parent": {
                                "py/id": 126
                            },
                            "py/object": "tree.TextTree"
                        },
                        {
                            "c": null,
                            "children": [],
                            "content": "Figure 6. We divide the ImageNet 2014 validation set based on the proportion of the object size in the image. Classication accruacy using feedback crop for images increases with smaller objects. E.g., for those images with object area smaller than 20%, the top-1 classication accuracy increases signicantly by almost 5%.",
                            "embedding": null,
                            "h": null,
                            "parent": {
                                "py/id": 126
                            },
                            "py/object": "tree.TextTree"
                        },
                        {
                            "c": null,
                            "children": [],
                            "content": "Ablative Study: To further understand how \u201cLook and Think Twice\u201d improves the classication task, we divide the ImageNet 2014 validation set based on the proportion of the object size in the image. Figure 6 shows the ablative study. We nd that with feedbacks, classication errors drop signicantly for images with smaller objects. For example, for objects of less than 20% area of images, the top-1 classication error drops with almost 5%. This suggests traditional ConvNet is powerless in recognzing small objects with cluttered backgrounds, especially when the image is resized to a xed resolution (i.e. 224 \u2217 224). Our algorithm, on contrary, could focus the network\u2019s attention onto the salient areas, extracting image patches with enough resolutions on the potential objects.",
                            "embedding": null,
                            "h": null,
                            "parent": {
                                "py/id": 126
                            },
                            "py/object": "tree.TextTree"
                        }
                    ],
                    "content": "4.3. Image Re(cid:173)Classication with Attention",
                    "embedding": null,
                    "h": null,
                    "parent": {
                        "py/id": 88
                    },
                    "py/object": "tree.TextTree"
                }
            ],
            "content": "4. Experimental Results",
            "embedding": null,
            "h": null,
            "parent": {
                "py/id": 0
            },
            "py/object": "tree.TextTree"
        },
        {
            "c": null,
            "children": [
                {
                    "c": null,
                    "children": [],
                    "content": "We propose a Feedback Convolutional Neural Network architecture in this paper, which achieves the top-down selectivity of neuron activations by jointly reasoning the outputs of class nodes and the activations of hidden layer neurons during the feedback loop. The proposed Feedback CNN is capable of capturing high level semantic concepts and project the information down to image representation as salience maps. Beneting from the feedback mecha",
                    "embedding": null,
                    "h": null,
                    "parent": {
                        "py/id": 138
                    },
                    "py/object": "tree.TextTree"
                },
                {
                    "c": null,
                    "children": [],
                    "content": "Figure 7. We select two examples in the ImageNet 2014 validation set to demonstrate the re-classication mechanism. column (a) shows the original images which ConvNets predict incorrect labels (\u201cItalian greyhound\u201d and \u201csunglass\u201d), column (b) shows the 5 calculated bounding box areas using the top-5 saliency maps, column (c) shows the cropped images obtained from the red box which ConvNets predict the correct labels (\u201cIbizan hound\u201d and \u201cmask\u201d) with high condences.nism of our model, we utilize the salience map to build a unied deep neural network for both recognition and object localization tasks, to answer questions of both \u201cWhat\u201d and \u201cWhere\u201d simultaneously. Experimental results on ImageNet 2014 object localization Challenge show that our model could achieve competitive performance compared with state-of-the-arts, using only weakly supervised information. We also show the feedback could improve image classication task by re-focusing the network onto those salient regions.",
                    "embedding": null,
                    "h": null,
                    "parent": {
                        "py/id": 138
                    },
                    "py/object": "tree.TextTree"
                },
                {
                    "c": null,
                    "children": [],
                    "content": "We foresee the potential of Feedback CNN to further improve various computer vision and machine learning tasks, such as ne-grained recognition, object detection, and multi-tasks learning. However, instead of simulating the human vision system, we attribute the improvement of Feedback CNN to the efciency in utilizing computation resources.",
                    "embedding": null,
                    "h": null,
                    "parent": {
                        "py/id": 138
                    },
                    "py/object": "tree.TextTree"
                },
                {
                    "c": null,
                    "children": [],
                    "content": "We gratefully acknowledge the support of NVIDIA Corporation with the donation of the Tesla K40 GPUs used in the prototyping stage of this research. This research is supported by National Science Foundation under Grant No. 1318971. This work is jointly supported by National Natural Science Foundation of China (61420106015, 61175003) and National Basic Research Program of China (2012CB316300).",
                    "embedding": null,
                    "h": null,
                    "parent": {
                        "py/id": 138
                    },
                    "py/object": "tree.TextTree"
                },
                {
                    "c": null,
                    "children": [],
                    "content": "Representation learning: A review and new perspectives. Pattern Analysis and Machine Intelligence, IEEE Transactions on, 35(8):1798\u20131828, 2013.",
                    "embedding": null,
                    "h": null,
                    "parent": {
                        "py/id": 138
                    },
                    "py/object": "tree.TextTree"
                },
                {
                    "c": null,
                    "children": [],
                    "content": "A recurrent neural network for image generation. preprint arXiv:1502.04623, 2015.",
                    "embedding": null,
                    "h": null,
                    "parent": {
                        "py/id": 138
                    },
                    "py/object": "tree.TextTree"
                },
                {
                    "c": null,
                    "children": [],
                    "content": "ImageNet classication with deep convolutional neural networks, 2012.in the visual cortex. JOSA A, 20(7):1434\u20131448, 2003.rent Models of Visual Attention. NIPS, June 2014.convolutional networks. pages 818\u2013833. Springer, 2014.",
                    "embedding": null,
                    "h": null,
                    "parent": {
                        "py/id": 138
                    },
                    "py/object": "tree.TextTree"
                }
            ],
            "content": "5. Conclusion & Discussion",
            "embedding": null,
            "h": null,
            "parent": {
                "py/id": 0
            },
            "py/object": "tree.TextTree"
        }
    ],
    "content": "Look and Think Twice: Capturing Top-Down Visual Attention with Feedback",
    "embedding": null,
    "h": null,
    "parent": null,
    "py/object": "tree.TextTree"
}