{
    "c": null,
    "children": [
        {
            "c": null,
            "children": [
                {
                    "c": null,
                    "children": [],
                    "content": "All that structure from motion algorithms \u201csee\u201d are sets of 2D points. We show that these impoverished views of the world can be faked for the purpose of reconstructing objects in challenging settings, such as from a single image, or from a few ones far apart, by recognizing the object and getting help from a collection of images of other objects from the same class. We synthesize virtual views by computing geodesics on networks connecting objects with similar viewpoints, and introduce techniques to increase the specicity and robustness of factorization-based object reconstruction in this setting. We report accurate object shape reconstruction from a single image on challenging PASCAL VOC data, which suggests that the current domain of applications of rigid structure-from-motion techniques may be signicantly extended.",
                    "embedding": null,
                    "h": null,
                    "parent": {
                        "py/id": 2
                    },
                    "py/object": "tree.TextTree"
                }
            ],
            "content": "Abstract",
            "embedding": null,
            "h": null,
            "parent": {
                "py/id": 0
            },
            "py/object": "tree.TextTree"
        },
        {
            "c": null,
            "children": [
                {
                    "c": null,
                    "children": [],
                    "content": "Modern structure from motion (SfM) and multiview stereo approaches [45, 12, 18] are widely used to recover viewpoint and shape information of objects and scenes in realistic settings, but require multiple images with overlapping elds of view. If only a single image of the target object is available, or if multiple ones are available but from viewpoints far apart, these methods are, respectively, inapplicable or prone to fail.",
                    "embedding": null,
                    "h": null,
                    "parent": {
                        "py/id": 6
                    },
                    "py/object": "tree.TextTree"
                },
                {
                    "c": null,
                    "children": [],
                    "content": "Here we aim to extend SfM-style techniques to these cases by incorporating recognition. Once an object is recognized into some potentially broad class such as \u201dcars\u201d or \u201daeroplanes\u201d, one can leverage a reusable collection of images of similar objects to aid reconstruction. This is in the spirit of recent papers on face reconstruction using automatically learned morphable models [31, 30] but we target generic categories and use SfM techniques. Our main insight is the following: SfM algorithms inhabit a rudimentary visual world made of 2D points in correspondence and these are all they \u201csee\u201d. In this visual world, novel views can be faked more easily than in ours, where light complicates matters. Our idea, illustrated in g. 1 is to synthesize",
                    "embedding": null,
                    "h": null,
                    "parent": {
                        "py/id": 6
                    },
                    "py/object": "tree.TextTree"
                },
                {
                    "c": null,
                    "children": [],
                    "content": "Figure 1. Our goal is to reconstruct an object from a single image using structure from motion techniques on virtual views obtained by aligning points on a regular grid on the test object (shown on top) with points on similar grids dened on objects in a reusable collection. Accurate alignment is achieved by computing geodesics on virtual view networks, VVN in short, which induce smooth rotations through the class object collection and simplify matching. Our approach assumes object classication, localization and viewpoint detection as inputs and produces a point cloud (here shown for different camera azimuths on the left and different elevations on the right). Better seen on a computer screen with color and zoom.virtual (SfM) views of the target object by aligning it with images of different instances from the same class then employing robust rigid SfM techniques to reconstruct its visible surfaces. This idea is compatible with ndings that human perception of structure from motion is robust to small shape deformations of the object [27] and prefers to interpret them as manifestations of a rigid object with slightly altered shape instead of a non-rigid object [51].",
                    "embedding": null,
                    "h": null,
                    "parent": {
                        "py/id": 6
                    },
                    "py/object": "tree.TextTree"
                },
                {
                    "c": null,
                    "children": [],
                    "content": "The main technical challenge we face is the need to align the target object with every different object in a collection, which may be pictured with arbitrary viewpoint displacements, all the way up to 180 degrees from the viewpoint of the target object. There is no dense 2D alignment technique that we know of that is prepared for such large viewpoint variation, so we propose a new one: instead of attempting to match the target object with each object in the collectionindividually, we predict the pose of the target object and identify a subset of objects from the collection with similar poses \u2013 the intuition is that these will be easier to align with. Afterwards we propagate the correspondences to all other collection objects along geodesics on our new virtual view networks.",
                    "embedding": null,
                    "h": null,
                    "parent": {
                        "py/id": 6
                    },
                    "py/object": "tree.TextTree"
                },
                {
                    "c": null,
                    "children": [],
                    "content": "Standard RANSAC-based SfM approaches are unlikely to hold in our setting because use images from multiple objects that may not have exactly the same shape. Nonrigid SfM [8], developed for reconstruction from video, has not yet been demonstrated on deformations arising from intra-class variation for generic classes. We pursue instead more regularized scaled-orthographic factorization techniques [49], which optimize fewer parameters, and introduce methodology for a) increasing robustness to the multitude of noise sources we have by extrapolating synthetic inliers using domain knowledge and b) making the resulting reconstructions more specic, by emphasizing collection objects more similar to the target object.",
                    "embedding": null,
                    "h": null,
                    "parent": {
                        "py/id": 6
                    },
                    "py/object": "tree.TextTree"
                },
                {
                    "c": null,
                    "children": [],
                    "content": "We will review related work in the next section. Sec. 3 explains how we build and use virtual view networks to synthesize large sets of new views from one or more images of a target object to feed to SfM. Sec. 4 introduces techniques for robust SfM from noisy virtual views and sec. 5 shows alignment and reconstruction results. Source code to reproduce all results will be made available online1.",
                    "embedding": null,
                    "h": null,
                    "parent": {
                        "py/id": 6
                    },
                    "py/object": "tree.TextTree"
                }
            ],
            "content": "1. Introduction",
            "embedding": null,
            "h": null,
            "parent": {
                "py/id": 0
            },
            "py/object": "tree.TextTree"
        },
        {
            "c": null,
            "children": [
                {
                    "c": null,
                    "children": [],
                    "content": "Our work is also related to 2D alignment approaches2, that can be divided into two camps, class-specic sparse ones, that try to localize the keypoints available in a training set [11, 5, 55, 24], and class-agnostic dense ones such as SIFT\ufb02ow [36, 42] and related techniques [32] that attempt to align pairs or, as in the interesting concurrent work by Zhou et al [56], more general sets of images. Our alignment method sits in a middle ground as it uses class information but aligns a uniform grid of points inside each object that is much denser (several hundreds of points in practice) thanthe typical sets of training keypoints comprising 10 to 20 points per class.",
                    "embedding": null,
                    "h": null,
                    "parent": {
                        "py/id": 20
                    },
                    "py/object": "tree.TextTree"
                },
                {
                    "c": null,
                    "children": [],
                    "content": "Approaches building networks of objects have gained popularity in vision in the last few years [38] and have been recently proposed for 3D reconstruction from a single image [47] but using a collection of 3D CAD models, whereas we use annotated images. Other approaches requiring some form of 3D training data have been proposed for generic [4, 28] and class-specic [23, 10] object and scene reconstruction [25, 43, 15, 35, 29].",
                    "embedding": null,
                    "h": null,
                    "parent": {
                        "py/id": 20
                    },
                    "py/object": "tree.TextTree"
                }
            ],
            "content": "2. Related Work",
            "embedding": null,
            "h": null,
            "parent": {
                "py/id": 0
            },
            "py/object": "tree.TextTree"
        },
        {
            "c": null,
            "children": [
                {
                    "c": null,
                    "children": [],
                    "content": "3.1. Network Construction",
                    "embedding": null,
                    "h": null,
                    "parent": {
                        "py/id": 26
                    },
                    "py/object": "tree.TextTree"
                },
                {
                    "c": null,
                    "children": [
                        {
                            "c": null,
                            "children": [],
                            "content": "We match separately each object in the collection to a in pracxed number of nearest neighbors in pose space ( tice), measured using the riemannian metric on the manifold of rotation matrices refers to the matrix logarithm and denotes the Frobenius norm of the matrix. Drifting is a major concern in any tracking approach and is especially hard to deal with automatically in our case, over different objects. We counter drifting by regularizing feature matching using symmetric warping priors be a derived from the manually annotated keypoints. Let weighting parameter. We dene the cost of matching points and d\u2701 \u2704x\u2701 \u2704 \u2740 \u25b2\u2710\u2740 \u25b2\u2701 \u272e \u2720 x\u2710 \u273f \u2702\u2740 \u25b2\u2701 \u2740 \u25b2\u2710\u272e",
                            "embedding": null,
                            "h": null,
                            "parent": {
                                "py/id": 30
                            },
                            "py/object": "tree.TextTree"
                        },
                        {
                            "c": null,
                            "children": [],
                            "content": "It is usually desirable to push as the burden of computation to an of\ufb02ine stage and to have fast performance at test time. This is also feasible with our method, assuming nearest neighbor matching is used and hence we only need to identify points in training objects having minimum geodesics to points in test objects (e.g. retrieving distances to all points in each training object is unnecessary) by leveraging the recursive properties of shortest paths. We precompute the nearest neighbor matchings using network distances between all pairs of objects in the network and use these to construct a new network where all shortest paths between points in any two objects can be identied by simply selecting the outgoing edges having minimum weight, a property we will call being point-to-point.",
                            "embedding": null,
                            "h": null,
                            "parent": {
                                "py/id": 30
                            },
                            "py/object": "tree.TextTree"
                        },
                        {
                            "c": null,
                            "children": [],
                            "content": "At test time there is an additional set of edges between test object points and docking object points and the network ceases being point-to-point. Assuming there is at most a single edge from a test object point to each network node indocking objects, however, this edge can be pushed forward and summed to all outgoing edges from nodes in docking objects making the network again point-to-point. Geodesics to all points in all objects can then be found by selecting the minimum geodesic from any of its docking points. Using this linear-time operation we manage to align a test object to points a collection of roughly in around half a second on a modern desktop computer, instead of in more than a minute using Dijkstra\u2019s algorithm.",
                            "embedding": null,
                            "h": null,
                            "parent": {
                                "py/id": 30
                            },
                            "py/object": "tree.TextTree"
                        }
                    ],
                    "content": "3.3. Fast Alignment at Test Time",
                    "embedding": null,
                    "h": null,
                    "parent": {
                        "py/id": 26
                    },
                    "py/object": "tree.TextTree"
                }
            ],
            "content": "3. Virtual View Networks",
            "embedding": null,
            "h": null,
            "parent": {
                "py/id": 0
            },
            "py/object": "tree.TextTree"
        },
        {
            "c": null,
            "children": [
                {
                    "c": null,
                    "children": [
                        {
                            "c": null,
                            "children": [],
                            "content": "Even though factorization has few parameters compared to approaches based on bundle adjustment, they can still be negatively affected by outliers. There is prior work on handling known gaussian noise distributions [1, 26] and outliers [54, 14] within factorization, but these approaches may not be trivial to adapt so they can deal with missing data. Here we propose instead to reduce the in\ufb02uence of outliers by swamping the data with synthetic inliers generated using domain knowledge, namely we sample a constant number",
                            "embedding": null,
                            "h": null,
                            "parent": {
                                "py/id": 40
                            },
                            "py/object": "tree.TextTree"
                        },
                        {
                            "c": null,
                            "children": [],
                            "content": "Algorithm 1 Novel Object Reconstruction using VVNfor each image i of test object do",
                            "embedding": null,
                            "h": null,
                            "parent": {
                                "py/id": 40
                            },
                            "py/object": "tree.TextTree"
                        },
                        {
                            "c": null,
                            "children": [],
                            "content": "Predict pose Extract dense local features d\u2710 \u2710, d\u2710 Dock with VVN using Compute distances to network points as in sec. 3.3 Align (match) instances to generate virtual views",
                            "embedding": null,
                            "h": null,
                            "parent": {
                                "py/id": 40
                            },
                            "py/object": "tree.TextTree"
                        },
                        {
                            "c": null,
                            "children": [],
                            "content": "Compute test object similarity with VVN objects (sec. 4.3) Form observation matrix with virtual views and synthetic inliers, with resampling (sec. 4.2) Factorization XY-Snapping (sec. 4.3)",
                            "embedding": null,
                            "h": null,
                            "parent": {
                                "py/id": 40
                            },
                            "py/object": "tree.TextTree"
                        },
                        {
                            "c": null,
                            "children": [],
                            "content": "Figure 3. The effect of reconstructing points from an image (blue) and its mirrored version (red) with and without extrapolated synthetic inliers (in green). Reconstructed points for a motorbike, including extrapolated inliers, are shown on the top row, seen from side and above. The bottom row shows the computed shapes using extrapolated inliers (left) and not using extrapolated inliers (right) from above. The shape becomes wider and noisier without extrapolated inliers.",
                            "embedding": null,
                            "h": null,
                            "parent": {
                                "py/id": 40
                            },
                            "py/object": "tree.TextTree"
                        }
                    ],
                    "content": "4.1. Synthetic Inlier Extrapolation",
                    "embedding": null,
                    "h": null,
                    "parent": {
                        "py/id": 38
                    },
                    "py/object": "tree.TextTree"
                },
                {
                    "c": null,
                    "children": [
                        {
                            "c": null,
                            "children": [],
                            "content": "Classic rigid factorization builds an observation matrix frames in an input videohaving two rows for each ofsequence and one column for each ofas well as rotation matrithen compute a ces, translation vectors, and scale parameter for each image from this matrix. In our case, each column will contain the coordinates of one point in the target object and the coordinates of those points in network objects that are aligned to it. Our observation matrix has a more specic structure as well, shown in g. 4, motivated by our reliance on the virtual view network as an alignment hub which multiple target images can be docked to, hence the name networkcentered factorization. We create one set of distinct points for each image of the target object, because we do not know a priori if points are shared by multiple views, and ll in tracks only between points in target images and images in the network (e.g. we do not match the target images directly), then set the rest of the matrix as missing data for the factorization algorithm to ll in. The extrapolated synthetic inliers are also added as separate points which are available for the training images but not for the test images, where they are also set as missing data. We use these points just as an additional source of regularization and ignore their reconstruction afterwards and this may be better understood by consulting g. 3.",
                            "embedding": null,
                            "h": null,
                            "parent": {
                                "py/id": 52
                            },
                            "py/object": "tree.TextTree"
                        }
                    ],
                    "content": "4.2. Network(cid:173)Centered Factorization",
                    "embedding": null,
                    "h": null,
                    "parent": {
                        "py/id": 38
                    },
                    "py/object": "tree.TextTree"
                },
                {
                    "c": null,
                    "children": [
                        {
                            "c": null,
                            "children": [],
                            "content": "We use two strategies for increasing the specicity of the reconstruction towards the target object: resampling and xysnapping.",
                            "embedding": null,
                            "h": null,
                            "parent": {
                                "py/id": 56
                            },
                            "py/object": "tree.TextTree"
                        },
                        {
                            "c": null,
                            "children": [],
                            "content": "Resampling. Factorization algorithms compute low-rank matrix approximations and these can be weighted so that some of the observations are given more importance. Sophisticated algorithms [46] for this task have been developed but not yet demonstrated on structure from motion. Here we propose instead to boost the importance of the target images and a few nearest neighbors from the training set (based on appearance), by simply resampling their rows in the observation matrix. This is equivalent to nding the low-rank factorization that minimizes a weighted euclidean loss with the rows corresponding to the important instances having higher weights.xy-Snapping. The points from the target object are the only ones we can trust blindly and which should be considered correct. We enforce this as post-processing by snapping the points of the target object back to their original coordinates in a reference image after reconstruction. If we are recon",
                            "embedding": null,
                            "h": null,
                            "parent": {
                                "py/id": 56
                            },
                            "py/object": "tree.TextTree"
                        },
                        {
                            "c": null,
                            "children": [],
                            "content": "Figure 4. The blockwise pattern of missing data in the observation matrix (inside the bold lines) for our network-centered factorization approach, here instantiated in the case where two images of the object are docked to the network \u2013 if more images are available they can be used in the same way. The SfM algorithm lls in the missing data so we retrieve the reconstructed points for all images from the rst block-row shown in this table and ignore the reconstructed points of synthetic inliers, which are only used as regularization.structing also using a mirrored image, we can compute correspondences across the symmetry axis trivially by tracking where points move to during mirroring, and then just translating them in the image plane by the same offset as the points in the original image.",
                            "embedding": null,
                            "h": null,
                            "parent": {
                                "py/id": 56
                            },
                            "py/object": "tree.TextTree"
                        }
                    ],
                    "content": "4.3. Building up Target Specicity",
                    "embedding": null,
                    "h": null,
                    "parent": {
                        "py/id": 38
                    },
                    "py/object": "tree.TextTree"
                }
            ],
            "content": "4. Reconstruction",
            "embedding": null,
            "h": null,
            "parent": {
                "py/id": 0
            },
            "py/object": "tree.TextTree"
        },
        {
            "c": null,
            "children": [
                {
                    "c": null,
                    "children": [],
                    "content": "Our focus is on alignment and reconstruction so we will assume that target objects have been localized and segmented as discussed in the introduction. We will evaluate 2D alignment and reconstruction separately, in each of the following subsections. We will study the impact of the accuracy of pose prediction on 2D alignment and will assume viewpoint has been correctly detected in the reconstruction section. All experiments used PASCAL VOC [16], where there are segmentations and around keypoints available for all objects in each class [20]. The same setup and the same fully visible objects were used as in [52], but we split them into test data and built virtual view networks on the training images and their mirrored versions, and evaluated alignment performance on test data without using keypoints. We discarded classes \u201ddining table\u201d, \u201dbottle\u201d and \u201dpotted plant\u201d in the reconstruction section because their keypoints are marked in a viewdependent way (e.g. bottles have keypoints marked on their silhouettes, so the induced cameras are always frontal and direct depth recovery requires additional cues).",
                    "embedding": null,
                    "h": null,
                    "parent": {
                        "py/id": 64
                    },
                    "py/object": "tree.TextTree"
                },
                {
                    "c": null,
                    "children": [],
                    "content": "We resized the image of each object to bepixels tall and computed a regular grid of features taken by concatenating the fourth and fth convolutional layers of the AlexNet convolutional network [34], resulting in 640 dimensional feature vectors at each grid location. We obtained a stride of 8 pixels by offsetting the image appropriately and passing it through AlexNet multiple times, then carefully assembling back the multiple resulting grids (similar to [44]). We also evaluated SIFT features, computed with a stride of 2 pixels and all feature extraction was performed with the background pixels set to black 5. Each object\u2019s gure-ground segmentation was also used for ignoring grid points in the background during matching.",
                    "embedding": null,
                    "h": null,
                    "parent": {
                        "py/id": 64
                    },
                    "py/object": "tree.TextTree"
                },
                {
                    "c": null,
                    "children": [],
                    "content": "Our full proposed approach, VVN, aligns a test object to each training object using nearest neighbor matching on a distance function dened by geodesics on a network connecting all grid points on all training examples. While there are many class-specic techniques for localizing a set of keypoints available in training data, we are not aware of techniques of that kind that are able to align arbitrary grids of points. We opted then to compare with techniques that can align grids even though they do not use class-specic knowledge: nearest neighbor matching using the euclidean distance and SIFT\ufb02ow [36], using either SIFT or the same deep features we employ. We evaluate alignment by matching each test image to all training images and checking how the ground truth test keypoints match to the training image keypoints. We average the following per-pair matching error:iterates over the grid points closest to each ground is the set of correon a training image according to is the position of ground truth keyon the training image. We average the errors overwhere truth keypoint \u2701 sponding points the matching, and m point all images in all",
                    "embedding": null,
                    "h": null,
                    "parent": {
                        "py/id": 64
                    },
                    "py/object": "tree.TextTree"
                },
                {
                    "c": null,
                    "children": [],
                    "content": "Different Features and Segmentation. We rst compared SIFT and deep feature matching using nearest neighbor with the euclidean distance, and evaluated how important it is to have segmentation for this task. Deep features do better in general and the matching errors are slightly worse without segmentation, especially when matching with SIFT features the deep features seem better prepared in the presence of background clutter which is promising but we will assume segmentation for the rest of the paper. For a complementary, more focused study on these matters see [37].",
                    "embedding": null,
                    "h": null,
                    "parent": {
                        "py/id": 64
                    },
                    "py/object": "tree.TextTree"
                },
                {
                    "c": null,
                    "children": [],
                    "content": "Figure 5. Mean error in eq. 4 when matching points in two objects from the same class using nearest neighbor, as a function of the viewpoint difference between the objects. Deep features allow for more accurate alignment, and this is more evident when segmentation is not available.",
                    "embedding": null,
                    "h": null,
                    "parent": {
                        "py/id": 64
                    },
                    "py/object": "tree.TextTree"
                },
                {
                    "c": null,
                    "children": [],
                    "content": "Results are shown in g. 5.",
                    "embedding": null,
                    "h": null,
                    "parent": {
                        "py/id": 64
                    },
                    "py/object": "tree.TextTree"
                },
                {
                    "c": null,
                    "children": [],
                    "content": "Euclidean and Network Distance. We compare our proposed nearest neighbor matching using the network distance to two baselines, nearest neighbor with the euclidean distance and SIFT\ufb02ow. All methods used images with the background masked and the correspondences constrained to be inside the segmentation. In this experiment we assume knowledge of ground truth cameras for selecting the elements in the network to dock the test object with, which we will also assume in the reconstruction section. The results are shown in g. 6 and demonstrate that given an accurate pose estimate for the test object, the network distance leads to more accurate alignment up to the maximum 180 degrees viewpoint difference. SIFT\ufb02ow leads to large gains over nearest neighbor using SIFT features and euclidean distance but is less robust to viewpoint variation.",
                    "embedding": null,
                    "h": null,
                    "parent": {
                        "py/id": 64
                    },
                    "py/object": "tree.TextTree"
                },
                {
                    "c": null,
                    "children": [],
                    "content": "Pose Prediction and Alignment. Our nal and main experiment in this subsection evaluates VVN alignment with automatic pose prediction. We used predictors for the 12 rigid categories in PASCAL VOC from Tulsiani and Malik [50], which are netuned for pose using annotations from PASCAL3D+ [53], including the additional training examples from Imagenet. Our results were obtained with an early AlexNet-based version of the models. Using more advanced convolutional network architectures [50] should boost performance further. The alignment results are shown, for the 12 rigid categories, in g. 7 and demonstrate that the improvements over nearest neighbor with the euclidean distance still hold with automatic pose prediction. We also measured accuracy when using the best among the 2 and 4 top-scoring predicted poses and found this to bring large improvement, which suggests pose reranking as an interesting direction for future work. We show sample alignments for our method and sift\ufb02ow on the same grid of deep features in g. 8.",
                    "embedding": null,
                    "h": null,
                    "parent": {
                        "py/id": 64
                    },
                    "py/object": "tree.TextTree"
                },
                {
                    "c": null,
                    "children": [],
                    "content": "Figure 6. Mean error when matching points in two segmented objects from the same class using nearest neighbor with euclidean distance and SIFT\ufb02ow, compared to nearest neighbor and our proposed network distance, as a function of the viewpoint difference between the objects. SIFT\ufb02ow improves considerably over nearest neighbor matching using euclidean distance but is not robust to large viewpoint variation. Results are good even using a network built without features, using just the spatial terms.",
                    "embedding": null,
                    "h": null,
                    "parent": {
                        "py/id": 64
                    },
                    "py/object": "tree.TextTree"
                },
                {
                    "c": null,
                    "children": [],
                    "content": "Figure 8. Example alignments using our proposed networkbased approach, VVN, with automatic pose prediction (rst two columns) and SIFT\ufb02ow (last two columns), on the same grid of deep features and assuming correct gure-ground segmentation. Corresponding points are colored the same. VVN exploits classspecic knowledge and pose prediction to obtain resillience to viewpoint variation. See the text for additional details and the supplementary material for images showing other alignments.",
                    "embedding": null,
                    "h": null,
                    "parent": {
                        "py/id": 64
                    },
                    "py/object": "tree.TextTree"
                },
                {
                    "c": null,
                    "children": [],
                    "content": "Figure 7. Mean error when matching points in two segmented objects from the same class using nearest neighbor with euclidean distance and our proposed network distance, as a function of the viewpoint difference between the objects. The network distance leads to more accurate alignment across all viewpoint differences. The same deep features are used in all cases here and we consider only rigid categories, for which there is pose prediction training data from Imagenet. See text for details.",
                    "embedding": null,
                    "h": null,
                    "parent": {
                        "py/id": 64
                    },
                    "py/object": "tree.TextTree"
                },
                {
                    "c": null,
                    "children": [],
                    "content": "We reconstructed PASCAL VOC objects in the test set of each class, producing fuller 3D reconstructions from a single view by taking advantage of bilateral symmetry as discussed in sec. 4. We used the same parameters for all classes, except xy-snapping which helped noticeably in most cases but degraded subtle aeroplane wings and bicycle handles so we disabled it on these two classes the only class-specic option we introduced. We resampled the target image and its mirrored version times the number nearest neighbors from the of training examples, and their training set times the total number of training examples for the class (see sec. 4.3). Nearest neighbors were computed from those training examples in the degree range of viewpoint differences to the pose of the test example, selected based on euclidean distance between descriptors obtained using second-order pooling [9] on the AlexNet layer 5 features. The idea was to discard the spatial information in the layer 5 grid to better cope with viewpoint variation.",
                    "embedding": null,
                    "h": null,
                    "parent": {
                        "py/id": 64
                    },
                    "py/object": "tree.TextTree"
                },
                {
                    "c": null,
                    "children": [],
                    "content": "Reconstructions for all considered classes are shown in g. 9, assuming ground truth object segmentation and viewpoints from [52]. Inlier extrapolation helped visibly in many cases, especially for the tv/monitors class which completely failed without it, becoming curved shapes not unlike Dali clocks. Highly accurate shapes are obtained for most classes, the clearest exception being horses, seemingly due to noise in the cameras used. See the caption for additional comments. There is no existing dataset for evaluating this task, also because there are few, if any, methods developed for it, so we simply put all our reconstructions on youtube for anyone to evaluate http://goo.gl/8Xzy3m. The method with closest capabilities is perhaps carvi [52], which produces full meshes but uses only silhouette information in a visual hull framework, e.g. image information is ignored and correspondences are not used, so it cannot deal with concavities. We will include side-by-side reconstructions in supplementary material.",
                    "embedding": null,
                    "h": null,
                    "parent": {
                        "py/id": 64
                    },
                    "py/object": "tree.TextTree"
                }
            ],
            "content": "5. Experiments",
            "embedding": null,
            "h": null,
            "parent": {
                "py/id": 0
            },
            "py/object": "tree.TextTree"
        },
        {
            "c": null,
            "children": [
                {
                    "c": null,
                    "children": [],
                    "content": "We have introduced a framework for shape reconstruction from a single image of a target object, using structure from motion on virtual views computed from a collection of training images of other objects from the same class. At the core of our approach is a method for 2D alignment that builds a network over the image collection in order to achieve robustness across wide viewpoint variation. Wehave also developed techniques to increase the robustness and specicity of factorization-based rigid structure from motion using virtual views and obtained stable and accurate reconstructions of challenging objects with diverse shapes. The main challenge now is to relax the need for keypoints or to conne it to a few seed classes, which may be feasible using more advanced matching techniques [56] and features. The ability to reconstruct from one image opens new avenues for both structure from motion and recognition.",
                    "embedding": null,
                    "h": null,
                    "parent": {
                        "py/id": 92
                    },
                    "py/object": "tree.TextTree"
                },
                {
                    "c": null,
                    "children": [],
                    "content": "Acknowledgements. We would like to thank Sara Vicente for helpful comments and Ross Girshick for providing his dense feature extraction code. We gratefully acknowledge the support of NVIDIA Corporation with the donation of Tesla K40 GPUs used for this research. Jo\u02dcao Carreira was supported by the Portuguese Science Foundation, FCT, under grant SFRH/BPD/84194/2012.ometry and biology. Cambridge University Press, 1997. 3taneous detection and segmentation. ECCV 2014, pages 297\u2013312. Springer, 2014. 2computer vision. Cambridge university press, 2003. 4examples. arXiv preprint arXiv:1304.3915, 2013. 2layout from an image. Vision, 75(1):151\u2013172, 2007. 2",
                    "embedding": null,
                    "h": null,
                    "parent": {
                        "py/id": 92
                    },
                    "py/object": "tree.TextTree"
                },
                {
                    "c": null,
                    "children": [],
                    "content": "Internet based morphable model. In Computer Vision (ICCV), 2013 IEEE International Conference on, pages 3256\u20133263. IEEE, 2013. 1",
                    "embedding": null,
                    "h": null,
                    "parent": {
                        "py/id": 92
                    },
                    "py/object": "tree.TextTree"
                },
                {
                    "c": null,
                    "children": [],
                    "content": "Imagenet In classication with deep convolutional neural networks. Advances in neural information processing systems, pages 1097\u20131105, 2012. 6tions. In ICML, volume 3, pages 720\u2013727, 2003. 5",
                    "embedding": null,
                    "h": null,
                    "parent": {
                        "py/id": 92
                    },
                    "py/object": "tree.TextTree"
                }
            ],
            "content": "6. Conclusions",
            "embedding": null,
            "h": null,
            "parent": {
                "py/id": 0
            },
            "py/object": "tree.TextTree"
        }
    ],
    "content": "Virtual View Networks for Object Reconstruction",
    "embedding": null,
    "h": null,
    "parent": null,
    "py/object": "tree.TextTree"
}