{
    "c": null,
    "children": [
        {
            "c": null,
            "children": [
                {
                    "c": null,
                    "children": [],
                    "content": "Image-based classication of histology sections, in terms of distinct components (e.g., tumor, stroma, normal), provides a series of indices for tumor composition. Furthermore, aggregation of these indices, from each whole slide image (WSI) in a large cohort, can provide predictive models of the clinical outcome. However, performance of the existing techniques is hindered as a result of large technical variations and biological heterogeneities that are always present in a large cohort. We propose a system that automatically learns a series of basis functions for representing the underlying spatial distribution using stacked predictive sparse decomposition (PSD). The learned representation is then fed into the spatial pyramid matching framework (SPM) with a linear SVM classier. The system has been evaluated for classication of (a) distinct histological components for two cohorts of tumor types, and (b) colony organization of normal and malignant cell lines in 3D cell culture models. Throughput has been increased through the utility of graphical processing unit (GPU), and evaluation indicates a superior performance results, compared with previous research.",
                    "embedding": null,
                    "h": null,
                    "parent": {
                        "py/id": 2
                    },
                    "py/object": "tree.TextTree"
                }
            ],
            "content": "Abstract",
            "embedding": null,
            "h": null,
            "parent": {
                "py/id": 0
            },
            "py/object": "tree.TextTree"
        },
        {
            "c": null,
            "children": [
                {
                    "c": null,
                    "children": [],
                    "content": "Tumor histology provides a detailed insight into cellular morphology, organization, and heterogeneity. For example, histology sections can be used to identify mitotic cells, cellular aneuploidy, and autoimmune responses. More importantly, if tumor morphology and architecture can be quantied in a large cohort, it will provide the basis for predictive models in a similar way that genomic techniques have identied predictive molecular subtypes. Genome wide analysis \u2217This work was supported by NIH U24 CA1437991 and NIH R01 CA140663 carried out at Lawrence Berkeley National Laboratory under Contract No. DE-AC02-05CH11231techniques (e.g., microarray analysis) have the advantages of standardized tools for data analysis and pathway enrichment, which enables hypothesis generation for the underlying mechanism. On the other hand, histological signatures are hard to compute because phenotypic signatures are not standardized and advanced methods for image analysis remain at a decit. Image analysis is further complicated by technical variations as a result of sample preparation (e.g., xation, staining) and biological heterogeneity, where the latter originates within a whole slide image (WSI) and between WSIs as no two patients have the same aberrant signature.",
                    "embedding": null,
                    "h": null,
                    "parent": {
                        "py/id": 6
                    },
                    "py/object": "tree.TextTree"
                },
                {
                    "c": null,
                    "children": [],
                    "content": "Although manual analysis may incur interand intrapathologist variations [12] and some researchers have focused on reducing such variations, the value of the quantitative histological image analysis rests on its capability in capturing detailed morphometric features and organization. Such rich descriptions can then be linked with genomic information and clinical outcomes for improved diagnosis and therapy.",
                    "embedding": null,
                    "h": null,
                    "parent": {
                        "py/id": 6
                    },
                    "py/object": "tree.TextTree"
                },
                {
                    "c": null,
                    "children": [],
                    "content": "One of the main technical barriers for processing a large collection of histological data is that the color composition is subject to technical variations (e.g., xation, staining) and biological heterogeneities (e.g., cell type, cell state) across histological tissue sections, especially when these tissue sections are processed and scanned at different laboratories. Here, a histological tissue section refers to an image of a thin slice of tissue applied to a microscopic slide and scanned from a light microscope. From an image analysis perspective, color variations can occur both within and across tissue sections. For example, within a tissue section, some nuclei may have low chromatin content (e.g., light blue signals), while others may have higher signals (e.g., dark blue); nuclear intensity in one tissue section may be very close to the background intensity (e.g., cytoplasmic, macromolecular components) in another tissue section.",
                    "embedding": null,
                    "h": null,
                    "parent": {
                        "py/id": 6
                    },
                    "py/object": "tree.TextTree"
                },
                {
                    "c": null,
                    "children": [],
                    "content": "In this paper, we aim to classify components of each histology section in terms of distinct phenotypes (e.g., tumor, stroma, necrosis). We suggest that, compared with human engineered features, unsupervised feature learning is more tolerant to batch effect (e.g., technical variations associated with sample preparation) and can learn pertinent features without user intervention. The key concept is that stacked predictive sparse decomposition (PSD) [23] can elucidate a superior representation that captures intrinsic phenotypic signature. When this representation is coupled with spatial pyramid matching (SPM) [26], which utilizes sparse tissue morphometric signatures at various locations and scales, an improved classication performance is realized.",
                    "embedding": null,
                    "h": null,
                    "parent": {
                        "py/id": 6
                    },
                    "py/object": "tree.TextTree"
                },
                {
                    "c": null,
                    "children": [],
                    "content": "Organization of this paper is as follows: Section 2 reviews related works. Section 3 describes the details of our proposed approach. Section 4 elaborates the details of our experimental setup, followed by a detailed discussion on the experimental results. Lastly, section 5 concludes the paper.",
                    "embedding": null,
                    "h": null,
                    "parent": {
                        "py/id": 6
                    },
                    "py/object": "tree.TextTree"
                }
            ],
            "content": "1. Introduction",
            "embedding": null,
            "h": null,
            "parent": {
                "py/id": 0
            },
            "py/object": "tree.TextTree"
        },
        {
            "c": null,
            "children": [
                {
                    "c": null,
                    "children": [],
                    "content": "Several outstanding reviews for the histology sections analysis can be found in [14, 20]. From our perspective, four distinct works have dened the trends in tissue histology analysis: (i) one group of researchers proposed nuclear segmentation and organization for tumor grading and/or the prediction of tumor recurrence [2, 13, 3, 15, 10]. (ii) A second group of researchers focused on patch level analysis (e.g., small regions) [4, 24, 21], using color and texture features, for tumor representation. (iii) A third group focused on block-level analysis to distinguish different states of tissue development using cell-graph representation [1, 5]. (iv) Finally, a fourth group has suggested detection and representation of the auto-immune response as a prognostic tool for cancer [19].",
                    "embedding": null,
                    "h": null,
                    "parent": {
                        "py/id": 18
                    },
                    "py/object": "tree.TextTree"
                },
                {
                    "c": null,
                    "children": [],
                    "content": "The major challenge for tissue classication is the large amounts of technical variations and biological heterogeneities in the data [25], which typically results in techniques that are tumor type specic. To overcome this problem, recent studies have focused on either ne tuning human engineered features [4, 24, 25], or applying automatic feature learning [22] for robust representation.",
                    "embedding": null,
                    "h": null,
                    "parent": {
                        "py/id": 18
                    },
                    "py/object": "tree.TextTree"
                },
                {
                    "c": null,
                    "children": [],
                    "content": "In the context of computer vision research on image categorization, the traditional bag of features (BoF) model has been widely studied and improved through different variations [8, 7, 16, 31, 26], among which SPM [26] has clearly become the major component of the state-of-art systems [17] for its effectiveness in practice.",
                    "embedding": null,
                    "h": null,
                    "parent": {
                        "py/id": 18
                    },
                    "py/object": "tree.TextTree"
                },
                {
                    "c": null,
                    "children": [],
                    "content": "The evolution of our research in patch level analysis has been SIFT-like feature extraction followed by a evaluation of several kernel-based classication policies [21]; independent subspace analysis that utilizes unsupervised learning without the constraint of being able to reconstruct the original signal [27]; a single layer predictive sparse coding with SVM classier [32]; and more recently, coupling of eitherprior knowledge [9] or predictive sparse coding [11] with with spatial pyramid matching. The current research builds on these results to render an unsupervised feature learning approach with superior performance.",
                    "embedding": null,
                    "h": null,
                    "parent": {
                        "py/id": 18
                    },
                    "py/object": "tree.TextTree"
                },
                {
                    "c": null,
                    "children": [],
                    "content": "In summary, motivated by the fact that (i) pathologists often use \u201ccontext\u201d to assess the disease state, (ii) SPM partially captures context [26, 23], and (iii) unsupervised feature learning is preferable to capture the variance in large cohorts, we have extended our previous research with improved scalability and performance. 3. Approach",
                    "embedding": null,
                    "h": null,
                    "parent": {
                        "py/id": 18
                    },
                    "py/object": "tree.TextTree"
                },
                {
                    "c": null,
                    "children": [],
                    "content": "In this work (PSDnSPM), we employ predictive sparse decomposition (PSD) [23] as a building block for the purpose of constructing hierarchical learning framework, which can capture higher-level sparse tissue morphometric features [34]. Unlike many unsupervised feature learning algorithms [28, 29, 33, 39], the feed-forward feature inference of PSD is very efcient, as it involves only elementwise nonlinearity and matrix multiplication. For classication, the predicted sparse features are used in a similar fashion as SIFT features in the traditional framework of SPM, as shown in Figure 1. 3.1. Unsupervised Feature Learning",
                    "embedding": null,
                    "h": null,
                    "parent": {
                        "py/id": 18
                    },
                    "py/object": "tree.TextTree"
                },
                {
                    "c": null,
                    "children": [],
                    "content": "Given X = [x1, ..., xN ] \u2208 Rm\u00d7N as a set of vectorized image patches, we formulate the PSD optimization problem as:",
                    "embedding": null,
                    "h": null,
                    "parent": {
                        "py/id": 18
                    },
                    "py/object": "tree.TextTree"
                },
                {
                    "c": null,
                    "children": [],
                    "content": "F + \u03bb(cid:4)Z(cid:4)1 + (cid:4)Z \u2212 G\u03c3(WX)(cid:4)2 (1) where B = [b1, ..., bh] \u2208 R m\u00d7h is a set of the basis functions; Z = [z1, ..., zN ] \u2208 R h\u00d7N is the sparse feature matrix; W \u2208 R h\u00d7m is the auto-encoder; G = diag(g1, . . . , gh) \u2208 R h\u00d7h is a scaling matrix with diag being an operator aligning vector, [g1, . . . , gh], along the diagonal; \u03c3(\u00b7) is the element-wise sigmoid function; and \u03bb is a regularization constant. Joint minimization of Eq. (1) with respect to the quadruple (cid:6)B, Z, G, W(cid:7), enforces the inference of the nonlinear regressor G\u03c3(WX) to be similar to the optimal sparse codes, Z, which can reconstruct X over B [23].",
                    "embedding": null,
                    "h": null,
                    "parent": {
                        "py/id": 18
                    },
                    "py/object": "tree.TextTree"
                },
                {
                    "c": null,
                    "children": [],
                    "content": "As shown below, optimization of Eq. (1) is iterative, where the algorithm terminates when either the objective function is below a preset threshold or the maximum number of iterations has been reached.",
                    "embedding": null,
                    "h": null,
                    "parent": {
                        "py/id": 18
                    },
                    "py/object": "tree.TextTree"
                }
            ],
            "content": "2. Related Work",
            "embedding": null,
            "h": null,
            "parent": {
                "py/id": 0
            },
            "py/object": "tree.TextTree"
        },
        {
            "c": null,
            "children": [],
            "content": "1. Randomly initialize B, W, and G.",
            "embedding": null,
            "h": null,
            "parent": {
                "py/id": 0
            },
            "py/object": "tree.TextTree"
        },
        {
            "c": null,
            "children": [
                {
                    "c": null,
                    "children": [],
                    "content": "Figure 1. Computational work\ufb02ow of our approach (PSDnSPM).",
                    "embedding": null,
                    "h": null,
                    "parent": {
                        "py/id": 40
                    },
                    "py/object": "tree.TextTree"
                }
            ],
            "content": "2. Fixing B, W and G, minimize Eq. (1) with respect to Z, where Z can be either solved as a (cid:4)1-minimization problem [28] or equivalently solved by greedy algorithms, e.g., Orthogonal Matching Pursuit (OMP) [35].",
            "embedding": null,
            "h": null,
            "parent": {
                "py/id": 0
            },
            "py/object": "tree.TextTree"
        },
        {
            "c": null,
            "children": [],
            "content": "3. Fixing B, W and Z, solve for G, which is a simple",
            "embedding": null,
            "h": null,
            "parent": {
                "py/id": 0
            },
            "py/object": "tree.TextTree"
        },
        {
            "c": null,
            "children": [],
            "content": "4. Fixing Z and G, update B and W, respectively, using",
            "embedding": null,
            "h": null,
            "parent": {
                "py/id": 0
            },
            "py/object": "tree.TextTree"
        },
        {
            "c": null,
            "children": [
                {
                    "c": null,
                    "children": [],
                    "content": "Having computed the sparse features, Z \u2208 Rh\u00d7N (e.g., predictions by the nonlinear regressor G\u03c3(WX)), we then construct a code book and proceed with SPM pooling. h\u00d7K, consisting of K sparse tissue morphometric types, is constructed by solving the following optimization problem:",
                    "embedding": null,
                    "h": null,
                    "parent": {
                        "py/id": 48
                    },
                    "py/object": "tree.TextTree"
                },
                {
                    "c": null,
                    "children": [],
                    "content": "The codebook, D = [d1, ..., dK] \u2208 Rcard(ci) = 1,(cid:4)ci(cid:4)1 = 1, ci (cid:9) 0,\u2200iwhere C = [c1, ..., cN ] \u2208 R K\u00d7N is the code matrix assigning each zi to its closest sparse tissue morphometric type in D, card(ci) is a cardinality constraint enforcing only one nonzero element in ci, and ci (cid:9) 0 is a non-negative constraint on all vector elements. Eq. (2) is optimized by alternating between the two variables, i.e., minimizing one while keeping the other xed. After training, D is xed and the query signal set, Z, is encoded by solving Eq. (2) with respect to C only.",
                    "embedding": null,
                    "h": null,
                    "parent": {
                        "py/id": 48
                    },
                    "py/object": "tree.TextTree"
                },
                {
                    "c": null,
                    "children": [],
                    "content": "Figure 2. Computed basis functions (B) from the Glioblastoma Multiforme (GBM) dataset.",
                    "embedding": null,
                    "h": null,
                    "parent": {
                        "py/id": 48
                    },
                    "py/object": "tree.TextTree"
                },
                {
                    "c": null,
                    "children": [],
                    "content": "The next step is to construct a spatial histogram for SPM [26]. By repeatedly subdividing an image, histograms of different sparse tissue morphometric types over the resulting subregions are computed. The spatial histogram, H, is then formed by concatenating the appropriately weighted histograms of sparse tissue morphometric types at all resolutions, i.e.,",
                    "embedding": null,
                    "h": null,
                    "parent": {
                        "py/id": 48
                    },
                    "py/object": "tree.TextTree"
                }
            ],
            "content": "5. Repeat [2]-[4] until stopping condition is satised. In large-scale feature learning problems, involving \u223c 105 image patches, it is computationally intensive to evaluate the sum-gradient over the entire training set. However, both stochastic gradient descent algorithm and GPU parallel computing can provide a signicant increase in speed. The former approximates the true gradient of the objective function by the gradient evaluated over mini-batches, and the latter further accelerates the process (up to 5X) with our Matlab implementation based on an Nvidia GTX 580 graphics card. Figure 2 illustrates 1024 basis functions computed from the GBM dataset, which capture both color and texture information from the data and is generally difcult to realize using hand-engineered features.",
            "embedding": null,
            "h": null,
            "parent": {
                "py/id": 0
            },
            "py/object": "tree.TextTree"
        },
        {
            "c": null,
            "children": [],
            "content": "0 H0 = H 0 l ), 1 \u2264 l \u2264 L 1 Hl = (H l , ..., H 1 1 1 2L H1, ..., 2L H0,",
            "embedding": null,
            "h": null,
            "parent": {
                "py/id": 0
            },
            "py/object": "tree.TextTree"
        },
        {
            "c": null,
            "children": [
                {
                    "c": null,
                    "children": [],
                    "content": "In this section, we provide details of the experimental design that includes data from tumor histopathology and 3D cell culture assays. The tumor data includes a curated set of Glioblastoma Multiforme (GBM) and Kidney Clear Cell Carcinoma (KIRC) from The Cancer Genome Atlas (TCGA), which are publicly available from the NIH repository. The 3D cell culture data consists of a tumorigenic breast cancer and a control cell line. 4.1. Classication of Tumor Histopathology",
                    "embedding": null,
                    "h": null,
                    "parent": {
                        "py/id": 60
                    },
                    "py/object": "tree.TextTree"
                },
                {
                    "c": null,
                    "children": [],
                    "content": "We have evaluated the proposed method against four other techniques for classication of distinct histopathology for two tumor types.",
                    "embedding": null,
                    "h": null,
                    "parent": {
                        "py/id": 60
                    },
                    "py/object": "tree.TextTree"
                }
            ],
            "content": "4. Experiments And Discussion",
            "embedding": null,
            "h": null,
            "parent": {
                "py/id": 0
            },
            "py/object": "tree.TextTree"
        },
        {
            "c": null,
            "children": [],
            "content": "1. PSDnSPMN R: The nonlinear kernel SPM that uses spatial-pyramid histograms of sparse tissue morphometric types. In this implementation,",
            "embedding": null,
            "h": null,
            "parent": {
                "py/id": 0
            },
            "py/object": "tree.TextTree"
        },
        {
            "c": null,
            "children": [],
            "content": "2. PSD1SPMLR [11]: The nonlinear kernel SPM that uses spatial-pyramid histograms of sparse tissue morphometric types. In this implementation,",
            "embedding": null,
            "h": null,
            "parent": {
                "py/id": 0
            },
            "py/object": "tree.TextTree"
        },
        {
            "c": null,
            "children": [],
            "content": "3. ScSPM [37]: The linear SPM that utilizes linear kernel on spatial-pyramid pooling of SIFT sparse codes. In this implementation, (a) The dense SIFT features was extracted on 16\u00d716 patches sampled from each image on a grid with stepsize 8 pixels;",
            "embedding": null,
            "h": null,
            "parent": {
                "py/id": 0
            },
            "py/object": "tree.TextTree"
        },
        {
            "c": null,
            "children": [],
            "content": "4. KSPM [26]: The nonlinear kernel SPM that uses spatial-pyramid histograms of SIFT features; In the implementation, (a) The dense SIFT features was extracted on 16\u00d716 patches sampled from each image on a grid with stepsize 8 pixels;",
            "embedding": null,
            "h": null,
            "parent": {
                "py/id": 0
            },
            "py/object": "tree.TextTree"
        },
        {
            "c": null,
            "children": [
                {
                    "c": null,
                    "children": [],
                    "content": "All experimental processes were repeated 10 times with randomly selected training and testing images. The nal results were reported as the mean and standard deviation of the classication rates on the following two distinct datasets, which included vastly different tumor types:",
                    "embedding": null,
                    "h": null,
                    "parent": {
                        "py/id": 74
                    },
                    "py/object": "tree.TextTree"
                },
                {
                    "c": null,
                    "children": [],
                    "content": "Figure 5. Comparison of PSD with linear and nonlinear regressors in terms of reconstruction. (a) Original image; (b) Reconstruction by PSD with linear regressor (SNR=14.9429); (c) Reconstruction by PSD with nonlinear regressor (SNR=19.3436).",
                    "embedding": null,
                    "h": null,
                    "parent": {
                        "py/id": 74
                    },
                    "py/object": "tree.TextTree"
                },
                {
                    "c": null,
                    "children": [],
                    "content": "Figure 3. GBM Examples. First column: Tumor; Second column: Transition to necrosis; Third column: Necrosis.",
                    "embedding": null,
                    "h": null,
                    "parent": {
                        "py/id": 74
                    },
                    "py/object": "tree.TextTree"
                }
            ],
            "content": "5. CTSPM: The nonlinear kernel SPM that uses spatialpyramid histograms of color and texture features; In this implementation,",
            "embedding": null,
            "h": null,
            "parent": {
                "py/id": 0
            },
            "py/object": "tree.TextTree"
        },
        {
            "c": null,
            "children": [],
            "content": "1. Features from unsupervised feature learning are more tolerant to the batch effect than human engineered features for tissue classication. Tables 1 and 2 show that PSDnSPM consistently outperforms KSPM, ScSPM and CTSPM on the two distinct datasets that suffer from technical variations as a result of both sample preparation and biological heterogeneity, where the latter is due to the variation in tumor phenotype across patients.",
            "embedding": null,
            "h": null,
            "parent": {
                "py/id": 0
            },
            "py/object": "tree.TextTree"
        },
        {
            "c": null,
            "children": [],
            "content": "2. PSD with nonlinear regressor outperforms PSD with linear regressor in terms of both reconstruction and classication, as shown in Figure 5 as well as Tables 1 and 2.",
            "embedding": null,
            "h": null,
            "parent": {
                "py/id": 0
            },
            "py/object": "tree.TextTree"
        },
        {
            "c": null,
            "children": [
                {
                    "c": null,
                    "children": [],
                    "content": "As a result, the proposed approach has the following merits,",
                    "embedding": null,
                    "h": null,
                    "parent": {
                        "py/id": 86
                    },
                    "py/object": "tree.TextTree"
                }
            ],
            "content": "3. Stacking multiple layers of PSD enables learning higher level features, which further improves the classication performance.",
            "embedding": null,
            "h": null,
            "parent": {
                "py/id": 0
            },
            "py/object": "tree.TextTree"
        },
        {
            "c": null,
            "children": [],
            "content": "1. Extensibility to different tumor types. Tables 1 and 2 conrm the superiority and consistency in the performance of the proposed approach on two vastly different tumor types, which are due to the improved generalization ability of features from unsupervised feature learning, compared to human engineered features (e.g., SIFT), and ultimately ensures the extensibility of proposed approach to different tumor types.",
            "embedding": null,
            "h": null,
            "parent": {
                "py/id": 0
            },
            "py/object": "tree.TextTree"
        },
        {
            "c": null,
            "children": [
                {
                    "c": null,
                    "children": [],
                    "content": "Figure 4. KIRC examples. First column: Tumor; Second column: Normal; Third column: Stromal.",
                    "embedding": null,
                    "h": null,
                    "parent": {
                        "py/id": 92
                    },
                    "py/object": "tree.TextTree"
                }
            ],
            "content": "2. Robustness in the presence of large amounts of technical variations and biological heterogeneities. Tables 1 and 2 indicate that the performance of our approach, based on small number of training samples, is comparable to or better than the performance of ScSPM, KSPM and CTSPM, which are based on large number of training samples. Given the fact that TCGA datasets contain large amounts of technical variations and biological heterogeneities, these results clearly indicate the robustness of our approach, which improves the",
            "embedding": null,
            "h": null,
            "parent": {
                "py/id": 0
            },
            "py/object": "tree.TextTree"
        },
        {
            "c": null,
            "children": [],
            "content": "1. GBM Dataset. The GBM dataset contains 3 classes: Tumor, Necrosis, and Transition to Necrosis, which were curated from whole slide images (WSI) scanned with a 20X objective (0.502 micron/pixel). Examples can be found in Figure 3. The number of images per category are 628, 428 and 324, respectively. Most images are 1000 \u00d7 1000 pixels. In this experiment, we trained on 40, 80 and 160 images per category and tested on the rest, using three different dictionary sizes: 256, 512 and 1024. Detailed comparisons are shown in Table 1.",
            "embedding": null,
            "h": null,
            "parent": {
                "py/id": 0
            },
            "py/object": "tree.TextTree"
        },
        {
            "c": null,
            "children": [
                {
                    "c": null,
                    "children": [],
                    "content": "Method PSD2SPMN R PSD1SPMN R PSD1SPMLR [11] ScSPM [37] KSPM [26] CTSPM PSD2SPMN R PSD1SPMN R PSD1SPMLR [11] ScSPM [37] KSPM [26] CTSPM PSD2SPMN R PSD1SPMN R PSD1SPMLR [11] ScSPM [37] KSPM [26] CTSPM",
                    "embedding": null,
                    "h": null,
                    "parent": {
                        "py/id": 98
                    },
                    "py/object": "tree.TextTree"
                },
                {
                    "c": null,
                    "children": [],
                    "content": "Method PSD2SPMN R PSD1SPMN R PSD1SPMLR [11] ScSPM [37] KSPM [26] CTSPM PSD2SPMN R PSD1SPMN R PSD1SPMLR [11] ScSPM [37] KSPM [26] CTSPM PSD2SPMN R PSD1SPMN R PSD1SPMLR [11] ScSPM [37] KSPM [26] CTSPM",
                    "embedding": null,
                    "h": null,
                    "parent": {
                        "py/id": 98
                    },
                    "py/object": "tree.TextTree"
                },
                {
                    "c": null,
                    "children": [],
                    "content": "Table 1. Performance of different methods on the GBM dataset.",
                    "embedding": null,
                    "h": null,
                    "parent": {
                        "py/id": 98
                    },
                    "py/object": "tree.TextTree"
                },
                {
                    "c": null,
                    "children": [],
                    "content": "Table 2. Performance of different methods on the KIRC dataset.scalability with varying training sample sizes, and the reliability of further analysis on large cohort of whole mount tissue sections.",
                    "embedding": null,
                    "h": null,
                    "parent": {
                        "py/id": 98
                    },
                    "py/object": "tree.TextTree"
                },
                {
                    "c": null,
                    "children": [],
                    "content": "To demonstrate extensibility of the proposed method, the technique has been applied to discriminated colony organization in 3D cell culture models for control (MCF10A) and malignant (MDA-MB-231) cell lines, which have beenwell characterized in [6]. Five biological replicates per cell line were harvested on Day 5 and imaged with confocal microscopy with the middle sections shown in Figure 6. All images were scaled isotropically with the image patch size xed to be 20 \u00d7 20 \u00d7 20 in the isotropic space for unsupervised feature learning. The performance is reported as the mean classication rate (shown in Table 3), which clearly indicates the extensibility of proposed method for classication of aberrant growth conditions.",
                    "embedding": null,
                    "h": null,
                    "parent": {
                        "py/id": 98
                    },
                    "py/object": "tree.TextTree"
                },
                {
                    "c": null,
                    "children": [],
                    "content": "Table 3. Performance of proposed method on 3D cell culture differentiation.",
                    "embedding": null,
                    "h": null,
                    "parent": {
                        "py/id": 98
                    },
                    "py/object": "tree.TextTree"
                },
                {
                    "c": null,
                    "children": [],
                    "content": "References [1] E. Acar, G. Plopper, and B. Yener. Coupled analysis of in vitro and histology samples to quantify structure-function relationships. PLoS One, 7(3):e32227, 2012. 2",
                    "embedding": null,
                    "h": null,
                    "parent": {
                        "py/id": 98
                    },
                    "py/object": "tree.TextTree"
                },
                {
                    "c": null,
                    "children": [],
                    "content": "In defense of nearest-neighbor based image classication. In Proceedings of the Conference on Computer Vision and Pattern Recognition, pages 1\u20138, 2008. 2",
                    "embedding": null,
                    "h": null,
                    "parent": {
                        "py/id": 98
                    },
                    "py/object": "tree.TextTree"
                },
                {
                    "c": null,
                    "children": [],
                    "content": "Figure 6. Examples of a section for the control and malignant lines.",
                    "embedding": null,
                    "h": null,
                    "parent": {
                        "py/id": 98
                    },
                    "py/object": "tree.TextTree"
                }
            ],
            "content": "2. KIRC Dataset. The KIRC dataset contains 3 classes: Tumor, Normal, and Stromal, which were curated from whole slide images (WSI) scanned with a 40X objective (0.252 micron/pixel). Examples can be found in Figure 4. The number of images per category are 568, 796 and 784, respectively. Most images are 1000 \u00d7 1000 pixels. In this experiment, we trained on 70, 140 and 280 images per category and tested on the rest, using three different dictionary sizes: 256, 512 and 1024. Detailed comparisons are shown in Table 2.",
            "embedding": null,
            "h": null,
            "parent": {
                "py/id": 0
            },
            "py/object": "tree.TextTree"
        },
        {
            "c": null,
            "children": [
                {
                    "c": null,
                    "children": [],
                    "content": "In this paper, we proposed a multi-layer PSD framework for classication of distinct regions of tumor histopathology, which outperforms traditional methods that are typically based on pixelor patch-level features. Our analysis indicates that the proposed approach is (i) extensible to different tumor types; (ii) robust in the presence of large amounts of technical variations and biological heterogeneities; (iii) scalable with varying training sample sizes; and (iv) extensible to 3D cell culture models. Future research will focus on further validation of our approach on other tumor types and further discrimination of phenotypic responses in multicellular systems.",
                    "embedding": null,
                    "h": null,
                    "parent": {
                        "py/id": 118
                    },
                    "py/object": "tree.TextTree"
                }
            ],
            "content": "5. Conclusion and Future Work",
            "embedding": null,
            "h": null,
            "parent": {
                "py/id": 0
            },
            "py/object": "tree.TextTree"
        },
        {
            "c": null,
            "children": [
                {
                    "c": null,
                    "children": [],
                    "content": "This document was prepared as an account of work sponsored by the United States Government. While this document is believed to contain correct information, neither the United States Government nor any agency thereof, nor the Regents of the University of California, nor any of their employees, makes any warranty, express or implied, or assumes any legal responsibility for the accuracy, completeness, or usefulness of any information, apparatus, product, or process disclosed, or represents that its use would not infringe privately owned rights. Reference herein to any specic commercial product, process, or service by its trade name, trademark, manufacturer, or otherwise, does not necessarily constitute or imply its endorsement, recommendation, or favoring by the United States Government or any agency thereof, or the Regents of the University of California. The views and opinions of authors expressed herein do not necessarily state or re\ufb02ect those of the United States Government or any agency thereof or the Regents of the University of California.",
                    "embedding": null,
                    "h": null,
                    "parent": {
                        "py/id": 122
                    },
                    "py/object": "tree.TextTree"
                },
                {
                    "c": null,
                    "children": [],
                    "content": "Image denoising via sparse and redundant representations over learned dictionaries. IEEE Transactions on Image Processing, 15(12):3736\u20133745, Dec. 2006. 2",
                    "embedding": null,
                    "h": null,
                    "parent": {
                        "py/id": 122
                    },
                    "py/object": "tree.TextTree"
                }
            ],
            "content": "6. Disclaimer",
            "embedding": null,
            "h": null,
            "parent": {
                "py/id": 0
            },
            "py/object": "tree.TextTree"
        }
    ],
    "content": "Stacked Predictive Sparse Coding for Classication of Distinct Regions in Tumor",
    "embedding": null,
    "h": null,
    "parent": null,
    "py/object": "tree.TextTree"
}