{
    "c": null,
    "children": [
        {
            "c": null,
            "children": [
                {
                    "c": null,
                    "children": [],
                    "content": "Unsupervised feature learning algorithms based on convolutional formulations of independent components analysis (ICA) have been demonstrated to yield state-of-the-art results in several action recognition benchmarks. However, existing approaches do not allow for the number of latent components (features) to be automatically inferred from the data in an unsupervised manner. This is a signicant disadvantage of the state-of-the-art, as it results in considerable burden imposed on researchers and practitioners, who must resort to tedious cross-validation procedures to obtain the optimal number of latent features. To resolve these issues, in this paper we introduce a convolutional nonparametric Bayesian sparse ICA architecture for overcomplete feature learning from high-dimensional data. Our method utilizes an Indian buffet process prior to facilitate inference of the appropriate number of latent features under a hybrid variational inference algorithm, scalable to massive datasets. As we show, our model can be naturally used to obtain deep unsupervised hierarchical feature extractors, by greedily stacking successive model layers, similar to existing approaches. In addition, inference for this model is completely heuristics-free; thus, it obviates the need of tedious parameter tuning, which is a major challenge most deep learning approaches are faced with. We evaluate our method on several action recognition benchmarks, and exhibit its advantages over the state-of-the-art.",
                    "embedding": null,
                    "h": null,
                    "parent": {
                        "py/id": 2
                    },
                    "py/object": "tree.TextTree"
                }
            ],
            "content": "Abstract",
            "embedding": null,
            "h": null,
            "parent": {
                "py/id": 0
            },
            "py/object": "tree.TextTree"
        },
        {
            "c": null,
            "children": [
                {
                    "c": null,
                    "children": [],
                    "content": "Unsupervised feature learning from high-dimensional data using deep sparse feature extractors has been shown to yield state-of-the-art performance in a number of benchmark datasets. The major advantage of these approaches consists in the fact that they alleviate the need of manually tuning feature design each time we consider a different sensor modality, contrary to conventional approaches, suchas optical \ufb02ow-based ones (e.g., HOG3D [15], HOG/HOF [35]), methods maximizing saliency functions in the spatiotemporal domain (e.g., Cuboid [5] and ESURF [37]), methods based on dense trajectory sampling (e.g., [34] and [36]), and methods based on hierarchical template matching after Gabor ltering and max pooling (e.g., [11]).",
                    "embedding": null,
                    "h": null,
                    "parent": {
                        "py/id": 6
                    },
                    "py/object": "tree.TextTree"
                },
                {
                    "c": null,
                    "children": [],
                    "content": "Indeed, unsupervised feature extractors are highly generalizable, being capable of seamlessly learning effective feature representations from observed data, irrespectively of the data nature and/or origin. Due to this fact, there is a growing interest in such methods from the computer vision and machine learning communities, with characteristic approaches including sparse coding (SC) [19, 28], deep belief networks (DBNs) [9], stacked autoencoders (SAEs) [1], and methods based on independent component analysis (ICA) and its variants (e.g., ISA [18] and RICA [17]).",
                    "embedding": null,
                    "h": null,
                    "parent": {
                        "py/id": 6
                    },
                    "py/object": "tree.TextTree"
                },
                {
                    "c": null,
                    "children": [],
                    "content": "In this work, we focus on unsupervised feature extractors based on stacked convolutional ICA architectures, with application to action recognition in video sequences. Our interest in these methods is motivated by both experimental results, where such approaches have been shown to yield state-of-the-art performance, as well as results from neuroscience, where it has been shown that these algorithms can learn receptive elds similar to the V1 area of visual cortex when applied to static images and the MT area of visual cortex when applied to sequences of images [10, 31, 26].",
                    "embedding": null,
                    "h": null,
                    "parent": {
                        "py/id": 6
                    },
                    "py/object": "tree.TextTree"
                },
                {
                    "c": null,
                    "children": [],
                    "content": "A major drawback of existing deep learning architectures for feature extraction concerns the requirement of a priori provision of the number of extracted latent features [20, 27, 14, 7, 18]. This need imposes considerable burden to researchers and practitioners, as it entails training multiple alternative model congurations to choose from, and application of cross-validation to determine optimal model conguration for the applications at hand. Therefore, enabling automatic data-driven determination of the most appropriate number of latent features would represent a significant leap forward in the eld of deep unsupervised feature extraction approaches.",
                    "embedding": null,
                    "h": null,
                    "parent": {
                        "py/id": 6
                    },
                    "py/object": "tree.TextTree"
                },
                {
                    "c": null,
                    "children": [],
                    "content": "To address these issues, in this paper we initially introduce a nonparametric Bayesian sparse formulation of ICA. Our model imposes an Indian buffet process (IBP) [8, 23] prior over the learned latent feature matrix parameters, that naturally promotes sparsity, and allows for automatically inferring the optimal number of latent features. We underline that the IBP prior is designed under the assumption of innite-dimensional latent feature representations, thus being capable of naturally handling extraction of overcomplete representations if the data requires it, without suffering from degeneracies [6]1. We dub the so-obtained model as IBP-ICA.",
                    "embedding": null,
                    "h": null,
                    "parent": {
                        "py/id": 6
                    },
                    "py/object": "tree.TextTree"
                },
                {
                    "c": null,
                    "children": [],
                    "content": "We devise an efcient inference algorithm for our model under a hybrid variational inference paradigm, similar to [24]. In contrast to traditional variational inference algorithms, which require imposition of truncation thresholds for the model or the variational distribution over the extracted features [13], our method adapts model complexity on the \ufb02y. In addition, variational inference scales much better to massive datasets compared to Markov chain Monte Carlo (MCMC) approaches [2, Chapter 10], which do not easily scale, unless one resorts to expensive parallel hardware.",
                    "embedding": null,
                    "h": null,
                    "parent": {
                        "py/id": 6
                    },
                    "py/object": "tree.TextTree"
                },
                {
                    "c": null,
                    "children": [],
                    "content": "Finally, we apply our IBP-ICA model to the problem of action recognition in video sequences. For this purpose, we present a stacked convolutional architecture for unsupervised feature extraction from data with spatiotemporal dynamics, utilizing IBP-ICA models as its building blocks. Our convolutional architecture, hereafter referred to as stacked convolutional IBP-ICA (SC-IBP-ICA) networks, is inspired from related work on convolutional neural networks, e.g. the 3D-CNN method [12], and is based on the approach followed by existing convolutional extensions of unsupervised feature extractors, e.g. convGRBM [30] and ISA [18]. Specically, similar to [30, 18], our convolutional architecture comprises training one unsupervised feature extractor (in our case, one IBP-ICA model) on small spatiotemporal patches extracted from sequences of video frames, and subsequently convolving this model with a larger region of the video frames. Eventually, we combine the responses of the convolution step into a single feature vector, which is further processed by a pooling sublayer, to allow for translational invariance. The so-obtained feature vectors may be further presented to a similar subsequent processing layer, thus eventually obtaining a deep learning architecture.",
                    "embedding": null,
                    "h": null,
                    "parent": {
                        "py/id": 6
                    },
                    "py/object": "tree.TextTree"
                },
                {
                    "c": null,
                    "children": [],
                    "content": "Our stacked model is greedily trained in a layerwise manner, similar to a large number of alternative approachesproposed in the deep learning literature [9, 20, 1]. Our hybrid variational inference algorithm for this model is completely heuristic parameter-free, thus obviating the need of parameter tuning, which is a major challenge most deep unsupervised feature extractors are faced with.",
                    "embedding": null,
                    "h": null,
                    "parent": {
                        "py/id": 6
                    },
                    "py/object": "tree.TextTree"
                },
                {
                    "c": null,
                    "children": [],
                    "content": "The remainder of this paper is organized as follows: In Section 2, we brie\ufb02y review existing ICA formulations for unsupervised feature extraction. In Section 3, we present our proposed method, and elaborate on its inference and feature generation algorithms. In Section 4, we experimentally demonstrate the advantages of the proposed approach: we apply it to the Hollywood2, YouTube, and KTH action recognition benchmarks. Finally, in the last section we summarize our results and conclude this paper.",
                    "embedding": null,
                    "h": null,
                    "parent": {
                        "py/id": 6
                    },
                    "py/object": "tree.TextTree"
                }
            ],
            "content": "1. Introduction",
            "embedding": null,
            "h": null,
            "parent": {
                "py/id": 0
            },
            "py/object": "tree.TextTree"
        },
        {
            "c": null,
            "children": [
                {
                    "c": null,
                    "children": [],
                    "content": "In this section, we provide an overview of existing ICAbased feature extractors, which are relevant to our approach. Let us denote as {xn}N n=1 a random sample of size N comprising D-dimensional observations. ICA, in its simplest form, models the observed variables xn, n = 1, ..., N, aswhere yn is a K-dimensional vector of latent variables (latent features), G is a D \u00d7 K matrix of factor loadings (latent feature matrix), and en is the model error pertaining to modeling of xn. ICA assumes that (x1, y1), (x2, y2), ..., (xN , yN ) are independent, identically distributed (i.i.d). Further, the key characteristic of ICA that sets it apart from related approaches is the additional assumption that the distinct components (features) comprising the feature vectors yn = [ynk]K k=1 are also i.i.d. For example, we may consider a simple J -component mixture of Gaussians (MoG) prior, i.e.with a Dirichlet prior imposed over the weight vectors \u031fk = [\u031fkj]Jand a Gamma prior imposed over the inverse variances s\u22121 kj",
                    "embedding": null,
                    "h": null,
                    "parent": {
                        "py/id": 26
                    },
                    "py/object": "tree.TextTree"
                },
                {
                    "c": null,
                    "children": [],
                    "content": "Finally, model error is usually considered to follow an isotropic Gaussian distribution, reading",
                    "embedding": null,
                    "h": null,
                    "parent": {
                        "py/id": 26
                    },
                    "py/object": "tree.TextTree"
                },
                {
                    "c": null,
                    "children": [],
                    "content": "Along these lines, several researchers have also considered more complex assumptions regarding the model likelihood expression. For instance, a nonlinear likelihood assumption has been adopted in [18], yielding xn \u2248 \u03c3(Gyn),where \u03c3 is some nonlinear function (e.g., quadratic). Eventually, the training algorithm of the model reduces to a minimization problem that takes the formwhere the form of the function h(\u00b7) follows from the form of the postulated likelihood and prior assumptions, and G:,k is the kth column of G. Usually, the minimization problem (6) is solved under the additional orthonormality constraint",
                    "embedding": null,
                    "h": null,
                    "parent": {
                        "py/id": 26
                    },
                    "py/object": "tree.TextTree"
                },
                {
                    "c": null,
                    "children": [],
                    "content": "This constraint is imposed so as to ensure non-degeneracy, i.e., to prevent the bases in the factor loadings matrix G from becoming degenerate. However, it is effective only in cases of undercomplete or complete representations, i.e., the number of latent features does not exceed the number of observed features (K \u2264 D) [17].",
                    "embedding": null,
                    "h": null,
                    "parent": {
                        "py/id": 26
                    },
                    "py/object": "tree.TextTree"
                },
                {
                    "c": null,
                    "children": [],
                    "content": "As we discussed in Section 1, the capacity of extracting overcomplete latent feature representations is a signicant merit for unsupervised feature learning algorithms. As such, it is important that ICA can be effectively employed when postulating K > D. A computationally efcient method that resolves this issue was proposed in [17]; it consists in replacing the orthonormality constraint (7) with a soft reconstruction cost which measures the difference between the original observations {xn}N n=1 and the reconstructions obtained by a linear autoencoder, where the encoding and decoding weights are tied to the feature matrix G learned by the model. The resulting method, dubbed reconstruction ICA (RICA), yields the minimization problemwhere \u03be is a regularization parameter, and G:,k is the kth column of G.",
                    "embedding": null,
                    "h": null,
                    "parent": {
                        "py/id": 26
                    },
                    "py/object": "tree.TextTree"
                },
                {
                    "c": null,
                    "children": [],
                    "content": "As discussed in [17], under this scheme some bases of G may still degenerate and become zero, because the reconstruction constraint can be satised with only a complete subset of features2. In addition, we note that the imposed reconstruction error constraints suffer from a weak point that has been extensively studied in the autoencoder (AE) literature: specically, the optimal reconstruction criterion of AEs may merely lead to the trivial solution of just copying the input to the output, that yields very low reconstruction error in a given training set combined with extremely poor modeling and generalization performance [33] (performing training using a noise-corrupted version of the original observations is a solution commonly used in AE literature to prevent this from happening [33]).",
                    "embedding": null,
                    "h": null,
                    "parent": {
                        "py/id": 26
                    },
                    "py/object": "tree.TextTree"
                }
            ],
            "content": "2. ICA-based feature extractors",
            "embedding": null,
            "h": null,
            "parent": {
                "py/id": 0
            },
            "py/object": "tree.TextTree"
        },
        {
            "c": null,
            "children": [
                {
                    "c": null,
                    "children": [],
                    "content": "Let us consider a set of D-dimensional observations {xn}N n=1. We model this dataset using ICA, adopting the conventional assumptions (1) (5). However, in contrast to the conventional model formulation, we specically want to examine the case where the dimensionality K of the latent feature vectors yn tends to innity, K \u2192 \u221e. In other words, we seek to obtain a nonparametric formulation for our model.",
                    "embedding": null,
                    "h": null,
                    "parent": {
                        "py/id": 40
                    },
                    "py/object": "tree.TextTree"
                },
                {
                    "c": null,
                    "children": [],
                    "content": "Under such an assumption, and imposing an appropriate prior distribution over the latent feature matrix G, we can obtain an inference algorithm that allows for automatic determination of the most appropriate number of latent features to model our data, and performs inference over only this nite set [23]. For this purpose, we impose a spike-andslab prior over the components of the latent feature matrix G:p(gdk|zdk; \u03bbk) = zdkN (gdk|0, \u03bb\u22121k ) + (1 \u2212 zdk)\u03b40(gdk) (8) where \u03bbk is the precision parameter of the (Gaussian) prior distribution of the kth base in G, \u03b40(\u00b7) is a spike distribution with all its mass concentrated at zero (delta function), and the discrete latent variables zdk indicate latent feature activity, being equal to one if the kth latent feature contributes to generation of the dth observed dimension (i.e., the latent feature is active), zero otherwise. Note that a similar prior has been previously adopted in the related, factor analysis (FA)-based latent feature model of [16]. The key difference between FAand ICA-based models is that in FA the prior over the latent feature vectors is a spherical Gaussian; in contrast, in ICA we impose independent priors over each latent feature taking the form of a more complex distribution (a Gaussian mixture in our work, see Eqs. (2)-(4)).",
                    "embedding": null,
                    "h": null,
                    "parent": {
                        "py/id": 40
                    },
                    "py/object": "tree.TextTree"
                },
                {
                    "c": null,
                    "children": [],
                    "content": "Spike-and-slab priors [25] are commonly used to introduce sparsity in the modeling procedure; combined with a nonparametric prior over the matrix of discrete latent variables Z = [zdk]d,k, they also allow for dening a generative process for the number of latent factors under a sparse modeling scheme. To this end, we utilize the IBP prior [8]; specically, we adopt the stick-breaking construction of IBP [6]. This is another key difference between our model formulation and the method of [16]; the major advantage of using the stick-breaking construction consists in allowing for obtaining a variational inference algorithm, which is much more scalable to massive data compared to MCMC [6] (used in [16]). We have:and the prior over the stick-variables vi is dened as",
                    "embedding": null,
                    "h": null,
                    "parent": {
                        "py/id": 40
                    },
                    "py/object": "tree.TextTree"
                },
                {
                    "c": null,
                    "children": [],
                    "content": "In (11), \u03b1 is called the innovation hyperparameter, and controls the tendency of the process to discover new latent features. We impose a Gamma hyperprior over it, yielding",
                    "embedding": null,
                    "h": null,
                    "parent": {
                        "py/id": 40
                    },
                    "py/object": "tree.TextTree"
                },
                {
                    "c": null,
                    "children": [],
                    "content": "Finally, we impose a Gamma prior over the precision parameters \u03bbk, which readsas well as a Gamma prior over the noise precision parameter \u03c6",
                    "embedding": null,
                    "h": null,
                    "parent": {
                        "py/id": 40
                    },
                    "py/object": "tree.TextTree"
                },
                {
                    "c": null,
                    "children": [],
                    "content": "This concludes the denition of our IBP-ICA model.",
                    "embedding": null,
                    "h": null,
                    "parent": {
                        "py/id": 40
                    },
                    "py/object": "tree.TextTree"
                },
                {
                    "c": null,
                    "children": [],
                    "content": "The formulation of our model using the stick-breaking construction of IBP allows for performing inference by means of an efcient hybrid variational algorithm, inspired from [24]. Our approach combines: (i) mean-eld variational inference [13] for the model parameters and latent variables, similar to existing models utilizing the stick-breaking construction of the IBP, e.g. [6]; and (ii) a local MetropolisHastings (MH) step to sample from the distribution over the number of (active) latent features pertaining to each dimension of the observed data, inspired from [23].",
                    "embedding": null,
                    "h": null,
                    "parent": {
                        "py/id": 40
                    },
                    "py/object": "tree.TextTree"
                },
                {
                    "c": null,
                    "children": [],
                    "content": "Let us denote as q(\u00b7) the obtained variational posteriors. Following [23], the proposed number of new features K \u2217 d to be added to the number of active features Kd pertaining to the dth input dimension is sampled from the Poisson proposal distribution:",
                    "embedding": null,
                    "h": null,
                    "parent": {
                        "py/id": 40
                    },
                    "py/object": "tree.TextTree"
                },
                {
                    "c": null,
                    "children": [],
                    "content": "This proposal is accepted with probabilityd ) = Poisson(cid:18)K \u2217 d(cid:12)(cid:12) \u03b8d(cid:27)the 1\u00d7 K \u2217 their prior (8), andd,: in (18) and (19) are sampled from",
                    "embedding": null,
                    "h": null,
                    "parent": {
                        "py/id": 40
                    },
                    "py/object": "tree.TextTree"
                },
                {
                    "c": null,
                    "children": [],
                    "content": "Having updated the number of latent features, our inference algorithm proceeds to obtain the variational posteriors over the latent feature activity indicator variables zdk. This is performed by maximization of the variational free energy of the model over q(zdk = 1), yieldingq(gdk) =q(zdk = 1)N (gdk|\u02dc\u00b5dk, \u02dc\u03bb\u22121 dk ) + (1 \u2212 q(zdk = 1)) \u03b40(gdk)",
                    "embedding": null,
                    "h": null,
                    "parent": {
                        "py/id": 40
                    },
                    "py/object": "tree.TextTree"
                },
                {
                    "c": null,
                    "children": [],
                    "content": "Similarly, the posterior over the learned latent featuresq(ynk) = N (ynk| \u02dcmnk, \u02dcsnk)",
                    "embedding": null,
                    "h": null,
                    "parent": {
                        "py/id": 40
                    },
                    "py/object": "tree.TextTree"
                }
            ],
            "content": "3. Proposed Approach",
            "embedding": null,
            "h": null,
            "parent": {
                "py/id": 0
            },
            "py/object": "tree.TextTree"
        },
        {
            "c": null,
            "children": [],
            "content": "1. Select the number of source model components J , as well as the hyperparameters of the imposed model priors: a, b, \u03b31, \u03b32, c, f , \u03b71, \u03b72, and \u03bekj, \u2200k, j.",
            "embedding": null,
            "h": null,
            "parent": {
                "py/id": 0
            },
            "py/object": "tree.TextTree"
        },
        {
            "c": null,
            "children": [
                {
                    "c": null,
                    "children": [
                        {
                            "c": null,
                            "children": [],
                            "content": "Let us now turn to the problem of action recognition in video sequences. Since videos are sequences of images (frames), to address this task using our model we simply extract the component frames of the video sequences at hand and \ufb02atten them into a vector, which is eventually presented to our model as the observed input. However, a problem with this model setup is the resulting extremely high dimensionality of the input observations, which induces an excessive increase to the number of inferred model parameters,ing the expressions given in the Appendix.",
                            "embedding": null,
                            "h": null,
                            "parent": {
                                "py/id": 68
                            },
                            "py/object": "tree.TextTree"
                        },
                        {
                            "c": null,
                            "children": [],
                            "content": "Figure 1. The proposed SC-IBP-ICA architecture. It is trained by using some randomly selected video patches, from each of which we extract an input vector x. Pooling is performed between the rst and the second layer over small neighborhoods comprising p adjacent rst layer units. The outputs of the rst layer are presented as inputs to the second layer (after whitening).and, hence, the computational complexity of the inference algorithm of our model.",
                            "embedding": null,
                            "h": null,
                            "parent": {
                                "py/id": 68
                            },
                            "py/object": "tree.TextTree"
                        },
                        {
                            "c": null,
                            "children": [],
                            "content": "To alleviate this computational burden, we opt for resorting to a stacked convolutional IBP-ICA network architecture, inspired from local receptive eld networks (e.g., [18, 20]). Specically, instead of processing the whole video frames using a single IBP-ICA model, we use multiple convolved copies of an IBP-ICA model to process smaller (overlapping) patches of the video frame sequences.",
                            "embedding": null,
                            "h": null,
                            "parent": {
                                "py/id": 68
                            },
                            "py/object": "tree.TextTree"
                        },
                        {
                            "c": null,
                            "children": [],
                            "content": "This way, we manage to dramatically reduce the number of inferred model parameters, and, hence, the imposed computational complexity. The output feature vectors of the postulated component IBP-ICA models are further processed by a pooling sublayer, similar to conventional convolutional neural network architectures. The introduction of pooling into our convolutional IBP-ICA network endows it with the merit of translational invariance, which is a desideratum in the context of action recognition applications in video sequences. Finally, we stack multiple layers of our convolutional IBP-ICA network to obtain a deep learning architecture. Our deep architecture allows for capturing features that correspond to both lower and higher level analysis of the spatiotemporal dynamics in the observed data; this way, it extracts much richer information to train a classier with, compared to shallow models [1] .",
                            "embedding": null,
                            "h": null,
                            "parent": {
                                "py/id": 68
                            },
                            "py/object": "tree.TextTree"
                        },
                        {
                            "c": null,
                            "children": [],
                            "content": "Training of our proposed SC-IBP-ICA network proceeds as follows: Initially, we train an IBP-ICA model on small video patches. Subsequently, we build a convolutional network of IBP-ICA models, by replicating and applying copies of the learned IBP-CA model to different overlapping patches of the input video frame sequences (with an additional pooling sublayer on top). Finally, we feed the output of our convolutional IBP-ICA network to a similarly trained subsequent convolutional IBP-ICA network, thus creating a deep learning architecture through stacking3. As a nal note, we underline that training of a whole SC-IBPICA network is performed in a greedy layerwise manner, similar to many existing convolutional deep learning architectures (e.g., [20]).",
                            "embedding": null,
                            "h": null,
                            "parent": {
                                "py/id": 68
                            },
                            "py/object": "tree.TextTree"
                        },
                        {
                            "c": null,
                            "children": [],
                            "content": "A graphical illustration of the proposed SC-IBP-ICAnetwork and its training procedures is provided in Fig. 1.",
                            "embedding": null,
                            "h": null,
                            "parent": {
                                "py/id": 68
                            },
                            "py/object": "tree.TextTree"
                        }
                    ],
                    "content": "3.2. Stacked Convolutional IBP(cid:173)ICA Networks",
                    "embedding": null,
                    "h": null,
                    "parent": {
                        "py/id": 66
                    },
                    "py/object": "tree.TextTree"
                },
                {
                    "c": null,
                    "children": [
                        {
                            "c": null,
                            "children": [],
                            "content": "Given a learned SC-IBP-ICA network, feature generation from observed video frame sequences is performed similar to conventional deep convolutional networks, by means of feedforward computation. Specically, based on the expression of the variational posterior q(ynk) derived in Eq. (28), to perform feature generation we feedforward the input vectors xn by application of Eq. (30), using the already obtained values of Eq(\u03c6)[\u03c6], Eq(G)[GT :,kG:,k], and Eq(G)[GT :,k]. Note that, from the simple feedforward computation form of Eq. (30), it directly follows that using our method to generate features is extremely fast, with costs identical to existing state-of-the-art approaches, e.g. [18].",
                            "embedding": null,
                            "h": null,
                            "parent": {
                                "py/id": 82
                            },
                            "py/object": "tree.TextTree"
                        }
                    ],
                    "content": "3.3. Feature Generation Using SC(cid:173)IBP(cid:173)ICA",
                    "embedding": null,
                    "h": null,
                    "parent": {
                        "py/id": 66
                    },
                    "py/object": "tree.TextTree"
                }
            ],
            "content": "2. For M AXIT ER iterations or until convergence of the",
            "embedding": null,
            "h": null,
            "parent": {
                "py/id": 0
            },
            "py/object": "tree.TextTree"
        },
        {
            "c": null,
            "children": [
                {
                    "c": null,
                    "children": [],
                    "content": "In this section, we experimentally investigate how SCIBP-ICA compares to the current state-of-the-art in acwhitened using PCA, exactly as described in [18, 17].",
                    "embedding": null,
                    "h": null,
                    "parent": {
                        "py/id": 86
                    },
                    "py/object": "tree.TextTree"
                },
                {
                    "c": null,
                    "children": [],
                    "content": "Table 1. Mean average precision on the Hollywood2 dataset. Average Precision",
                    "embedding": null,
                    "h": null,
                    "parent": {
                        "py/id": 86
                    },
                    "py/object": "tree.TextTree"
                },
                {
                    "c": null,
                    "children": [],
                    "content": "SC-IBP-ICA (1 layer) SC-IBP-ICA (2 layers)",
                    "embedding": null,
                    "h": null,
                    "parent": {
                        "py/id": 86
                    },
                    "py/object": "tree.TextTree"
                },
                {
                    "c": null,
                    "children": [],
                    "content": "Table 2. Average accuracy on the YouTube dataset.",
                    "embedding": null,
                    "h": null,
                    "parent": {
                        "py/id": 86
                    },
                    "py/object": "tree.TextTree"
                },
                {
                    "c": null,
                    "children": [],
                    "content": "SC-IBP-ICA (1 layer) SC-IBP-ICA (2 layers)",
                    "embedding": null,
                    "h": null,
                    "parent": {
                        "py/id": 86
                    },
                    "py/object": "tree.TextTree"
                },
                {
                    "c": null,
                    "children": [],
                    "content": "Table 3. Average accuracy on the KTH dataset. Accuracy",
                    "embedding": null,
                    "h": null,
                    "parent": {
                        "py/id": 86
                    },
                    "py/object": "tree.TextTree"
                },
                {
                    "c": null,
                    "children": [],
                    "content": "Hessian + ESURF [36] Cuboids + HOG3D [36]",
                    "embedding": null,
                    "h": null,
                    "parent": {
                        "py/id": 86
                    },
                    "py/object": "tree.TextTree"
                },
                {
                    "c": null,
                    "children": [],
                    "content": "SC-IBP-ICA (1 layer) SC-IBP-ICA (2 layers)",
                    "embedding": null,
                    "h": null,
                    "parent": {
                        "py/id": 86
                    },
                    "py/object": "tree.TextTree"
                },
                {
                    "c": null,
                    "children": [],
                    "content": "Table 4. Average feature extraction time in our experiments (Hollywood2 dataset).",
                    "embedding": null,
                    "h": null,
                    "parent": {
                        "py/id": 86
                    },
                    "py/object": "tree.TextTree"
                },
                {
                    "c": null,
                    "children": [],
                    "content": "ISA [18] (1 layer) ISA [18] (2 layers)",
                    "embedding": null,
                    "h": null,
                    "parent": {
                        "py/id": 86
                    },
                    "py/object": "tree.TextTree"
                },
                {
                    "c": null,
                    "children": [],
                    "content": "SC-IBP-ICA (1 layer) SC-IBP-ICA (2 layers)tion recognition. To perform our experimental investigations, we use three publicly available action recognition benchmarks, namely Hollywood2 [22], KTH actions, and YouTube actions [21]. Our experimental setup is the same as in [18, 17], adopting exacty the same data preprocessing/postprocessing steps. After extracting local features by means of SC-IBP-ICA, we subsequently perform vector quantization of the obtained feature vectors using K-means. Finally, we use these discretized feature vectors to train an",
                    "embedding": null,
                    "h": null,
                    "parent": {
                        "py/id": 86
                    },
                    "py/object": "tree.TextTree"
                },
                {
                    "c": null,
                    "children": [],
                    "content": "SVM classier [32] employing a \u03c72 kernel.",
                    "embedding": null,
                    "h": null,
                    "parent": {
                        "py/id": 86
                    },
                    "py/object": "tree.TextTree"
                },
                {
                    "c": null,
                    "children": [],
                    "content": "We adopt the same dataset splits and evaluation metrics as in [36, 21]. Specically, Hollywood2 human actions dataset contains 823 train and 872 test video clips organized into 12 action classes; each video clip may have more than one action label. We utilize the produced feature vectors to train 12 binary SVM classiers, one for each action. We use the nal average precision (AP) metric for our evaluations, computed as the average of AP for each classier run on the test set. Youtube actions dataset contains 1600 video clips organized into 11 action classes. These video clips have been split into 25 folds which we use to perform 25-fold cross-validation. Note that, from each split, we use only videos indexed 01 to 04, except for the biking and walking classes, where we use the whole datasets. Finally, KTH actions dataset contains 2391 video samples organized into 6 action classes. We split these samples into a test set containing subjects 2, 3, 5, 6, 7, 8, 9, 10, 12, and a training set containing the rest of the subjects. We use the produced feature vectors to train a multi-class SVM.",
                    "embedding": null,
                    "h": null,
                    "parent": {
                        "py/id": 86
                    },
                    "py/object": "tree.TextTree"
                },
                {
                    "c": null,
                    "children": [],
                    "content": "We evaluate SC-IBP-ICA architectures comprising one and two layers, to examine how extra layer addition affects model performance. Regarding selection of the size of receptive elds of our model, the rst layer is of size 16\u00d716 (spatial) and 10 (temporal), while the second one is of size 20\u00d720 (spatial) and 14 (temporal), similar to [18, 36]. The size of the output of the pooling layers is identical to the size of the output of the IBP-ICA models that feed it, i.e. the number of latent features our method discovers. Training is performed on 200,000 video blocks, randomly sampled from the training set of each dataset. We perform dense sampling with 50% overlap in all dimensions. In cases of 2-layer architectures, we train the used SVM classiers by combining the features generated from both layers. This setup retains more representative features compared to using only the features from the top layer, corresponding to a coarse-to-ne analysis of the observations [20].",
                    "embedding": null,
                    "h": null,
                    "parent": {
                        "py/id": 86
                    },
                    "py/object": "tree.TextTree"
                },
                {
                    "c": null,
                    "children": [],
                    "content": "Our obtained results are provided in Tables 1-3. Note that the performances of the competing methods reported therein have been cited from [18] and [17]. The reported results of ISA were obtained with 300 latent features on the rst layer, and 200 latent features on the second layer (these have been heuristically found to yield the best performance among a large set of evaluated alternatives).",
                    "embedding": null,
                    "h": null,
                    "parent": {
                        "py/id": 86
                    },
                    "py/object": "tree.TextTree"
                },
                {
                    "c": null,
                    "children": [],
                    "content": "In Tables 1-3, we also provide the number of latent features automatically discovered by our method (in parentheses, beside the accuracy gures). Note that the reported performance results and the corresponding numbers of discovered latent features pertaining to the YouTube dataset, illustrated in Table 2, are means over the 25 splits of the dataset into training and test sets (folds) provided by its creators. We observe that our method obtains performance similar to the state-of-the-art, while also allowing for automatic inference of the appropriate number of generated features. We also observe that addition of a second layer is auspicious in all cases, corroborating similar ndings in the literature.",
                    "embedding": null,
                    "h": null,
                    "parent": {
                        "py/id": 86
                    },
                    "py/object": "tree.TextTree"
                },
                {
                    "c": null,
                    "children": [],
                    "content": "In Table 4, we depict the computational costs of our approach regarding feature extraction from the Hollywood2 (test) dataset (run as a single thread)4. It is clear that feature generation using our method takes time similar to existing ICA-based approaches, namely the ISA method presented in [18], as theoretically expected (the small computational advantage of our method is presumably due to the lower number of latent features compared to [18]).",
                    "embedding": null,
                    "h": null,
                    "parent": {
                        "py/id": 86
                    },
                    "py/object": "tree.TextTree"
                },
                {
                    "c": null,
                    "children": [],
                    "content": "Further, we examine model generalization performance under a transfer learning setting: In real-world settings, a feature extraction system pre-trained on samples from a set of video sequences will be expected to perform well on any previously unseen input video sequence, with no samples of it included in its training set. To perform this kind of evaluations, we train our SC-IBP-ICA network on video blocks randomly sampled from the KTH dataset, and evaluate its performance on the Hollywood2 dataset. Under this setup, our method yields a mean average precision equal to 51.9%. Compare this result to the performance obtained by ISA [18] under the same experimental setup, which yields a mean average precision equal to 50.8%.",
                    "embedding": null,
                    "h": null,
                    "parent": {
                        "py/id": 86
                    },
                    "py/object": "tree.TextTree"
                },
                {
                    "c": null,
                    "children": [],
                    "content": "Finally, an interesting question concerns how IBP-ICA model performance changes in case we use cross-validation to perform model selection instead of sampling from the related posteriors over the number of features [Eqs. (15)(22)]. To investigate this, we repeat our experiments using the Hollywood2 dataset in the following way: We perform model training without sampling the number of features, which is considered a given constant. We repeat this experiment multiple times, with different numbers of features each time; we try congurations comprising 250-350 features on the rst layer, and 150-250 features on the second layer, with a step of 5 features between consecutive evaluated models. Model selection is performed on the grounds of the accuracy obtained in the available test set.",
                    "embedding": null,
                    "h": null,
                    "parent": {
                        "py/id": 86
                    },
                    "py/object": "tree.TextTree"
                },
                {
                    "c": null,
                    "children": [],
                    "content": "Our ndings are illustrated in Table 5; as we observe, cross-validation yields a slightly better model performance than our fully-\ufb02edged nonparametric Bayesian approach. However, these mediocre gains come at the price of significant computational costs: Specically, the computational gain from skipping the updates of the posterior over the number of latent features constitutes only a meager 16.2% of the total training time. On the other hand, the aforementioned cross-validation procedure required evaluating 40 different model congurations, i.e. repeating model training 40 times. Therefore, model selection by means of our nonparametric Bayesian approach offers an overwhelmingly favorable complexity/accuracy trade-off compared towith 64GB RAM. Our source codes were written in MATLAB R2014a.",
                    "embedding": null,
                    "h": null,
                    "parent": {
                        "py/id": 86
                    },
                    "py/object": "tree.TextTree"
                },
                {
                    "c": null,
                    "children": [],
                    "content": "Table 5. Mean average precision on the Hollywood2 dataset by application of cross-validation.",
                    "embedding": null,
                    "h": null,
                    "parent": {
                        "py/id": 86
                    },
                    "py/object": "tree.TextTree"
                },
                {
                    "c": null,
                    "children": [],
                    "content": "SC-IBP-ICA (1 layer) SC-IBP-ICA (2 layers)",
                    "embedding": null,
                    "h": null,
                    "parent": {
                        "py/id": 86
                    },
                    "py/object": "tree.TextTree"
                },
                {
                    "c": null,
                    "children": [],
                    "content": "In the same vein, another interesting question concerns comparison of the proposed hybrid variational inference algorithm of our model with the straightforward alternative of Markov chain Monte-Carlo (MCMC) inference. To examine this aspect, we rerun our experiments by properly adapting the MCMC algorithm outlined in [16] in the context of our model. As we observed, our proposed algorithm requires one order of magnitude less time to converge, for a negligible performance deterioration compared to MCMC.",
                    "embedding": null,
                    "h": null,
                    "parent": {
                        "py/id": 86
                    },
                    "py/object": "tree.TextTree"
                }
            ],
            "content": "4. Experiments",
            "embedding": null,
            "h": null,
            "parent": {
                "py/id": 0
            },
            "py/object": "tree.TextTree"
        },
        {
            "c": null,
            "children": [
                {
                    "c": null,
                    "children": [],
                    "content": "In this paper, we introduced a deep convolutional nonparametric Bayesian approach for unsupervised feature extraction. The main building block of our approach is a nonparametric Bayesian formulation of ICA, dubbed IBP-ICA. Our method imposes a spike-and-slab prior over the factor loadings matrices, driven by an IBP prior over the latent feature activity indicators. This way, it allows for automatic data-driven inference of the most appropriate number of latent features. This is in stark contrast with all existing methods, such as DBNs [9], ICA variants [18, 17], and SAEs [1], where hand-tuning the number of extracted latent features is an essential part of the application of these methods to real-life tasks. It is also substantially different from the related approach of [4], where, instead of the spike-and-slab prior used in this work, a simpler Beta-Bernoulli process prior is employed; this formulation of [4] does not allow for performing feature generation via simple feedforward computation [in the sense of Eq. (30)]. Hence, feature generation in [4] requires much higher computational costs compared to state-of-the-art deep learning approaches and our method. In addition, our approach can model latent feature distributions of arbitrary complexity (approximated via mixtures of Gaussians, Eq. (2)), as opposed to [4] which postulates a simplistic spherical Gaussian prior.",
                    "embedding": null,
                    "h": null,
                    "parent": {
                        "py/id": 134
                    },
                    "py/object": "tree.TextTree"
                },
                {
                    "c": null,
                    "children": [],
                    "content": "We devised an efcient variational inference algorithm for our model. Our method is very easy to train because (batch) variational inference does not need any tweaking with heuristics such learning rates and convergence criteria. In this regard, our method lies on exactly the opposite side of the spectrum compared to conventional approaches based on neural networks: Our method entails no need of selection of training algorithm heuristics, whatsoever, while training neural networks is a tedious procedure requiring a great deal of hand-tuning of several heuristics (e.g., learningrate, weight decay, convergence parameters, inertia).",
                    "embedding": null,
                    "h": null,
                    "parent": {
                        "py/id": 134
                    },
                    "py/object": "tree.TextTree"
                },
                {
                    "c": null,
                    "children": [],
                    "content": "We evaluated our approach using three well-known action recognition benchmarks, adopting a standard video processing pipeline (e.g., [31]). As we showed, our method yields results similar to the state-of-the-art for these benchmarks, while imposing competitive computational costs for feature generation. These results corroborate that nonparametric Bayesian models can offer a viable alternative to existing deep feature extractors, and at the same time mitigate some of the major hurdles deep nets are confronted with, regarding data-driven selection of model size during inference, and learning algorithm parameters ne-tuning.q(zdk = 1), \u02dcfk = f +",
                    "embedding": null,
                    "h": null,
                    "parent": {
                        "py/id": 134
                    },
                    "py/object": "tree.TextTree"
                },
                {
                    "c": null,
                    "children": [],
                    "content": "For the stick-variables vk, we adopt the approximations [6]:",
                    "embedding": null,
                    "h": null,
                    "parent": {
                        "py/id": 134
                    },
                    "py/object": "tree.TextTree"
                },
                {
                    "c": null,
                    "children": [],
                    "content": "Xm=k+1 D \u2212 Xd=1 Xm=k Xm=k D \u2212where we denote K , maxand \u03c8(\u00b7) is the Digamma function. Finally, the innovation hyperparameter yields: q(\u03b1) = G(\u03b1|\u02dc\u03b31, \u02dc\u03b32), where \u02dc\u03b31 =k=1 [\u03c8(\u02dc\u03c4k) \u2212 \u03c8(\u02dc\u03c4k + \u02c6\u03c4k)].layerwise training of deep networks. In Proc. NIPS, 2006.models and the Indian buffet process. In Proc. NIPS, 2006.for deep belief nets. Neu. Comp., 2006.descriptor based on 3d-gradients. 995\u20131004, sep 2008.coding algorithms. In Proc. NIPS, 2007.from videos \u201cin the wild\u201d. In Proc. CVPR, 2009.unsupervised learning using graphics processors. ICML, 2009.nition by dense trajectories. 3176, 2011.",
                    "embedding": null,
                    "h": null,
                    "parent": {
                        "py/id": 134
                    },
                    "py/object": "tree.TextTree"
                }
            ],
            "content": "5. Conclusions",
            "embedding": null,
            "h": null,
            "parent": {
                "py/id": 0
            },
            "py/object": "tree.TextTree"
        }
    ],
    "content": "A Nonparametric Bayesian Approach Toward Stacked Convolutional Independent Component Analysis",
    "embedding": null,
    "h": null,
    "parent": null,
    "py/object": "tree.TextTree"
}