{
    "c": null,
    "children": [
        {
            "c": null,
            "children": [
                {
                    "c": null,
                    "children": [],
                    "content": "We address the problem of describing people based on ne-grained clothing attributes. This is an important problem for many practical applications, such as identifying target suspects or nding missing people based on detailed clothing descriptions in surveillance videos or consumer photos. We approach this problem by rst mining clothing images with ne-grained attribute labels from online shopping stores. A large-scale dataset is built with about one million images and ne-detailed attribute subcategories, such as various shades of color (e.g., watermelon red, rosy red, purplish red), clothing types (e.g., down jacket, denim jacket), and patterns (e.g., thin horizontal stripes, houndstooth). As these images are taken in ideal pose/lighting/background conditions, it is unreliable to directly use them as training data for attribute prediction in the domain of unconstrained images captured, for example, by mobile phones or surveillance cameras. In order to bridge this gap, we propose a novel double-path deep domain adaptation network to model the data from the two domains jointly. Several alignment cost layers placed inbetween the two columns ensure the consistency of the two domain features and the feasibility to predict unseen attribute categories in one of the domains. Finally, to achieve a working system with automatic human body alignment, we trained an enhanced RCNN-based detector to localize human bodies in images. Our extensive experimental evaluation demonstrates the effectiveness of the proposed approach for describing people based on ne-grained clothing attributes.",
                    "embedding": null,
                    "h": null,
                    "parent": {
                        "py/id": 2
                    },
                    "py/object": "tree.TextTree"
                }
            ],
            "content": "Abstract",
            "embedding": null,
            "h": null,
            "parent": {
                "py/id": 0
            },
            "py/object": "tree.TextTree"
        },
        {
            "c": null,
            "children": [
                {
                    "c": null,
                    "children": [],
                    "content": "Describing people in detail is an important task for many applications. For instance, criminal investigation processes often involve searching for suspects based on detailed descriptions provided by eyewitnesses or compiled from images captured by surveillance cameras. The FBI list of na",
                    "embedding": null,
                    "h": null,
                    "parent": {
                        "py/id": 6
                    },
                    "py/object": "tree.TextTree"
                },
                {
                    "c": null,
                    "children": [],
                    "content": "Figure 1. Overview of the proposed approach. We propose a novel deep domain adaptation method to bridge the gap between images crawled from online shopping stores and unconstrained photos. Another unique aspect of our work is the ability to decribe people based on their ne-grained clothing attributes.tionwide wanted bank robbers 1 has clear examples of such ne-grained descriptions, including attributes covering detailed color information (e.g., \u201clight blue\u201d \u201ckhaki\u201d, \u201cburgundy\u201d), a variety of clothing types (e.g., \u2018leather jacket\u201d, \u201cpolo-style shirt\u201d, \u201czip-up windbreaker\u201d) and also detailed clothing patterns (e.g., \u201cnarrow horizontal stripes\u201d, \u201cLA printed text\u201d, \u201ccheckered\u201d).",
                    "embedding": null,
                    "h": null,
                    "parent": {
                        "py/id": 6
                    },
                    "py/object": "tree.TextTree"
                },
                {
                    "c": null,
                    "children": [],
                    "content": "Traditional computer vision methods for describing people, however, have only focused on a small set of coarsegrained attributes. As an example, the recent work of Zhang et al. [46] achieves impressive attribute prediction performance in unconstrained scenarios, but only considers nine human attributes. Existing systems for fashion analysis [3, 45] and people search in surveillance videos [11, 41] also rely on a relatively small set of clothing attributes.",
                    "embedding": null,
                    "h": null,
                    "parent": {
                        "py/id": 6
                    },
                    "py/object": "tree.TextTree"
                },
                {
                    "c": null,
                    "children": [],
                    "content": "Our work addresses the problem of describing people with very ne-grained clothing attributes. In particular, we consider attribute sub-categories that differ in subtle de",
                    "embedding": null,
                    "h": null,
                    "parent": {
                        "py/id": 6
                    },
                    "py/object": "tree.TextTree"
                },
                {
                    "c": null,
                    "children": [],
                    "content": "Shopping DomainDescribing People in Unconstrained PhotosDeep Domain Adaptation Network (DDAN)Fine-Grained Attribute Mining\ftails, including many shades of clothing color (e.g., \u201cApple Green\u201d, \u201dFluorescent Green\u201d, \u201cLight Green\u201d), different types of a particular garment (e.g., \u201cDenim Jacket\u201d, \u201cDown Jacket\u201d), and specic clothing patterns (e.g., \u201cthin horizontal stripes\u201d, \u201cother types of stripes\u201d). As far as we know, this is the rst work to address this problem in a real scenario.",
                    "embedding": null,
                    "h": null,
                    "parent": {
                        "py/id": 6
                    },
                    "py/object": "tree.TextTree"
                },
                {
                    "c": null,
                    "children": [],
                    "content": "Directly tackling this problem is challenging because a large amount of annotated data is required to train such a large number of attribute models. In recent years, largescale datasets such as ImageNet [6] and Labeled Faces in the Wild [21] have been built by leveraging vast amounts of visual data available on the web. However, most of the images obtained from online sources are either unlabelled or weakly labelled, often requiring costly manual annotation. In this work, we draw attention to e-Commerce websites, such as Amazon.com and TMALL.com, which contain structured descriptions of products and can be considered a reliable source of annotation. By leveraging this rich source of data from online shopping stores, we are able to collect a large-scale annotated dataset with around one million images along with ne-detailed attribute sub-categories.",
                    "embedding": null,
                    "h": null,
                    "parent": {
                        "py/id": 6
                    },
                    "py/object": "tree.TextTree"
                },
                {
                    "c": null,
                    "children": [],
                    "content": "Some of the typical images from these online shops are shown in Figure 1. As can be seen, there is a large discrepancy between these samples and the samples from our application domain, i.e., unconstrained photos captured by, for example, surveillance cameras or mobile phones. The online shopping images are often depicted with ideal lighting, standard pose, high resolution, and good quality, whereas these conditions cannot be guaranteed for images captured in the wild. Thus we investigate whether it is possible to perform domain adaptation to bridge the gap between these two domains.",
                    "embedding": null,
                    "h": null,
                    "parent": {
                        "py/id": 6
                    },
                    "py/object": "tree.TextTree"
                },
                {
                    "c": null,
                    "children": [],
                    "content": "We look into the newest weapon of computer vision research \u2013 deep learning approaches, which have been applied very effectively for visual recognition problems e.g., the large scale visual recognition ImageNet challenge [26] [6], and the object classication and detection tasks for PASCAL VOC datasets [13, 44]. Very recently, several works in computer vision have shown that it is generally effective to transfer a deep learning model learned from a large-scale corpus, e.g., ImageNet, to other tasks by using the activation maps of certain layers of Deep Convolutional Neural Networks (e.g., the second fully connected layer, FC2) [38, 20]. The underlying assumption of these methods is that the parameters of the low-level and mid-level network layers can be re-used across domains. As it may not be true for our domain adaptation problem, we aim to learn the domaininvariant hierarchical features directly, while transferring the domain information within intermediate layers. To this end, we design a specic double-path deep convolutional neural network for the domain adaptation problem. Each path receives one domain image as the input and they are connected through several alignment cost layers. These costlayers ensure that (1) the feature learning parameters for the two domains are not too far away and (2) similar labels encode similar high-level features.",
                    "embedding": null,
                    "h": null,
                    "parent": {
                        "py/id": 6
                    },
                    "py/object": "tree.TextTree"
                },
                {
                    "c": null,
                    "children": [],
                    "content": "Our contributions can be summarized as follows: 1. Fine-grained clothing attributes. We target negrained attribute learning on a large-scale setting. Previous works only deal with a relatively small set of coarse-grained person attributes.",
                    "embedding": null,
                    "h": null,
                    "parent": {
                        "py/id": 6
                    },
                    "py/object": "tree.TextTree"
                }
            ],
            "content": "1. Introduction",
            "embedding": null,
            "h": null,
            "parent": {
                "py/id": 0
            },
            "py/object": "tree.TextTree"
        },
        {
            "c": null,
            "children": [],
            "content": "2. Large-scale dataset. We collected a large-scale annotated dataset of garments, which contains around one million images and hundreds of attributes. As far as we know, this is the largest dataset for clothing analytics and attribute learning. We believe many applications can benet from this dataset.",
            "embedding": null,
            "h": null,
            "parent": {
                "py/id": 0
            },
            "py/object": "tree.TextTree"
        },
        {
            "c": null,
            "children": [],
            "content": "3. Deep domain adaptation. To bridge the gap between the two clothing domains considered in our work, we propose a specic double-path deep neural network which models the two domains with separate paths. Several additional alignment layers have been placed connecting the two paths to ensure the consistency of the two domain classiers.",
            "embedding": null,
            "h": null,
            "parent": {
                "py/id": 0
            },
            "py/object": "tree.TextTree"
        },
        {
            "c": null,
            "children": [],
            "content": "4. Real working application. Our work is part of an actual product for people search in surveillance videos based on ne-grained clothing attributes.",
            "embedding": null,
            "h": null,
            "parent": {
                "py/id": 0
            },
            "py/object": "tree.TextTree"
        },
        {
            "c": null,
            "children": [
                {
                    "c": null,
                    "children": [],
                    "content": "Semantic visual attributes have received signicant attention by the computer vision community in the past few years [29, 9, 37, 28]. Among other applications, attributes have been used for zero-shot classication [29], visual search [25, 40], ne-grained categorization [2], and sentence generation from images [27]. Most of these methods rely on costly manual annotation of labels for training the attribute models. Notable exceptions include techniques that mine attributes from web data [4], including sources such as Wikipedia [39] and online books [7]. Our work follows this direction, but we focus on cross-domain attribute mining, where the data is mined from online shopping stores and then adapted to unconstrained environments, using a novel deep domain adaptation approach.",
                    "embedding": null,
                    "h": null,
                    "parent": {
                        "py/id": 32
                    },
                    "py/object": "tree.TextTree"
                },
                {
                    "c": null,
                    "children": [],
                    "content": "There are only a few attribute datasets with ne-grained annotations, for example, datasets related to detailed descriptions of birds [43] and aircrafts [42]. We push this envelope by proposing a new dataset of ne-grained clothing attributes. Compared to other clothing datasets for fashion analysis [3, 45], our proposed dataset has a much larger set of garments, including attribute sub-categories and a massive volume of training images per class.",
                    "embedding": null,
                    "h": null,
                    "parent": {
                        "py/id": 32
                    },
                    "py/object": "tree.TextTree"
                },
                {
                    "c": null,
                    "children": [],
                    "content": "Predicting human attributes [28, 1, 47, 11] is important for many surveillance applications, such as person re-identication across cameras [30], suspect search based on eyewitnesstestimonies [11, 41], and identication based on softbiometrics [22]. Our approach deals with a ne-grained set of clothing attributes, which is around 10x larger than most previous methods, and requires minimal manual labeling for attribute learning.",
                    "embedding": null,
                    "h": null,
                    "parent": {
                        "py/id": 32
                    },
                    "py/object": "tree.TextTree"
                },
                {
                    "c": null,
                    "children": [],
                    "content": "Extracting clothing attributes for analysis of fashion images is another topic that has recently attracted interest [3, 45, 24, 33]. Previous methods developed for this application domain often focus on the clothing segmentation problem, considering pictures depicted in relatively simple poses, against relatively clean backgrounds. In our work, we study the domain adaptation problem from \u201cclean\u201d clothing images obtained from online shopping stores to images captured in unconstrained environments. Liu et al. [33] addressed a similar cross-domain clothing retrieval problem, but their work relies on a different methodology than ours, deals with a different application, and only considers a small set of coarse-grained attributes which are manually labeled.",
                    "embedding": null,
                    "h": null,
                    "parent": {
                        "py/id": 32
                    },
                    "py/object": "tree.TextTree"
                },
                {
                    "c": null,
                    "children": [],
                    "content": "Deep Learning. Deep Convolutional Neural Networks have recently achieved dramatic accuracy improvements in image classication [26], object detection [13], and many other computer vision areas, including attribute modeling [46, 34]. Recent improvements on deep learning include the use of drop-out [19] for preventing overtting, more effective non-linear activation functions such as rectied linear units [14] or max-out [17], and richer modeling through Network-in-Network (NiN) [31]. In our work, we customize R-CNN and NiN for body detection, and propose a new deep domain adaptation approach to bridge the gap between the source and target clothing domain distributions. Domain Adaptation. Many methods have been proposed for domain adaptation in visual recognition [16, 18, 15]. Recently, addressing this problem with deep neural networks has gained increased attention. The majority of existing approaches for domain adaptation or transfer learning with deep architectures rely on re-training the last few layers of the network using samples from the target domain, or instead performing ne-tuning of all layers using backpropagation at a lower learning rate [36, 38, 20]. However, these methods usually require a relatively large amount of training samples from the target domain to produce good results. In contrast, our method learns domain-invariant hierarchical features directly and transfers the domain information within intermediate layers, which we show to be much more effective. The work of Nguyen et al. [35] shares some of our motivations, but uses a different methodology based on dictionary learning.",
                    "embedding": null,
                    "h": null,
                    "parent": {
                        "py/id": 32
                    },
                    "py/object": "tree.TextTree"
                },
                {
                    "c": null,
                    "children": [],
                    "content": "A distinct method that was recently proposed for deep adaptation is DLID [5] which learns multiple unsupervised deep models directly on the source, target, and combined datasets, and uses a representation which is the concatenation of the outputs of each model as its adaptation approach.",
                    "embedding": null,
                    "h": null,
                    "parent": {
                        "py/id": 32
                    },
                    "py/object": "tree.TextTree"
                },
                {
                    "c": null,
                    "children": [],
                    "content": "While this was shown to be an interesting approach, it is limited by its use of unsupervised deep structures, which have been unable to achieve the performance of supervised deep CNNs. Our method instead uses a supervised double path CNN with shared layers. It is able to leverage the extensive labeled data available in the source domain using a supervised model without requiring a signicant amount of labeled target data. 3. Dataset Preparation",
                    "embedding": null,
                    "h": null,
                    "parent": {
                        "py/id": 32
                    },
                    "py/object": "tree.TextTree"
                },
                {
                    "c": null,
                    "children": [],
                    "content": "Although there are a few existing fashion datasets in the research community [45, 32], they are designed for the tasks of clothing parsing or human segmentation and no annotation of ne-grained attributes is included. Here we introduce our two sets of data and their statistics: (1) online shopping dataset obtained by crawling large amount of annotated images from online shopping stores and (2) \u201cstreet\u201d dataset which consists of both web street images and sample videos from surveillance cameras. 3.1. Online Shopping Dataset 3.1.1 Automatic Data Collection",
                    "embedding": null,
                    "h": null,
                    "parent": {
                        "py/id": 32
                    },
                    "py/object": "tree.TextTree"
                },
                {
                    "c": null,
                    "children": [],
                    "content": "We crawled a large amount of garment images from several large online shopping stores, e.g., Amazon.com and TMALL.com. We also downloaded the webpages which contain the images. These webpages can be parsed into < key, value > pairs where each key corresponds to an attribute category, for example, \u201ccolor\u201d and the value species the attribute label, for example, \u201cpurplish red\u201d . The total number of clothing images is 1,108,013 and it includes 25 different kinds of keys, i.e., attribute categories (e.g. type, color, pattern, season, occasion). The attribute labels are very ne-detailed. For instance, we can nd more than ten thousand different values for the \u201ccolor\u201d category.",
                    "embedding": null,
                    "h": null,
                    "parent": {
                        "py/id": 32
                    },
                    "py/object": "tree.TextTree"
                }
            ],
            "content": "2. Related Work",
            "embedding": null,
            "h": null,
            "parent": {
                "py/id": 0
            },
            "py/object": "tree.TextTree"
        },
        {
            "c": null,
            "children": [
                {
                    "c": null,
                    "children": [],
                    "content": "As described in section 3.1, the set of ne-grained attribute categories and labels mined from online shopping websites are given as a list of < key, value > pairs without a hierarchical structure. We therefore organize this data into a semantic taxonomy of clothing attributes. We consider \u201ctype\u201d, \u2018color\u201d, and \u201dpattern\u2019 as the three higher-level categories. Each attribute is then classied into these three categories and further divided into semantic sub-categories. As an example, \u201cwedding dress\u201d and \u201csleeveless tank dress\u201d are both sub-categories of \u201cdress\u201d, which is in turn a subcategory of \u201ctype\u201d.i.e., street domain dataset, consists of both web street images and videos from surveillance cameras.",
                    "embedding": null,
                    "h": null,
                    "parent": {
                        "py/id": 52
                    },
                    "py/object": "tree.TextTree"
                },
                {
                    "c": null,
                    "children": [],
                    "content": "Web street images. This data consists of two parts: (a) the standard Fashionate dataset [45], which consists of 685 street fashion images. This dataset has semantic segmentation labels (e.g., bags, pants), but no ne-grained clothing attributes. We fully annotated this dataset with our negrained attributes for evaluation purposes. We denote this data as Street-data-a. (b) the Parsing dataset [8] which consists of 8000 street fashion images. This dataset also has detailed segmentation labels, but we only used its images. We denote this data as Street-data-b.",
                    "embedding": null,
                    "h": null,
                    "parent": {
                        "py/id": 52
                    },
                    "py/object": "tree.TextTree"
                },
                {
                    "c": null,
                    "children": [],
                    "content": "Surveillance videos. we consider 14 surveillance videos captured from two public train stations.The duration of each video is 10 minutes. These videos have different camera angles (e.g., captured from the train station platform, gateway, lobby). We manually annotated the bounding boxes of each person in the videos, using a step size of 60 frames. Thus the total number of frames/images we annotated is 14*10*30*60/60 = 4200. There are 6.2 people on average for each frame with reasonable size. We also annotated 120 frames with our ne-grained clothing attributes, using a region-of-interest where pedestrians have higher-resolution. These 120 frames were used as evaluation. The rest of the data (with bounding box annotation) was used as extra data for unsupervised training. We denote this dataset as Streetdata-c.",
                    "embedding": null,
                    "h": null,
                    "parent": {
                        "py/id": 52
                    },
                    "py/object": "tree.TextTree"
                },
                {
                    "c": null,
                    "children": [],
                    "content": "It is worth noting that the \u201cStreet datasets\u201d are relatively small considering the ne-grained attribute learning problem. It is impractical to directly learn the attributes from the street domain. The partially labelled street dataset will be fed into our learning framework as supervised training samples and evaluation ground-truth. These unlabelled data will be used as guiding samples to induce the network to t the target domain feature distribution. More details will be discussed in the next section.",
                    "embedding": null,
                    "h": null,
                    "parent": {
                        "py/id": 52
                    },
                    "py/object": "tree.TextTree"
                },
                {
                    "c": null,
                    "children": [],
                    "content": "We now introduce our solution to tackle the problem of describing people based on ne-grained attributes, as shown in Figure 3. First, we introduce an improved version of the R-CNN body detector which effectively localizes the clothing area. We then describe our proposed approach for attribute modeling and domain adaptation. 4.1. RCNN for Body Detection",
                    "embedding": null,
                    "h": null,
                    "parent": {
                        "py/id": 52
                    },
                    "py/object": "tree.TextTree"
                },
                {
                    "c": null,
                    "children": [],
                    "content": "Our body detection module is based on the R-CNN framework [13], with several enhancements made specically for the clothing detection problem. It consists of three sub-modules. First, selective search is adopted to generate candidate region proposals. Then, a Network-in-Network (NIN) model is used to extract features for each candidate region. Finally, linear support vector regression (SVR) is used to predict the Intersection-over-Union (IoU) overlap of candidate patches with ground-truth bounding boxes. Next we introduce these components, and elaborate on the details of our enhancements.",
                    "embedding": null,
                    "h": null,
                    "parent": {
                        "py/id": 52
                    },
                    "py/object": "tree.TextTree"
                },
                {
                    "c": null,
                    "children": [],
                    "content": "Region Proposals. Due to the non-rigid property of clothing, standard selective search based on super-pixel proposal generation is shown to be more suitable to our detection task. Usually, about 2000 region proposals are generated per image. According to the clothing size in the training images, we discard the candidate regions with inappropriate size and aspect ratio. After that, about 100 hypotheses are left, which considerably reduces the number of noisy proposal regions and thus accelerates the feature extraction procedure.",
                    "embedding": null,
                    "h": null,
                    "parent": {
                        "py/id": 52
                    },
                    "py/object": "tree.TextTree"
                },
                {
                    "c": null,
                    "children": [],
                    "content": "Feature Extraction. The NIN model [31] is used to extract the high-level features from the candidate regions. Brie\ufb02y, this model is pre-trained on the Imagenet Challenge dataset (ILSVRC-2014 classication task), and then netuned using a subset of clothing images from our data.",
                    "embedding": null,
                    "h": null,
                    "parent": {
                        "py/id": 52
                    },
                    "py/object": "tree.TextTree"
                },
                {
                    "c": null,
                    "children": [],
                    "content": "Region IoU Prediction. In the R-CNN framework, the positive samples in training are the candidate regions with relatively large IoUs overlapped with ground-truth objects. We claim that there are two shortcomings in this strategy. First, users are required to select a good IoU overlap threshold, which is crucial to the detection performance. Second, all image regions whose IoUs do not meet the threshold are discarded. However, we suggest that those regions are useful for the detection task. In our approach, instead of predicting a yes/no value for a given region, we actually predict its IoU overlap value. We used a linear regression model (SVR) in our implementation for predicting the region IoU using the features extracted by the ne-tuned NIN model.",
                    "embedding": null,
                    "h": null,
                    "parent": {
                        "py/id": 52
                    },
                    "py/object": "tree.TextTree"
                },
                {
                    "c": null,
                    "children": [],
                    "content": "In our implementation, we discretize the IoU values into ten intervals with a step of 0.1, and sample the equivalent training regions for each interval to balance the data during the training procedure. Lastly, the bounding box regression is employed to rene the selected proposal regions with the",
                    "embedding": null,
                    "h": null,
                    "parent": {
                        "py/id": 52
                    },
                    "py/object": "tree.TextTree"
                },
                {
                    "c": null,
                    "children": [],
                    "content": "Figure 2. Enhanced R-CNN detection pipeline.activation of the NIN fully-connected layer (FC2) as features. 4.2. Deep Domain Adaptation",
                    "embedding": null,
                    "h": null,
                    "parent": {
                        "py/id": 52
                    },
                    "py/object": "tree.TextTree"
                },
                {
                    "c": null,
                    "children": [],
                    "content": "Although we have collected a large scale dataset with ne-grained attributes, these images are taken in ideal pose/lighting/background conditions, so it is unreliable to directly use them as training data for attribute prediction in the domain of unconstrained images captured, for example, by mobile phones or surveillance cameras. In order to bridge this gap, we design a specic double-path deep convolutional neural network for the domain adaptation problem. Each path receives one domain image as the input, i.e., the street domain and the shop domain images. Each path consists of several convolutional layers which are stacked layer-by-layer and normally higher layers represent higherlevel concept abstractions. Both of the two network paths share the same architecture, e.g., the same number of convolutional lters and number of middle layers. This way, the output of the same middle layer of the two paths can be directly compared. We further connect these paths through several alignment cost layers where the cost function is correlated with the similarity of the two input images. These alignment cost layers are included to ensure that (1) the feature learning parameters for the two domains are not too far away and (2) the high-level features have sufcient similarity along with the label consistency.",
                    "embedding": null,
                    "h": null,
                    "parent": {
                        "py/id": 52
                    },
                    "py/object": "tree.TextTree"
                },
                {
                    "c": null,
                    "children": [],
                    "content": "We also design a merging layer whose input is from the two network paths, which are merged and share parameters in the subsequent layers. This design is used to deploy the model after the co-training. We take the merging operation as the simple max operation, i.e. f (Xs, Xt) = max(Xs, Xt). So we can simply drop out this layer at testing time.f (s, t) = ||Xs \u2212 Xt|| \u00d7 \u03bb\u03c6(s, t),directly obtain the gradient of this cost w.r.t. the connection layer to reduce computational cost. If we consider a fully supervised domain adaptation problem, we can set the correlation function as the label similarity, e.g. \u03c6(ls, lt) = exp{\u2212||ls\u2212lt||2 }, where ls and lt are the attribute label vectors for the source and target domain images, respectively. If we consider a semi-supervised or unsupervised learning problem, we can assume this function is dened by additional prior information, e.g., the visual similarity function. Note that we work on multiple attribute categories at the same time, i.e. we model the attribute classiers simultaneously. The nal overall learning objective of the DDAN is dened as a combination of a multi-label classication objective and multiple alignment regularization terms.",
                    "embedding": null,
                    "h": null,
                    "parent": {
                        "py/id": 52
                    },
                    "py/object": "tree.TextTree"
                },
                {
                    "c": null,
                    "children": [],
                    "content": "Comparison with deep learning ne-tuning framework: The popular ne-tuning framework usually takes the output of the last layer of the network as a feature and performs additional training for the new tasks or performs ne-tuning on the whole original network without dropping the original objective function. The former case is not suitable for our problem as we don\u2019t have enough diverse training samples to re-train the target domain classier. The latter case is equivalent to adapting the classier y = f (g(x), w) to ytgt = ftgt(gtgt(x), wtgt). The proposed DDAN has two distinct properties over this solution: (1) it puts an additional regularization term on the adaptation process which seeks the feature agreement w.r.t. the prior information, e.g., the label consistency or visual similarity. (2) the learned feature generator gtgt has con",
                    "embedding": null,
                    "h": null,
                    "parent": {
                        "py/id": 52
                    },
                    "py/object": "tree.TextTree"
                },
                {
                    "c": null,
                    "children": [],
                    "content": "Figure 3. Overview of our proposed approach.sistent output with the source domain feature so that we can directly apply new attribute classiers to unseen labels learned from the source domain without additional cost.",
                    "embedding": null,
                    "h": null,
                    "parent": {
                        "py/id": 52
                    },
                    "py/object": "tree.TextTree"
                },
                {
                    "c": null,
                    "children": [],
                    "content": "Comparison with Siamese network: The structure of the proposed DDAN is similar to the Siamese network, often used for verication tasks. Both networks have two paths and a merging step. But the functions of these two key modules are quite different. The Siamese network calculates the difference of the two input channels and there is no back propagation channel to constrain the middle level representation.",
                    "embedding": null,
                    "h": null,
                    "parent": {
                        "py/id": 52
                    },
                    "py/object": "tree.TextTree"
                },
                {
                    "c": null,
                    "children": [],
                    "content": "The role of the alignment cost layers: Our main motivation is that instead of learning the domain adaptation at the classier level, we aim to learn the domain invariant feature directly through the hierarchical feature learning model. The alignment cost layers connecting the two paths at a higher level plays a fundamental role in this process. The unshared lower level features model each domain specic data distribution while we constrain the higher level features to be consistent w.r.t. the label/prior information.",
                    "embedding": null,
                    "h": null,
                    "parent": {
                        "py/id": 52
                    },
                    "py/object": "tree.TextTree"
                }
            ],
            "content": "4. Approach",
            "embedding": null,
            "h": null,
            "parent": {
                "py/id": 0
            },
            "py/object": "tree.TextTree"
        },
        {
            "c": null,
            "children": [
                {
                    "c": null,
                    "children": [],
                    "content": "In this section, we present our implementation details, provide an extensive experimental analysis for evaluating our proposed approach, and showcase a couple of applications. We will be referring to the datasets described in section 3: Online-data, Street-data-a, Street-data-b, and Street-data-c. 5.1. Implementation Details 5.1.1 Network conguration For each path of the DDAN, we congure the network with the same setting of the standard AlexNet [26], i.e. 5 convolutional layers and 3 fully connected layers, and the same lter numbers and neuron sizes. We have put the alignment cost layer at Conv5, FC1 and put the merging layer at FC2. During testing, we simply drop out the merging layer and use the target domain network. For the retrieval task, we used the FC2 output for both source and target domains.",
                    "embedding": null,
                    "h": null,
                    "parent": {
                        "py/id": 88
                    },
                    "py/object": "tree.TextTree"
                },
                {
                    "c": null,
                    "children": [],
                    "content": "We used a modied code of cuda-convnet 2. We modied the code to enable the support of multi-attribute cotraining, i.e. we trained the three attribute categories at the same time. We also modied the code to support the correlation function.",
                    "embedding": null,
                    "h": null,
                    "parent": {
                        "py/id": 88
                    },
                    "py/object": "tree.TextTree"
                },
                {
                    "c": null,
                    "children": [],
                    "content": "Initialization: We tried out two initialization methods: (1) using random Gaussian values and (2) using the model learned from the ImageNet dataset as the initialization for both source and target domains. Generally, the second option gave us more stable results and fast convergence. Thus, we used this initialization method in the next sections. Normally 20 epochs are enough for the network training.",
                    "embedding": null,
                    "h": null,
                    "parent": {
                        "py/id": 88
                    },
                    "py/object": "tree.TextTree"
                },
                {
                    "c": null,
                    "children": [],
                    "content": "Unsupervised training. If we don\u2019t have the annotation from the target domain, we use prior knowledge to dene the similarity between the source and target images. In our experiments, we used a large amount of unannotated street images. In practice, we perform an iterative procedure for the training. At each epoch, we use the linear product similarity of the current FC2 layer features to nd the nearest neighbour of a given source domain sample in the target domain dataset. The correlation function \u03c6 is also dened as this linear similarity. Then the source domain image and its neighbour are fed into the network. After one epoch, we re-calculate the similarity using the updated model. This procedure iterates until the preset epoch number is reached.",
                    "embedding": null,
                    "h": null,
                    "parent": {
                        "py/id": 88
                    },
                    "py/object": "tree.TextTree"
                },
                {
                    "c": null,
                    "children": [],
                    "content": "RCNN body detectionMerging layerMulti-label attributes objectiveAlignment cost layerSource domainTarget domainAlignment cost layerExtra Info (e.g. Labels)\fTable 1. Fine-grained attributes classication results for Streetdata-c.",
                    "embedding": null,
                    "h": null,
                    "parent": {
                        "py/id": 88
                    },
                    "py/object": "tree.TextTree"
                },
                {
                    "c": null,
                    "children": [],
                    "content": "Type-T1 Type-T1-b Color-T1 Color-T1-b Pattern-T1 Pattern-T1-b",
                    "embedding": null,
                    "h": null,
                    "parent": {
                        "py/id": 88
                    },
                    "py/object": "tree.TextTree"
                },
                {
                    "c": null,
                    "children": [],
                    "content": "Figure 4. Precision-recall curves for body detection results on Street-data-a . 5.2. Exp1: RCNN body detection",
                    "embedding": null,
                    "h": null,
                    "parent": {
                        "py/id": 88
                    },
                    "py/object": "tree.TextTree"
                },
                {
                    "c": null,
                    "children": [],
                    "content": "For our body detection experiment, we annotated 4,000 images of the Online-data and 2,000 images of the Streetdata-b with clothing bounding boxes for training. The Street-data-a dataset was used for validation. We compare the result of our enhanced RCNN-NIN detector with two baselines: (1) Deformable Part-based Model(DPM) [10] and (2) RCNN using a traditional CNN model [26] pretrained on ImageNet [6] as feature generator. All of the baselines and the proposed method are tested using the same dataset.",
                    "embedding": null,
                    "h": null,
                    "parent": {
                        "py/id": 88
                    },
                    "py/object": "tree.TextTree"
                },
                {
                    "c": null,
                    "children": [],
                    "content": "As the performance of detection greatly affects the attribute learning, we set a strict evaluation metric for body detection. More specically, we consider a detection to be correct only if the overlap of the prediction and ground-truth bounding boxes is over 0.6 instead of 0.5 as common in standard evaluation. We evaluate the performance of our body detector on Street-data-a with Precision Recall curves as shown in Figure 4. We also report the Average Precision (AP) result. As can be seen, our RCNN-NIN detector consistently outperforms the baselines (RCNN-NIN AP 0.452 vs DPM AP 0.343 and conventional-RCNN AP 0.408 ). 5.3. Exp2: Deep Domain Adaption for ne-grained",
                    "embedding": null,
                    "h": null,
                    "parent": {
                        "py/id": 88
                    },
                    "py/object": "tree.TextTree"
                },
                {
                    "c": null,
                    "children": [],
                    "content": "We consider the following methods for comparison: (1) CNN, where we directly apply the model learned from the source domain to the target domain. (2) CNN-FC2, where we use the FC2 layer of a CNN model [26] as the features for training a classier using street domain images. Since this method basically re-trains the attribute classiers, it cannot predict unseen categories in the target domain. (3) CNN-FT, i.e., CNN ne-tuning, which keeps the original shop domain objective function, and then feeds the network with the street domain training samples.",
                    "embedding": null,
                    "h": null,
                    "parent": {
                        "py/id": 88
                    },
                    "py/object": "tree.TextTree"
                },
                {
                    "c": null,
                    "children": [],
                    "content": "Table 2. Fine-grained attributes classication results for Streetdata-a.",
                    "embedding": null,
                    "h": null,
                    "parent": {
                        "py/id": 88
                    },
                    "py/object": "tree.TextTree"
                },
                {
                    "c": null,
                    "children": [],
                    "content": "Street-data-a CNN CNN-FC2 CNN-FT DDAN-S DDAN-U 25.44 Type-T1 29.68 Type-T1-b 16.23 Color-T1 20.18 Color-T1-b Pattern-T1 73.11 Pattern-T1-b 73.39tricks which are commonly used in the ImageNet challenges (e.g., multiple models ensembles, data augmentation, etc.) to improve the performance.",
                    "embedding": null,
                    "h": null,
                    "parent": {
                        "py/id": 88
                    },
                    "py/object": "tree.TextTree"
                },
                {
                    "c": null,
                    "children": [],
                    "content": "Regarding the Street-data-a dataset, we split it into two halves and used the rst half as the target domain training samples, and the other half for testing. We used Street-datab as extra data during training. Regarding the Street-data-c dataset, we tested only the unsupervised setting of DDAN, as we have very limited ne-grained attribute annotation data for this dataset.",
                    "embedding": null,
                    "h": null,
                    "parent": {
                        "py/id": 88
                    },
                    "py/object": "tree.TextTree"
                },
                {
                    "c": null,
                    "children": [],
                    "content": "Evaluation metrics: We used Top-1 (T1) and Top-1base (T1-b) accuracy as the evaluation metrics, dened as follows. Top-1 accuracy is the standard evaluation metric for general classication problems. As claimed in Sec 3, we are working with a ne-grained attribute list. The attributes themselves naturally fall into a hierarchical structure. If the prediction and the groundtruth share the same immediate father node in the hierarchy, we consider it as a correct prediction. In this case, the accuracy we get is Top1-base accuracy.",
                    "embedding": null,
                    "h": null,
                    "parent": {
                        "py/id": 88
                    },
                    "py/object": "tree.TextTree"
                },
                {
                    "c": null,
                    "children": [],
                    "content": "Result analysis: We present our results in Tables 1 and 2. For the Street-data-c, i.e., the surveillance video dataset, we only report the results of the fully unsupervised setting due to the lack of annotation for this domain. We can see consistent improvement of DDAN-U over directly applying the source domain CNN model with big margin. It shows that the feature learning can benet from large amounts of unannotated target domain data. For the Street-data-a result, i.e., the street photo dataset result, we can see that our domain adaptation methods outperform the baselines CNN, CNN-FC2 and CNN-FT. We can see that DDANU achieves the best results on most of the categories.",
                    "embedding": null,
                    "h": null,
                    "parent": {
                        "py/id": 88
                    },
                    "py/object": "tree.TextTree"
                },
                {
                    "c": null,
                    "children": [],
                    "content": "Overall, we notice that we can achieve much better results for \u201cType\u201d and \u201cPattern\u201d than \u201cColor\u201d categories, especially in the surveillance scenario. It is reasonable as",
                    "embedding": null,
                    "h": null,
                    "parent": {
                        "py/id": 88
                    },
                    "py/object": "tree.TextTree"
                },
                {
                    "c": null,
                    "children": [],
                    "content": "Figure 6. Application 2: Street2Shop clothing retrieval. Top 2 rows results are from Street-data-a, and the bottom two rows are from Street-data-c. We output the top 3 retrieval results for both datasets. Best viewed in original pdf le.ture similarity, e.g. the linear product distance. Some exemplar results are shown in Figure 6. We showcase the results for both Street-data-a and Street-data-c datasets. We output the top 3 retrieval results for both datasets.",
                    "embedding": null,
                    "h": null,
                    "parent": {
                        "py/id": 88
                    },
                    "py/object": "tree.TextTree"
                }
            ],
            "content": "5. Experiments",
            "embedding": null,
            "h": null,
            "parent": {
                "py/id": 0
            },
            "py/object": "tree.TextTree"
        },
        {
            "c": null,
            "children": [
                {
                    "c": null,
                    "children": [],
                    "content": "In this paper, we presented a novel deep domain adaptation network for the problem of describing people based on ne-grained clothing attributes. As far as we know, this is the rst work to address this problem in a real scenario. Our experiments show the advantage of the proposed approach over the baselines. We also showcased practical applications of this work. We are planning to make the full largescale online shopping dataset available to the community, which in our opinion will be useful for various applications.",
                    "embedding": null,
                    "h": null,
                    "parent": {
                        "py/id": 124
                    },
                    "py/object": "tree.TextTree"
                },
                {
                    "c": null,
                    "children": [],
                    "content": "A Poselet-Based Approach to Attribute Classication. ICCV, 2011. 2",
                    "embedding": null,
                    "h": null,
                    "parent": {
                        "py/id": 124
                    },
                    "py/object": "tree.TextTree"
                },
                {
                    "c": null,
                    "children": [],
                    "content": "White vest, stripesBlack dress, solid colorBrown:beigecoat, solid colorT-shirt, checks(plaid)Purplishreddress, solid colorDark gray T-shirt, stripes\f[2] S. Branson, C. Wah, B. Babenko, F. Schroff, P. Welinder, P. Perona, and S. Belongie. Visual Recognition with Humans in the Loop. In ECCV, 2010. 2by Semantic Attributes. In ECCV, 2012. 1, 2, 3",
                    "embedding": null,
                    "h": null,
                    "parent": {
                        "py/id": 124
                    },
                    "py/object": "tree.TextTree"
                },
                {
                    "c": null,
                    "children": [],
                    "content": "Visual Knowledge from Web Data. In ICCV, 2013. 2",
                    "embedding": null,
                    "h": null,
                    "parent": {
                        "py/id": 124
                    },
                    "py/object": "tree.TextTree"
                },
                {
                    "c": null,
                    "children": [],
                    "content": "ImageNet: A large-scale hierarchical image database . CVPR, 2009. 2, 7",
                    "embedding": null,
                    "h": null,
                    "parent": {
                        "py/id": 124
                    },
                    "py/object": "tree.TextTree"
                },
                {
                    "c": null,
                    "children": [],
                    "content": "Objects by their Attributes. In CVPR, 2009. 2and Y. Bengio. Maxout networks. arXiv:1302.4389, 2013. 3cation using Clothing Attributes. In IJCB, 2014. 3",
                    "embedding": null,
                    "h": null,
                    "parent": {
                        "py/id": 124
                    },
                    "py/object": "tree.TextTree"
                },
                {
                    "c": null,
                    "children": [],
                    "content": "Wars: Discovering Elements of Fashion Styles. 2014. 3classication with deep convolutional neural networks. NIPS, 2012. 2, 3, 6, 7",
                    "embedding": null,
                    "h": null,
                    "parent": {
                        "py/id": 124
                    },
                    "py/object": "tree.TextTree"
                },
                {
                    "c": null,
                    "children": [],
                    "content": "Identication by Attributes. In BMVC, 2012. 2",
                    "embedding": null,
                    "h": null,
                    "parent": {
                        "py/id": 124
                    },
                    "py/object": "tree.TextTree"
                }
            ],
            "content": "6. Conclusion",
            "embedding": null,
            "h": null,
            "parent": {
                "py/id": 0
            },
            "py/object": "tree.TextTree"
        }
    ],
    "content": "Deep Domain Adaptation for Describing People Based on Fine-Grained Clothing Attributes",
    "embedding": null,
    "h": null,
    "parent": null,
    "py/object": "tree.TextTree"
}