{
    "c": null,
    "children": [
        {
            "c": null,
            "children": [
                {
                    "c": null,
                    "children": [],
                    "content": "The appearance of an attribute can vary considerably from class to class (e.g., a \u201c\ufb02uffy\u201d dog vs. a \u201c\ufb02uffy\u201d towel), making standard class-independent attribute models break down. Yet, training object-specic models for each attribute can be impractical, and defeats the purpose of using attributes to bridge category boundaries. We propose a novel form of transfer learning that addresses this dilemma. We develop a tensor factorization approach which, given a sparse set of class-specic attribute classiers, can infer new ones for object-attribute pairs unobserved during training. For example, even though the system has no labeled images of striped dogs, it can use its knowledge of other attributes and objects to tailor \u201cstripedness\u201d to the dog category. With two large-scale datasets, we demonstrate both the need for category-sensitive attributes as well as our method\u2019s successful transfer. Our inferred attribute classiers perform similarly well to those trained with the luxury of labeled class-specic instances, and much better than those restricted to traditional modes of transfer.",
                    "embedding": null,
                    "h": null,
                    "parent": {
                        "py/id": 2
                    },
                    "py/object": "tree.TextTree"
                }
            ],
            "content": "Abstract",
            "embedding": null,
            "h": null,
            "parent": {
                "py/id": 0
            },
            "py/object": "tree.TextTree"
        },
        {
            "c": null,
            "children": [
                {
                    "c": null,
                    "children": [],
                    "content": "Attributes are visual properties that help describe objects or scenes [6, 12, 4, 13, 16], such as \u201c\ufb02uffy\u201d, \u201cglossy\u201d, or \u201cformal\u201d. A major appeal of attributes is the fact that they appear across category boundaries, making it possible to describe an unfamiliar object class [4], teach a system to recognize new classes by zero-shot learning [13, 19, 16], or learn mid-level cues from cross-category images [12].",
                    "embedding": null,
                    "h": null,
                    "parent": {
                        "py/id": 6
                    },
                    "py/object": "tree.TextTree"
                },
                {
                    "c": null,
                    "children": [],
                    "content": "But are attributes really category-independent? Does \ufb02ufness on a dog look the same as \ufb02ufness on a towel? Are the features that make a high heeled shoe look formal the same as those that make a sandal look formal? In such examples (and many others), while the linguistic semantics are preserved across categories, the visual appearance of the property is transformed to some degree. That is, some attributes are specialized to the category.1 This suggestsy r o g e t a C",
                    "embedding": null,
                    "h": null,
                    "parent": {
                        "py/id": 6
                    },
                    "py/object": "tree.TextTree"
                },
                {
                    "c": null,
                    "children": [],
                    "content": "Figure 1. Having learned a sparse set of object-specic attribute classiers, our approach infers analogous attribute classiers. The inferred models are object-sensitive, despite having no objectspecic labeled images of that attribute during training.that simply pooling a bunch of training images of any object/scene with the named attribute and learning a discriminative classier\u2014the status quo approach\u2014will weaken the learned model to account for the \u201cleast common denominator\u201d of the attribute\u2019s appearance, and, in some cases, completely fail to generalize.",
                    "embedding": null,
                    "h": null,
                    "parent": {
                        "py/id": 6
                    },
                    "py/object": "tree.TextTree"
                },
                {
                    "c": null,
                    "children": [],
                    "content": "Accurate category-sensitive attributes would seem to require category-sensitive training. For example, we could gather positive exemplar images for each category+attribute combination (e.g., separate sets of \ufb02uffy dog images, \ufb02uffy towel images). If so, this is a disappointment. Not only would learning attributes in this manner be quite costly in terms of annotations, but it would also fail to leverage the common semantics of the attributes that remain in spite of their visual distinctions.",
                    "embedding": null,
                    "h": null,
                    "parent": {
                        "py/id": 6
                    },
                    "py/object": "tree.TextTree"
                },
                {
                    "c": null,
                    "children": [],
                    "content": "To resolve this problem, we propose a novel form of transfer learning to infer category-sensitive attribute models. Intuitively, even though an attribute\u2019s appearance may be specialized for a particular object, there likely are latent variables connecting it to other objects\u2019 manifestations of the property. Plus, some attributes are quite similar acrosssome class boundaries (e.g., spots look similar on Dalmatian dogs and Pinto horses). Having learned some categorysensitive attributes, then, we ought to be able to predict how the attribute might look on a new object, even without labeled examples depicting that object with the attribute. For example, in Figure 1, suppose we want to recognize striped dogs, but we have no separate curated set of striped-dog exemplars. Having learned \u201cspotted\u201d, \u201cbrown\u201d, etc. classiers for dogs, cats, and equines, the system should leverage those models to infer what \u201cstriped\u201d looks like on a dog. For example, it might infer that stripes on a dog look somewhat like stripes on a zebra but with shading in\ufb02uenced by the shape dogs share with cats.",
                    "embedding": null,
                    "h": null,
                    "parent": {
                        "py/id": 6
                    },
                    "py/object": "tree.TextTree"
                },
                {
                    "c": null,
                    "children": [],
                    "content": "Based on this intuition, we show how to infer an analogous attribute\u2014an attribute classier that is tailored to a category, even though we lack annotated examples of that category exhibiting that attribute. Given a sparse set of category-sensitive attribute classiers, our approach rst discovers the latent structure that connects them, by factorizing a tensor indexed by categories, attributes, and classier dimensions. Then, we use the resulting latent factors to complete the tensor, inferring the \u201cmissing\u201d classier parameters for any object+attribute pairings unobserved during training. As a result, we can create category-sensitive attributes with only partial category-sensitive labeled data. Our solution offers a middle ground between completely category-independent training (the norm today [12, 4, 13, 19, 16, 17]) and completely category-sensitive training. We don\u2019t need to observe all attributes isolated on each category, and we capitalize on the fact that some categories and some of their attributes share common parameters.",
                    "embedding": null,
                    "h": null,
                    "parent": {
                        "py/id": 6
                    },
                    "py/object": "tree.TextTree"
                },
                {
                    "c": null,
                    "children": [],
                    "content": "Compared to existing forms of transfer learning, our idea has three key novel elements. First, performing transfer jointly in the space of two labeled aspects of the data\u2014 namely, categories and attributes\u2014is new. Critically, this means our method is not conned to transfer along sameobject or same-attribute boundaries; rather, it discovers analogical relationships based on some mixture of previously seen objects and attributes. Second, our approach produces a discriminative model for an attribute with zero training examples from that category. Third, while prior methods often require information about which classes should transfer to which [2, 29, 26, 1] (e.g., that a motorcycle detector might transfer well to a bicycle), our approach naturally discovers where transfer is possible based on how the observed attribute models relate. It can transfer easily between multiple classes at once, not only pairs, and we avoid the guesswork of manually specifying where transfer is likely.",
                    "embedding": null,
                    "h": null,
                    "parent": {
                        "py/id": 6
                    },
                    "py/object": "tree.TextTree"
                },
                {
                    "c": null,
                    "children": [],
                    "content": "We validate our approach on two large-scale attribute datasets, SUN [17] and ImageNet [19], to explore both object-sensitive and scene-sensitive attributes. We rst demonstrate that category-sensitive attributes on the whole outperform conventional class-independent models. Thenwe show that our method accurately infers analogous attribute models, in spite of never seeing labeled examples for that property and class. Furthermore, we show its advantages over applying traditional forms of transfer learning that fail to account for the intrinsic 2D nature of the object-attribute label space.",
                    "embedding": null,
                    "h": null,
                    "parent": {
                        "py/id": 6
                    },
                    "py/object": "tree.TextTree"
                }
            ],
            "content": "1. Introduction",
            "embedding": null,
            "h": null,
            "parent": {
                "py/id": 0
            },
            "py/object": "tree.TextTree"
        },
        {
            "c": null,
            "children": [
                {
                    "c": null,
                    "children": [],
                    "content": "The standard approach to learn an attribute is to pool images regardless of their object category and train a discriminative classier [12, 4, 13, 19, 16, 17]. While this design is well-motivated by the goal of having attributes that transcend category boundaries, it sacrices accuracy in practice, as we will see below. We are not aware of any prior work that learns category-sensitive attributes, though classspecic attribute training is used as an intermediate feature generation procedure in [4, 27], prior to training classindependent models.",
                    "embedding": null,
                    "h": null,
                    "parent": {
                        "py/id": 24
                    },
                    "py/object": "tree.TextTree"
                },
                {
                    "c": null,
                    "children": [],
                    "content": "While attribute learning is typically considered separately from object category learning, some recent work explores how to jointly learn attributes and objects, either to exploit attribute correlations [27], to promote feature sharing [25, 9], or to discover separable features [30, 20]. Our framework can be seen as a new way to jointly learn multiple attributes, leveraging structure in object-attribute relationships. Unlike any prior work, we use these ties to directly infer category-sensitive attribute models without labeled exemplars.",
                    "embedding": null,
                    "h": null,
                    "parent": {
                        "py/id": 24
                    },
                    "py/object": "tree.TextTree"
                },
                {
                    "c": null,
                    "children": [],
                    "content": "In [8], analogies between object categories are used to regularize a semantic label embedding. Our method also captures beyond-pairwise relationships, but the similarities end there. In [8], explicit analogies are given as input, and the goal is to enrich the features used for nearest neighbor object recognition. In contrast, our approach implicitly discovers analogical relationships among objectsensitive attribute classiers, and our goal is to generate novel category-sensitive attribute classiers.",
                    "embedding": null,
                    "h": null,
                    "parent": {
                        "py/id": 24
                    },
                    "py/object": "tree.TextTree"
                },
                {
                    "c": null,
                    "children": [],
                    "content": "In vision, factorized models have been used for various problems, from bi-linear models for separating style and content [7], to multi-linear models separating the modes of face image formation (e.g., identity vs. expression vs. pose) [22, 24]. While often applied for visualization, the discovered factors can also be used to impute missing data\u2014for example, to generate images of novel fonts [7] or infer missing pixels for in-painting tasks [15]. Tensor completion is an area of active research in machine learning, and forms the basis of modern recommender systems to infer missing labels (e.g., movie ratings) [11, 28]. In contrast, we use tensor factorization to infer classiers, not data instances or labels. This enables a new \u201czero-shot\u201d transfer protocol: we leverage the latent factors underlying previously trained models to create new analogous ones without",
                    "embedding": null,
                    "h": null,
                    "parent": {
                        "py/id": 24
                    },
                    "py/object": "tree.TextTree"
                },
                {
                    "c": null,
                    "children": [],
                    "content": "Transfer learning has been explored for object recognition [5, 2, 29, 18, 26, 21, 14, 1], where the goal is to learn a new object category with few labeled instances by exploiting its similarity to previously learned class(es). While often the source and target classes must be manually specied [2, 26, 1], some techniques automatically determine which classes will benet from transfer [21, 14, 10]. In our setting the motivation to reduce labeled data requirements is as much about data availability as labeling cost: it can be difcult to obtain sufcient category-specic images for each possible attribute, even if we did not mind the labeling effort. More importantly, as discussed above, our idea for transfer learning jointly in two label spaces is new, and, unlike the prior work, we can infer new classiers without training examples.",
                    "embedding": null,
                    "h": null,
                    "parent": {
                        "py/id": 24
                    },
                    "py/object": "tree.TextTree"
                }
            ],
            "content": "2. Related Work",
            "embedding": null,
            "h": null,
            "parent": {
                "py/id": 0
            },
            "py/object": "tree.TextTree"
        },
        {
            "c": null,
            "children": [
                {
                    "c": null,
                    "children": [
                        {
                            "c": null,
                            "children": [],
                            "content": "In existing systems, attributes are trained in a categoryindependent manner [12, 4, 13, 19, 16, 17]. Positive exemplars consist of images from various object categories, and they are used to train a discriminative model to detect the attribute in novel images. We will refer to such attributes as universal.",
                            "embedding": null,
                            "h": null,
                            "parent": {
                                "py/id": 38
                            },
                            "py/object": "tree.TextTree"
                        },
                        {
                            "c": null,
                            "children": [],
                            "content": "In this work, we challenge the convention of learning attributes in a completely category-independent manner. As discussed above, while attributes\u2019 visual cues are often shared among some objects, the sharing is not universal. It can dilute the learning process to pool cross-category exemplars indiscriminately.",
                            "embedding": null,
                            "h": null,
                            "parent": {
                                "py/id": 38
                            },
                            "py/object": "tree.TextTree"
                        },
                        {
                            "c": null,
                            "children": [],
                            "content": "The naive solution to instead train category-sensitive attributes would be to partition training exemplars by their category labels, and train one attribute per category. Were labeled examples of all possible attribute+object combinations abundantly available, such a strategy might be sufcient. However, in initial experiments with large-scale datasets, we found that this approach is actually inferior toseen objects are learned by listing their attributes.training a single universal attribute. We attribute this to two things: (1) even in large-scale collections, the long-tailed distribution of object/scene/attribute occurrences in the real world means that some label pairs will be undersampled, leaving inadequate exemplars to build a statistically sound model, and (2) this naive approach completely ignores attributes\u2019 inter-class semantic ties.",
                            "embedding": null,
                            "h": null,
                            "parent": {
                                "py/id": 38
                            },
                            "py/object": "tree.TextTree"
                        },
                        {
                            "c": null,
                            "children": [],
                            "content": "To overcome these shortcomings, we instead use an importance-weighted support vector machine (SVM) to train each category-sensitive attribute. Let each training example (xi, yi) consist of an image descriptor xi \u2208 \u211cD and its binary attribute label yi \u2208 {\u22121, 1}. Suppose we are learning \u201cfurriness\u201d for dogs. We use examples from all categories (dogs, cats, etc.), but place a higher penalty on violating attribute label constraints for the same category (the dog instances). This amounts to an SVM objective for the hyperplane w:xi \u2265 1 \u2212 \u03bei; \u2200i \u2208 Sxj \u2265 1 \u2212 \u03b3j; \u2200j \u2208 Oyj w \u03bei \u2265 0; \u03b3j \u2265 0,where the sets S and O denote those training instances in the same-class (dog) and other classes (non-dogs), respectively, and Cs and Co are slack penalty constants. Note, S and O contain both positive and negative examples for the attribute in consideration.",
                            "embedding": null,
                            "h": null,
                            "parent": {
                                "py/id": 38
                            },
                            "py/object": "tree.TextTree"
                        },
                        {
                            "c": null,
                            "children": [],
                            "content": "Instance re-weighting is commonly used, e.g., to account for label imbalance between positives and negatives. Here, by setting Co < Cs, the out-of-class examples of the attribute serve as a simple prior for which features are relevant. This way we benet from more training examples when there are few category-specic examples of the attribute, but we are inclined to ignore those that deviate too far from the category-sensitive denition of the property. As we will see in results, these models typically outperform their universal counterparts.",
                            "embedding": null,
                            "h": null,
                            "parent": {
                                "py/id": 38
                            },
                            "py/object": "tree.TextTree"
                        }
                    ],
                    "content": "3.1. Learning Category(cid:173)Sensitive Attributes",
                    "embedding": null,
                    "h": null,
                    "parent": {
                        "py/id": 36
                    },
                    "py/object": "tree.TextTree"
                },
                {
                    "c": null,
                    "children": [
                        {
                            "c": null,
                            "children": [],
                            "content": "Next we dene a tensor to capture the structure underlying many such category-sensitive models. Let m = 1, . . . , M index the M possible attributes in the vocabulary, and let n = 1, . . . , N index the N possible object/scene categories. Let w(n, m) denote a category-sensitive SVM weight vector trained for the n-th object and m-th attribute using Eqn. 1.",
                            "embedding": null,
                            "h": null,
                            "parent": {
                                "py/id": 50
                            },
                            "py/object": "tree.TextTree"
                        },
                        {
                            "c": null,
                            "children": [],
                            "content": "We construct a 3D tensor W \u2208 \u211cN \u00d7M \u00d7D using all available category-sensitive models. Each entry wd nm contains the value of the d-th dimension of the classier w(n, m). For a linear SVM, this value re\ufb02ects the impact ofthe d-th dimension of the feature descriptor x for determining the presence/absence of attribute m for the object class n. To use non-linear SVM classiers, we use the efcient kernel map approach of [23], which computes explicit linear embeddings for additive kernels, including the intersection and \u03c72 kernels commonly used in visual recognition. This lets us maintain an explicit tensor W while still benetting from more powerful non-linear classiers.3 In this case, D is the dimension of the feature map embedding, and all else is the same. We test both variants in our experiments.",
                            "embedding": null,
                            "h": null,
                            "parent": {
                                "py/id": 50
                            },
                            "py/object": "tree.TextTree"
                        },
                        {
                            "c": null,
                            "children": [],
                            "content": "The resulting tensor is quite sparse. We can only ll entries for which we have class-specic positive and negative training examples for the attribute of interest. In today\u2019s most comprehensive attribute datasets [19, 17], this means only \u223c 25% of the possible object-attribute combinations can be trained in a category-sensitive manner. Rather than resort to universal models for those \u201cmissing\u201d combinations, we propose to use the latent factors for the observed classiers to synthesize analogous models for the unobserved classiers, as we explain next.",
                            "embedding": null,
                            "h": null,
                            "parent": {
                                "py/id": 50
                            },
                            "py/object": "tree.TextTree"
                        }
                    ],
                    "content": "3.2. Object(cid:173)Attribute Classier Tensor",
                    "embedding": null,
                    "h": null,
                    "parent": {
                        "py/id": 36
                    },
                    "py/object": "tree.TextTree"
                },
                {
                    "c": null,
                    "children": [
                        {
                            "c": null,
                            "children": [],
                            "content": "Having learned how certain attributes look for certain object categories, our goal is to transfer that knowledge to hypothesize how the same attributes will look for other object categories. In this way, we aim to infer analogous attributes: category-sensitive attribute classiers for objects that lack attribute-labeled data. We pose the \u201cmissing classier\u201d problem as a tensor completion problem. We recover the latent factors for the 3D object-attribute tensor W, and use them to impute the unobserved classier parameters.",
                            "embedding": null,
                            "h": null,
                            "parent": {
                                "py/id": 58
                            },
                            "py/object": "tree.TextTree"
                        },
                        {
                            "c": null,
                            "children": [],
                            "content": "Let O \u2208 \u211cK\u00d7N , A \u2208 \u211cK\u00d7M , and C \u2208 \u211cK\u00d7D denote matrices whose columns are the K-dimensional latent feature vectors for each object, attribute, and classier dimension, respectively. We assume that wd nm can be expressed as an inner product of latent factors,where a subscript denotes a column of the matrix. In matrix form, we have W \u2248 PK k=1 Ok \u25e6 Ak \u25e6 C k, where a superscript denotes the row in the matrix, and \u25e6 denotes the vector outer product.",
                            "embedding": null,
                            "h": null,
                            "parent": {
                                "py/id": 58
                            },
                            "py/object": "tree.TextTree"
                        },
                        {
                            "c": null,
                            "children": [],
                            "content": "The latent factors of the tensor W are what affect how the various attributes, objects, and image descriptors covary. What might they correspond to? We expect some will capture mixtures of two or more attributes, e.g., factors distinguishing how \u201cspots\u201d appear on something \u201c\ufb02at\u201d vs. how they appear on something \u201cbumpy\u201d. The latent factors can also capture useful clusters of objects, or supercategories, that exhibit attributes in common ways. Some might capture other attributes beyond the M portrayed in the trainingimages\u2014namely, those that help explain structure in the objects and other attributes we have observed.",
                            "embedding": null,
                            "h": null,
                            "parent": {
                                "py/id": 58
                            },
                            "py/object": "tree.TextTree"
                        },
                        {
                            "c": null,
                            "children": [],
                            "content": "We use Bayesian probabilistic tensor factorization [28] to recover the latent factors. Using this model, the likelihood for the explicitly trained classiers (Sec. 3.1) isp(W|O, A, C, \u03b1) = \u03a0Nwhere N (w|\u00b5, \u03b1) denotes a Gaussian with mean \u00b5 and precision \u03b1, and Inm = 1 if object n has an explicit category-sensitive model for attribute m, and Inm = 0 otherwise. For each of the latent factors On, Am, and Cd, we use Gaussian priors. Let \u0398 represent all their means and covariances. Following [28], we compute a distribution for each missing tensor value by integrating out over all model parameters and hyper-parameters, given all the observed attribute classiers:nm|On, Am, Cd, \u03b1)p(O, A, C, \u03b1, \u0398|W) d{O, A, C, \u03b1, \u0398}.nm|W) = Z p( \u02c6wd After initializing with the MAP estimates of the three this distribution is approximated usingfactor matrices, Markov chain Monte Carlo (MCMC) sampling:",
                            "embedding": null,
                            "h": null,
                            "parent": {
                                "py/id": 58
                            },
                            "py/object": "tree.TextTree"
                        },
                        {
                            "c": null,
                            "children": [],
                            "content": "Each of the L samples {O(l) d , \u03b1(l)} is generated with Gibbs sampling on a Markov chain whose stationary distribution is the posterior over the model parameters and hyper-parameters. We use conjugate distributions as priors for all the Gaussian hyper-parameters to facilitate sampling. See [28] for details.",
                            "embedding": null,
                            "h": null,
                            "parent": {
                                "py/id": 58
                            },
                            "py/object": "tree.TextTree"
                        },
                        {
                            "c": null,
                            "children": [],
                            "content": "We use these factors to generate analogous attributes. Suppose we have no labeled examples showing an object of category n with attribute m (or, as is often the case, we have so few that training a category-sensitive model is problematic). Despite having no training examples, we can use the tensor to directly infer the classier parametersnm, . . . , \u02c6wDnm is the mean of the distribution in Eq. (3). Our method is quite efcient. For the datasets in Sec. 4, training all explicit category-sensitive models takes around 5 minutes. Factorizing the tensor with M = 59 and N = 280 and D = 512 takes around 180 seconds. Then inferring a new attribute classier takes 0.05 seconds.",
                            "embedding": null,
                            "h": null,
                            "parent": {
                                "py/id": 58
                            },
                            "py/object": "tree.TextTree"
                        }
                    ],
                    "content": "3.3. Inferring Analogous Attributes",
                    "embedding": null,
                    "h": null,
                    "parent": {
                        "py/id": 36
                    },
                    "py/object": "tree.TextTree"
                },
                {
                    "c": null,
                    "children": [
                        {
                            "c": null,
                            "children": [],
                            "content": "We stress that while tensor completion itself is certainly not new, prior work in vision [15, 7, 22, 24] and data mining (e.g., [11, 28]) focuses on inferring missing data instancesor missing labels. For example, for data problems, the tensor could be a corrupted video in which one wants to inpaint missing voxels [15]; for missing label problems, the tensor could be the movie ratings given by different users for various lms over time, and one wants to guess how a user would rate a new movie [28].",
                            "embedding": null,
                            "h": null,
                            "parent": {
                                "py/id": 72
                            },
                            "py/object": "tree.TextTree"
                        },
                        {
                            "c": null,
                            "children": [],
                            "content": "In contrast, we propose to use factorization to infer classiers within a tensor representing two inter-related label spaces. Our idea has two key useful implications. First, it leverages the interplay of both label spaces to generate new classiers without seeing any labeled instances. This is a novel form of transfer learning. Second, by working directly in the classier space, we have the advantage of rst isolating the low-level image features that are informative for the observed attributes. This means the input training images can contain realistic (un-annotated) variations. In comparison, existing data tensor approaches often assume a strict level of alignment; e.g., for faces, examples are curated under n specic lighting conditions, m specic expressions, etc. [22, 24].",
                            "embedding": null,
                            "h": null,
                            "parent": {
                                "py/id": 72
                            },
                            "py/object": "tree.TextTree"
                        },
                        {
                            "c": null,
                            "children": [],
                            "content": "Our design also means that the analogous attributes can transfer information from multiple objects and/or attributes simultaneously. That means, for example, our model is not restricted to transferring the \ufb02ufness of a dog from the \ufb02ufness of a cat; rather, its analogous model for dog \ufb02ufness might just as well result from transferring a mixture of cues from carpet \ufb02ufness, dog spottedness, and cat shape.",
                            "embedding": null,
                            "h": null,
                            "parent": {
                                "py/id": 72
                            },
                            "py/object": "tree.TextTree"
                        },
                        {
                            "c": null,
                            "children": [],
                            "content": "In general, transfer learning can only succeed if the source and target classes are related. Similarly, we will only nd an accurate low-dimensional set of factors if some common structure exists among the explicitly trained categorysensitive models. Nonetheless, a nice property of our formulation is that even if the tensor is populated with a variety of classes\u2014some with no ties\u2014analogous attribute inference can still succeed. Distinct latent factors can cover the different clusters in the observed classiers. For similar reasons, our approach naturally handles the question of \u201cwhere to transfer\u201d: sources and targets are never manually specied. Below, we consider the impact of building the tensor with a large number of semantically diverse categories versus a smaller number of closely related categories.",
                            "embedding": null,
                            "h": null,
                            "parent": {
                                "py/id": 72
                            },
                            "py/object": "tree.TextTree"
                        }
                    ],
                    "content": "3.4. Discussion",
                    "embedding": null,
                    "h": null,
                    "parent": {
                        "py/id": 36
                    },
                    "py/object": "tree.TextTree"
                }
            ],
            "content": "3. Approach",
            "embedding": null,
            "h": null,
            "parent": {
                "py/id": 0
            },
            "py/object": "tree.TextTree"
        },
        {
            "c": null,
            "children": [
                {
                    "c": null,
                    "children": [
                        {
                            "c": null,
                            "children": [],
                            "content": "First we test whether category-sensitive attributes are even benecial. We explicitly train category-sensitive attribute classiers using importance-weighted SVMs, as described in Sec. 3.1. This yields 1,498 and 6,118 classiers for ImageNet and SUN, respectively. We compare their predictions to those of universal attributes, where we train one model for each attribute (M = 25 for ImageNet",
                            "embedding": null,
                            "h": null,
                            "parent": {
                                "py/id": 84
                            },
                            "py/object": "tree.TextTree"
                        },
                        {
                            "c": null,
                            "children": [],
                            "content": "Inferred (Ours) Adopt similar One-shot Chance 0.5183 0.5408",
                            "embedding": null,
                            "h": null,
                            "parent": {
                                "py/id": 84
                            },
                            "py/object": "tree.TextTree"
                        },
                        {
                            "c": null,
                            "children": [],
                            "content": "Table 1. Accuracy (mAP) of attribute prediction. Category-sensitive models improve over standard universal models, and our inferred classiers nearly match their accuracy with no training image examples. Traditional forms of transfer (rightmost two columns) fall short, showing the advantage of exploiting the 2D label space for transfer, as we propose. These results are averages over thousands of attributes; category-sensitive attributes achieve an average gain of 0.15 in AP in 76% of the cases.and M = 59 for SUN). When learning an attribute, both models have access to the exact same images; the universal method ignores the category labels, while the categorysensitive method puts more emphasis on the in-category examples.4 We evaluate both methods on the same test set.",
                            "embedding": null,
                            "h": null,
                            "parent": {
                                "py/id": 84
                            },
                            "py/object": "tree.TextTree"
                        },
                        {
                            "c": null,
                            "children": [],
                            "content": "Table 1 (cols 4 and 5) shows the results, in terms of mean average precision across all 84 attributes and 664 categories. Among those, our category-sensitive models meet or exceed the universal approach 76% of the time, with average increases of 0.15 in AP, and gains of up to 0.83 in AP for some attributes. This indicates that the status quo [12, 4, 13, 19, 16, 17] pooling of training images across categories is indeed detrimental.",
                            "embedding": null,
                            "h": null,
                            "parent": {
                                "py/id": 84
                            },
                            "py/object": "tree.TextTree"
                        }
                    ],
                    "content": "4.1. Category(cid:173)Sensitive vs. Universal Attributes",
                    "embedding": null,
                    "h": null,
                    "parent": {
                        "py/id": 82
                    },
                    "py/object": "tree.TextTree"
                },
                {
                    "c": null,
                    "children": [
                        {
                            "c": null,
                            "children": [],
                            "content": "The results so far establish that category-sensitive attributes are desirable. However, the explicit models above are impossible to train for 18K of the \u223c26K possible attributes in these datasets. This is where our method comes in. It can infer all remaining 18K attribute models even without class-specic labeled training examples.",
                            "embedding": null,
                            "h": null,
                            "parent": {
                                "py/id": 94
                            },
                            "py/object": "tree.TextTree"
                        },
                        {
                            "c": null,
                            "children": [],
                            "content": "We perform leave-one-out testing: in each round, we remove one observed classier (a white entry in Figure 2), and infer it with our tensor factorization approach. Note that even though we are removing one at a time, the full tensor is always quite sparse due to the available data. Namely, only 16% (in ImageNet) and 37% (in SUN) of all possible category-sensitive classiers can be explicitly trained.",
                            "embedding": null,
                            "h": null,
                            "parent": {
                                "py/id": 94
                            },
                            "py/object": "tree.TextTree"
                        },
                        {
                            "c": null,
                            "children": [],
                            "content": "Table 1 (cols 4 to 6) shows this key result. In this experiment, the explicitly trained category-sensitive result is the \u201cupper bound\u201d; it shows how well the model trained with real category-specic images can do. We see that our inferred analogous attributes (col 6) are nearly as accurate, yet use zero category-specic labeled images. They approximate the explicitly trained models well. Most importantly, our inferred models remain more accurate than the universal approach. Our inferred attributes again meet or exceed the universal model\u2019s accuracy 79% of the time, with gains averaging 0.13 in AP.",
                            "embedding": null,
                            "h": null,
                            "parent": {
                                "py/id": 94
                            },
                            "py/object": "tree.TextTree"
                        },
                        {
                            "c": null,
                            "children": [],
                            "content": "We stress that our method infers models for all missing attributes. That is, using the explicitly trained attributes, it infers another 8, 064 and 10, 407 classiers on ImageNet and SUN, respectively. While the category-sensitivemethod would require \u223c 20 labeled examples per classier to train those models, our method uses zero. That amounts to saving 348K total labeled images. That in turn means saving $17,400 in labeling costs, if we were to pay $0.05 per image for MTurkers to both track down and label images exhibiting all those class-attribute pairings. (Due to ground truth availability, though, we can only validate against the held-out attributes.)",
                            "embedding": null,
                            "h": null,
                            "parent": {
                                "py/id": 94
                            },
                            "py/object": "tree.TextTree"
                        },
                        {
                            "c": null,
                            "children": [],
                            "content": "The results so far presume we know which category\u2019s attribute model to apply to a novel image. If we further require the category to be predicted automatically\u2014 by marginalizing over the category label to estimate the attribute probability\u2014our results remain similar. In particular, the explicit category-sensitive results (col 4 of Table 1) become 0.7249 and 0.6419, and the inferred results (col 6) become 0.7218 and 0.6401\u2014still better than universal.",
                            "embedding": null,
                            "h": null,
                            "parent": {
                                "py/id": 94
                            },
                            "py/object": "tree.TextTree"
                        },
                        {
                            "c": null,
                            "children": [],
                            "content": "Table 1 also compares our approach to conventional transfer learning. The rst transfer baseline infers the missing classier simply by adopting the category-sensitive attribute of the category that is semantically closest to it, where semantic distance is measured via WordNet using [3] (not available for SUN). For example, if there are no furrydog exemplars, we adopt the wolf\u2019s \u201cfurriness\u201d classier. The second transfer baseline additionally uses one categoryspecic image example to perform \u201cone-shot\u201d transfer (e.g., it trains with both the furry-wolf images plus a furry-dog example).5 Unlike the transfer baselines, our method uses neither prior knowledge about semantic distances nor labeled class-specic examples. We see that our approach is substantially more accurate than both transfer methods. This result highlights the benet of our novel approach to transfer, which leverages both label spaces (categories and their attributes) simultaneously.",
                            "embedding": null,
                            "h": null,
                            "parent": {
                                "py/id": 94
                            },
                            "py/object": "tree.TextTree"
                        },
                        {
                            "c": null,
                            "children": [],
                            "content": "Which attributes does our method transfer? That is, which objects does it nd to be analogous for an attribute? To examine this, we rst take a category j and identify its neighboring categories in the latent feature space, i.e., in terms of Euclidean distance among the columns of O \u2208 \u211cK\u00d7N . Then, for each neighbor i, we sort its attribute classiers (w(i, :), real or inferred) by their maximal cosine similarity to any of category j\u2019s attributes w(j, :). The resulting shortlist helps illustrate which attribute+category pairs our method expects to transfer to category j.performs similarly whether it uses them or not.was weaker than the results reported above.",
                            "embedding": null,
                            "h": null,
                            "parent": {
                                "py/id": 94
                            },
                            "py/object": "tree.TextTree"
                        },
                        {
                            "c": null,
                            "children": [],
                            "content": "Figure 3. Analogous attribute examples for ImageNet (top) and SUN (bottom). Words above each neighbor indicate the 3 most similar attributes (learned or inferred) between leftmost query category and its neighboring categories in latent space. Query category:neighbor category = 1.Bottle: lter, syrup, bullshot, gerenuk. 2.Platypus: giraffe, ungulate, rorqual, patas. 3.Airplane cabin: aquarium, boat deck, conference center, art studio. 4.Courtroom: cardroom, \ufb02orist shop, performance arena, beach house.",
                            "embedding": null,
                            "h": null,
                            "parent": {
                                "py/id": 94
                            },
                            "py/object": "tree.TextTree"
                        },
                        {
                            "c": null,
                            "children": [],
                            "content": "Figure 3 shows 4 such examples, with one representative image for each category. We see neighboring categories in the latent space are often semantically related (e.g., syrup/bottle) or visually similar (e.g., airplane cabin/conference center); although our method receives no explicit side information on semantic distances, it discovers these ties through the observed attribute classiers. Some semantically more distant neighbors (e.g., platypus/rorqual, courtroom/cardroom) are also discovered to be amenable to transfer. The words in Figure 3 are the neighboring categories\u2019 top 3 analogous attributes for the numbered category to their left (not attribute predictions for those images). It seems quite intuitive that these would be suited for transfer. Next we look more closely at where our method succeeds and fails. Figure 4 shows the top (bottom) ve category+attribute combinations for which our inferred classiers most increase (decrease) the AP, per dataset. As expected, we see our method most helps when the visual appearance of the attribute on an object is quite different from the common case, such as \u201cspots\u201d on the killer whale. On the other hand, it can detract from the universal model when an attribute is more consistent in appearance, such as \u201cblack\u201d, or where more varied examples help capture a generic concept, such as \u201csymmetrical\u201d.",
                            "embedding": null,
                            "h": null,
                            "parent": {
                                "py/id": 94
                            },
                            "py/object": "tree.TextTree"
                        },
                        {
                            "c": null,
                            "children": [],
                            "content": "Figure 5 shows qualitative examples that support these ndings. We show the image for each method that was predicted to most condently exhibit the named attribute. By inferring analogous attributes, we better capture objectspecic properties. For example, while our method correctly res on a \u201csmooth wheel\u201d, the universal model mistakes a Ferris Wheel as \u201csmooth\u201d, likely due to the smoothness of the background, which might look like other classes\u2019 instantiations of smoothness.",
                            "embedding": null,
                            "h": null,
                            "parent": {
                                "py/id": 94
                            },
                            "py/object": "tree.TextTree"
                        },
                        {
                            "c": null,
                            "children": [],
                            "content": "Figure 4. (Category,attribute) pairs for which our inferred models most improve (left) or hurt (right) the universal baseline.e e h W h t o o m S Sr e z u a n h c S e t i h h W Wr o o d t u O d e s o l c n e it o H d u o C C",
                            "embedding": null,
                            "h": null,
                            "parent": {
                                "py/id": 94
                            },
                            "py/object": "tree.TextTree"
                        },
                        {
                            "c": null,
                            "children": [],
                            "content": "Figure 5. Test images that our method (top row) and the universal method (bottom row) predicted most condently as having the named attribute. (X = positive for the attribute, X = negative, according to ground truth.)",
                            "embedding": null,
                            "h": null,
                            "parent": {
                                "py/id": 94
                            },
                            "py/object": "tree.TextTree"
                        }
                    ],
                    "content": "4.2. Inferring Analogous Attributes",
                    "embedding": null,
                    "h": null,
                    "parent": {
                        "py/id": 82
                    },
                    "py/object": "tree.TextTree"
                },
                {
                    "c": null,
                    "children": [
                        {
                            "c": null,
                            "children": [],
                            "content": "In all results so far, we make no attempt to restrict the tensor to ensure semantic relatedness. The fact our method succeeds in this case indicates that it is capable of discovering clusters of classiers for which transfer is possible, and is fairly resistant to negative transfer.",
                            "embedding": null,
                            "h": null,
                            "parent": {
                                "py/id": 120
                            },
                            "py/object": "tree.TextTree"
                        },
                        {
                            "c": null,
                            "children": [],
                            "content": "Still, we are curious whether restricting the tensor to classes that have tight semantic ties could enhance performance. We therefore test two variants: one where we restrict the tensor to closely related objects (i.e., downsampling the rows), and one where we restrict it to closely related attributes (i.e., downsampling the columns). To select a set of closely related objects, we use WordNet to extract sibling synsets for different types of dogs in ImageNet. This yields 42 categories, such as puppy, courser, coonhound, corgi. To select a set of closely related attributes, we extract only the color attributes.",
                            "embedding": null,
                            "h": null,
                            "parent": {
                                "py/id": 120
                            },
                            "py/object": "tree.TextTree"
                        },
                        {
                            "c": null,
                            "children": [],
                            "content": "Table 2 shows the results. We use the same leave-oneout protocol of Sec. 4.2, but during inference we only consider category-sensitive classiers among the selected categories/attributes. We see that the inferred attributes are stronger with the category-focused tensor, raising accuracy from 0.7173 to 0.7358, closer to the upper bound. This sug",
                            "embedding": null,
                            "h": null,
                            "parent": {
                                "py/id": 120
                            },
                            "py/object": "tree.TextTree"
                        },
                        {
                            "c": null,
                            "children": [],
                            "content": "Table 2. Attribute label prediction mAP when restricting the tensor to semantically close classes. The explicitly trained categorysensitive classiers serve as an upper bound.linear SVM \u03c72 SVM Table 3. Using kernel maps [23] to infer non-linear SVMs.gests that among the entire dataset, attributes for which categories differ can introduce some noise into the latent factors. On the other hand, when we ignore attributes unrelated to color, the mAP of the inferred classiers remains similar. This may be because color attributes use such a distinct set of image features compared to others (like stripes, round) that the latent factors accounting for them are coherent with or without the other classiers in the mix. From this preliminary test, we can conclude that when semantic side information is available, it could boost accuracy, yet our method achieves its main purpose even when it is not.",
                            "embedding": null,
                            "h": null,
                            "parent": {
                                "py/id": 120
                            },
                            "py/object": "tree.TextTree"
                        }
                    ],
                    "content": "4.3. Focusing on Semantically Close Data",
                    "embedding": null,
                    "h": null,
                    "parent": {
                        "py/id": 82
                    },
                    "py/object": "tree.TextTree"
                },
                {
                    "c": null,
                    "children": [
                        {
                            "c": null,
                            "children": [],
                            "content": "Finally, we demonstrate that our approach is not limited to inferring linear classiers. We use the homogeneous kernel map [23] of order 3 to approximate a \u03c72 kernel nonlinear SVM. This entails mapping the original features to a space in which an inner product approximates the \u03c72 kernel. Using the kernel maps, we repeat the experiment of Sec. 4.2. Table 3 shows the results on ImageNet. The nonlinear classiers boost accuracy for both the explicit and inferred category-sensitive attributes. Unexpectedly, we nd the kernel map SVM decreases accuracy slightly for the universal approach; perhaps due to overtting.",
                            "embedding": null,
                            "h": null,
                            "parent": {
                                "py/id": 130
                            },
                            "py/object": "tree.TextTree"
                        }
                    ],
                    "content": "4.4. Inferring Non(cid:173)linear Classiers",
                    "embedding": null,
                    "h": null,
                    "parent": {
                        "py/id": 82
                    },
                    "py/object": "tree.TextTree"
                }
            ],
            "content": "4. Experimental Results",
            "embedding": null,
            "h": null,
            "parent": {
                "py/id": 0
            },
            "py/object": "tree.TextTree"
        },
        {
            "c": null,
            "children": [
                {
                    "c": null,
                    "children": [],
                    "content": "We introduced a new form of transfer learning, in which analogous classiers are inferred using observed classiers organized according to two inter-related label spaces. We developed a tensor factorization approach that solves the transfer problem, even when no training examples are available for the decision task of interest.",
                    "embedding": null,
                    "h": null,
                    "parent": {
                        "py/id": 134
                    },
                    "py/object": "tree.TextTree"
                },
                {
                    "c": null,
                    "children": [],
                    "content": "Our work highlights the reality that many attributes are not strictly category-independent. We offer a practical tool to ensure category-sensitive models can be trained even if category-specic labeled datasets are not possible. As demonstrated through multiple experiments with two largescale datasets, the idea seems quite promising.",
                    "embedding": null,
                    "h": null,
                    "parent": {
                        "py/id": 134
                    },
                    "py/object": "tree.TextTree"
                },
                {
                    "c": null,
                    "children": [],
                    "content": "In future work, we will explore one-shot extensions of analogous attributes, and analyze their impact for learning relative properties.",
                    "embedding": null,
                    "h": null,
                    "parent": {
                        "py/id": 134
                    },
                    "py/object": "tree.TextTree"
                },
                {
                    "c": null,
                    "children": [],
                    "content": "Acknowledgements This research is supported in part by NSF CAREER IIS-0747356.by their Attributes. In CVPR, 2009.pervised one-shot learning of object categories. In ICCV, 2003.two-factor problems in vision. In CVPR, 1997.embedding for visual object categorization. In ICML, 2013.objects and their attributes. In CVPR, 2011.",
                    "embedding": null,
                    "h": null,
                    "parent": {
                        "py/id": 134
                    },
                    "py/object": "tree.TextTree"
                },
                {
                    "c": null,
                    "children": [],
                    "content": "Classiers for Face Verication. In ICCV, 2009.rowing examples for multiclass object detection. In NIPS, 2002.estimating missing values in visual data. In ICCV, 2009.tating, and recognizing scene attributes. In CVPR, 2012.datasets. In ECCV Workshop on Parts and Attributes, 2010.age ensembles: Tensorfaces. In ECCV, 2002.multilinear models. ACM Trans Graphics, 24(3):426\u2013433, 2005.classes and visual saliency. In ICCV, 2009.detection using adaptive svms. In ACM Multimedia, 2007.category-level attributes for discriminative visual recognition. CVPR, 2013.",
                    "embedding": null,
                    "h": null,
                    "parent": {
                        "py/id": 134
                    },
                    "py/object": "tree.TextTree"
                }
            ],
            "content": "5. Conclusions",
            "embedding": null,
            "h": null,
            "parent": {
                "py/id": 0
            },
            "py/object": "tree.TextTree"
        }
    ],
    "content": "Inferring Analogous Attributes",
    "embedding": null,
    "h": null,
    "parent": null,
    "py/object": "tree.TextTree"
}