{
    "c": null,
    "children": [
        {
            "c": null,
            "children": [
                {
                    "c": null,
                    "children": [],
                    "content": "The rst main contribution of this paper is a novel method for representing images based on a dictionary of shape epitomes. These shape epitomes represent the local edge structure of the image and include hidden variables to encode shift and rotations. They are learnt in an unsupervised manner from groundtruth edges. This dictionary is compact but is also able to capture the typical shapes of edges in natural images. In this paper, we illustrate the shape epitomes by applying them to the image labeling task. In other work, described in the supplementary material, we apply them to edge detection and image modeling.",
                    "embedding": null,
                    "h": null,
                    "parent": {
                        "py/id": 2
                    },
                    "py/object": "tree.TextTree"
                },
                {
                    "c": null,
                    "children": [],
                    "content": "We apply shape epitomes to image labeling by using Conditional Random Field (CRF) Models. They are alternatives to the superpixel or pixel representations used in most CRFs. In our approach, the shape of an image patch is encoded by a shape epitome from the dictionary. Unlike the superpixel representation, our method avoids making early decisions which cannot be reversed. Our resulting hierarchical CRFs efciently capture both local and global class co-occurrence properties. We demonstrate its quantitative and qualitative properties of our approach with image labeling experiments on two standard datasets: MSRC-21 and Stanford Background.",
                    "embedding": null,
                    "h": null,
                    "parent": {
                        "py/id": 2
                    },
                    "py/object": "tree.TextTree"
                }
            ],
            "content": "Abstract",
            "embedding": null,
            "h": null,
            "parent": {
                "py/id": 0
            },
            "py/object": "tree.TextTree"
        },
        {
            "c": null,
            "children": [
                {
                    "c": null,
                    "children": [],
                    "content": "In this paper, we propose a novel representation for local edge structure based on a dictionary of shape epitomes, which were inspired by [12]. This dictionary is learnt from annotated edges and captures the mid-level shape structures. By explicitly encoding shift and rotation invariance into the epitomes, we are able to accurately capture object shapes using a compact dictionary of only ve shape epitomes. In this paper, we explore the potential of shape epitomes by applying them to the task of image labeling. Most modern image labeling systems are based on Conditional Random Fields (CRFs) [18, 20] for integrating local cues with neighborhood constraints. Image segments are typically represented in the pixel domain [9, 17, 26], or in the domain",
                    "embedding": null,
                    "h": null,
                    "parent": {
                        "py/id": 8
                    },
                    "py/object": "tree.TextTree"
                },
                {
                    "c": null,
                    "children": [],
                    "content": "Figure 1. Proposed dictionary of Shape Epitomes in the context of image labeling. Segmentation templates are generated from the shape epitomes, by specifying the values of the hidden variables. Image labels are assigned to the regions within the templates, and thus the local relationship between object classes is explicitly modeled. Note the rotation and shift-invariance illustrated in the second and third shape epitome, respectively.of superpixels (a region of pixels with uniform statistics) [6, 7, 10, 11, 21, 23].",
                    "embedding": null,
                    "h": null,
                    "parent": {
                        "py/id": 8
                    },
                    "py/object": "tree.TextTree"
                },
                {
                    "c": null,
                    "children": [],
                    "content": "One motivation for shape epitomes was the success of segmentation templates for image labeling [27]. These templates also represent the local edge structure but differ from pixels and superpixels because they represent typical edges structures, such as L-junctions, and hence provide a prior model for edge structures. Each patch in the image was encoded by a particular segmentation template with semantic labels assigned to the regions specied by the template, as illustrated in Fig. 1. Segmentation templates, like superpixels, have computational advantages over pixel-based approaches by constraining the search process and also allow enforcing label consistency over large regions. Compared to superpixels, segmentation templates do not make early decisions based on unsupervised over-segmentation and, more importantly, explicitly enumerate the possible spatial congurations of labels making it easier to capture local relations between object classes. See Table 1 for a comparison",
                    "embedding": null,
                    "h": null,
                    "parent": {
                        "py/id": 8
                    },
                    "py/object": "tree.TextTree"
                },
                {
                    "c": null,
                    "children": [],
                    "content": "Explicit Conguration Table 1. General comparison between representations from the aspects of Computation, Flexibility (better align with object shapes), Long-Range consistency, and ability to Explicitly model the local conguration of objects. We improve the \ufb02exibility of templatebased representation by learning a dictionary of shape epitomes.",
                    "embedding": null,
                    "h": null,
                    "parent": {
                        "py/id": 8
                    },
                    "py/object": "tree.TextTree"
                },
                {
                    "c": null,
                    "children": [],
                    "content": "But those segmentation-templates [27] have limitations. Firstly, they were hand-specied. Secondly, there were not invariant to shift and rotation which implies that a very large number of them would be needed to give an accurate representation of edge structures in the images (Zhu et al [27] used only thirty segmentation-templates which meant that they could only represent the edges very roughly).",
                    "embedding": null,
                    "h": null,
                    "parent": {
                        "py/id": 8
                    },
                    "py/object": "tree.TextTree"
                },
                {
                    "c": null,
                    "children": [],
                    "content": "Each shape epitome can be thought of a set of segmentation-templates which are indexed by hidden variable corresponding to shift and rotation. More precisely, a shape epitome consists of two square regions one inside the other. The hidden variable allows the inner square region to shift and rotate within the the bigger square, as shown in Fig. 1. The hidden variable species the shift and rotation. In the current paper, each shape epitome corresponds to 81 \u00d7 4 = 324 segmentation-templates. Hence, as we will show, a small dictionary of shape epitomes is able to accurately represent the edge structures (see Sec. 4.3.1). Intuitively the learned dictionary captures generic mid-level shape-structures, hence making it transferable across datasets. By explicitly encoding shift and rotation invariance, our learned epitomic dictionary is compact and only uses ve shape epitomes. We also show that shape epitomes can be generalized to allow the inner square to expand which allow the representation to deal with scale (see Sec. 4.3.4).",
                    "embedding": null,
                    "h": null,
                    "parent": {
                        "py/id": 8
                    },
                    "py/object": "tree.TextTree"
                },
                {
                    "c": null,
                    "children": [],
                    "content": "We propose shape epitomes as a general purpose representation for edge structures (i.e. a mid-level image description). In this paper we illustrate them by applying them to the image labeling task. In the supplementary material we show how they can be also used for edge detection and for local appearance modeling. For image labeling, we consider three increasingly more complex models, which adapt current CRF techniques for shape epitomes. We use patches at a single ne resolution whose shape is encoded by a segmentation template (i.e. a shape epitome with hidden variable specied). The patches are overlapping, thus allowing neighbors to directly communicate with each other and nd congurations which are consistent in their area of overlap (Model-1). We explore two enhancements of this basic model: Adding global nodes to enforce image-level consistency (Model-2) and also further adding an auxiliary node to encourage sparsity among active global nodes, i.e., encourage that only few object classes occur within an image (Model-3). We conduct experiments on two standard datasets, MSRC-21 and Stanford Background, obtaining promising results.",
                    "embedding": null,
                    "h": null,
                    "parent": {
                        "py/id": 8
                    },
                    "py/object": "tree.TextTree"
                },
                {
                    "c": null,
                    "children": [],
                    "content": "Related work. Our model is based on the success of several works. First, the ability to generate an image from a condensed epitomic representation [12]. We leverage on this idea to learn a dictionary of shape epitomes. Each segmentation template is generated within a shape epitome. This encodes the shift-invariance into the dictionary, since a segmentation template is able to move within a shape epitome. Besides, we encode rotation invariance by allowing the shape epitome to rotate by 0, 90, 180, and 270 degrees. Second, the potential of using template-based representation and overlapped patches. It has been shown that learning the generic patterns capturing statistics over large neighborhoods can be benecial for image denoising [24] and image labeling [15]. Besides, nding the mutual consensus between neighboring nodes by using overlapped patches [28] has shown to be effective. Similar ideas have been applied to image labeling [16]. However, they did not learn a dictionary for object shapes.",
                    "embedding": null,
                    "h": null,
                    "parent": {
                        "py/id": 8
                    },
                    "py/object": "tree.TextTree"
                },
                {
                    "c": null,
                    "children": [],
                    "content": "Third, the power of introducing simple global nodes for image labeling. Ladicky et al. [19] introduced global nodes that can take values from the predened label set L and a \u201cfree\u201d label. There is no energy cost, when the global node takes the free label. Gonfaus et al. [8] proposed a harmony model to generalize the idea by allowing the global node to take labels from the power set of L. However, it is computationally challenging to nd the most probable state for the global node from the power set. Then, Lucchi et al. [22] proposed the Class Independent Model (CIM) to decompose the global node into |L| global nodes. Our model moves further based on the CIM by encoding the imagelevel co-occurrence, and adding an auxiliary node to encourage the sparsity of active global nodes, similar to [4].",
                    "embedding": null,
                    "h": null,
                    "parent": {
                        "py/id": 8
                    },
                    "py/object": "tree.TextTree"
                },
                {
                    "c": null,
                    "children": [],
                    "content": "Structure. Sec. 2 describes our method of learning a dictionary of shape epitomes, and Sec. 3 describes our model based on CRF. Experimental results are discussed in Sec. 4.",
                    "embedding": null,
                    "h": null,
                    "parent": {
                        "py/id": 8
                    },
                    "py/object": "tree.TextTree"
                }
            ],
            "content": "1. Introduction",
            "embedding": null,
            "h": null,
            "parent": {
                "py/id": 0
            },
            "py/object": "tree.TextTree"
        },
        {
            "c": null,
            "children": [
                {
                    "c": null,
                    "children": [],
                    "content": "In this section, we present our algorithm for learning thedictionary of shape epitomes from annotated images.",
                    "embedding": null,
                    "h": null,
                    "parent": {
                        "py/id": 30
                    },
                    "py/object": "tree.TextTree"
                },
                {
                    "c": null,
                    "children": [],
                    "content": "To learn the generic dictionary, we use the BSDS500 dataset [1], which provides ground truth of object boundaries. Given that, we extract M \u00d7 M patches around the shape boundaries (called shape patches). We cluster these shape patches using afnity propagation [5] to build our shape epitomes (note that the size of shape patches is the same as that of shape epitomes). The segmentation templates are of smaller size m \u00d7 m (m < M) than the shapeepitomes, and are generated as sub-windows of them. By generating the segmentation template from a larger shape epitome, we are able to explicitly encode shift-invariance into the dictionary, as illustrated in Fig. 1. Therefore, one shape epitome compactly groups many segmentation templates which are shifted versions of each other. Clustering by afnity propagation requires a similarity measure F (P1, P2) between two M \u00d7 M shape patches P1 and P2. We induce F (P1, P2) from another similarity measure FT (T1, T2) between two m \u00d7 m segmentation templates T1 and T2 extracted from P1 and P2, respectively. Specically, let T (i, j) denote the segmentation template extracted from P and centered at (i, j), with (0, 0) being the center of P . We dene the similarity between the two shape patches P1 and P2 to beas illustrated in Fig. 2. We employ the covering of the template T1 by the template T2 [1] as the similarity measure FT (T1, T2) between them: 1|T2|where r1 and r2 are the regions in templates T1 and T2, respectively, and |r| is the area of region r. Note that FT (T1, T2) and consequently F (P1, P2) range from 0 (no similarity) to 1 (full similarity).",
                    "embedding": null,
                    "h": null,
                    "parent": {
                        "py/id": 30
                    },
                    "py/object": "tree.TextTree"
                },
                {
                    "c": null,
                    "children": [],
                    "content": "Directly applying afnity propagation results in many similar shape epitomes because simple horizontal or vertical boundaries are over-represented in the training set. We follow [13] and grow the dictionary incrementally, ensuring that each newly added shape epitome is separated from previous ones by at least distance t, as follows:",
                    "embedding": null,
                    "h": null,
                    "parent": {
                        "py/id": 30
                    },
                    "py/object": "tree.TextTree"
                }
            ],
            "content": "2. Learning a dictionary of shape epitomes",
            "embedding": null,
            "h": null,
            "parent": {
                "py/id": 0
            },
            "py/object": "tree.TextTree"
        },
        {
            "c": null,
            "children": [],
            "content": "1. Clustering. Apply afnity propagation to nd one shape epitome that contains the most members (i.e., the largest cluster) in current training set.",
            "embedding": null,
            "h": null,
            "parent": {
                "py/id": 0
            },
            "py/object": "tree.TextTree"
        },
        {
            "c": null,
            "children": [],
            "content": "2. Assigning. For each shape patch in training set, assign it to the shape epitome found in step 1, if their distance, dened as 1 \u2212 F (P1, P2), is smaller than t.",
            "embedding": null,
            "h": null,
            "parent": {
                "py/id": 0
            },
            "py/object": "tree.TextTree"
        },
        {
            "c": null,
            "children": [],
            "content": "3. Update. Remove the shape patches that are assigned",
            "embedding": null,
            "h": null,
            "parent": {
                "py/id": 0
            },
            "py/object": "tree.TextTree"
        },
        {
            "c": null,
            "children": [
                {
                    "c": null,
                    "children": [],
                    "content": "Figure 2. The similarity measure between two shape patches. The optimal value of shift variables (i, j) is shown for this example.",
                    "embedding": null,
                    "h": null,
                    "parent": {
                        "py/id": 44
                    },
                    "py/object": "tree.TextTree"
                },
                {
                    "c": null,
                    "children": [],
                    "content": "The problem of image labeling in this context can be formulated as follows. Given an image I, we represent it by a set of overlapped m\u00d7m patches. The goal is to encode each patch by a segmentation template, and by assigning labels (from a categorical set L) to each region in the segmentation template. Specically, the labeling assignment x is represented by both segmentation template and labels. That is, x = {xi}i\u2208V with xi = {si, li}, where V is the set of patches, si and li denote the type of segmentation template and object labeling, respectively. Note that li is a vector, whose length is the number of regions within the segmentation template. For example, li = (cow, grass) means that label cow and label grass are assigned to the rst region and second region within segmentation template si. We call our models SeCRF, short for Shape epitome CRF.",
                    "embedding": null,
                    "h": null,
                    "parent": {
                        "py/id": 44
                    },
                    "py/object": "tree.TextTree"
                },
                {
                    "c": null,
                    "children": [],
                    "content": "We rst introduce a \ufb02at model, which is represented by a graph with a single layer G = {Vl,El}, as shown in Fig. 3(a). Each node corresponds to a patch region, and it is encoded by both the type of segmentation template and the labels assigned to it. The image region represented by node i (i.e., i-th patch) is denoted by R(i).",
                    "embedding": null,
                    "h": null,
                    "parent": {
                        "py/id": 44
                    },
                    "py/object": "tree.TextTree"
                },
                {
                    "c": null,
                    "children": [],
                    "content": "The energy of x given image I is given by: E(x|I) = E1(x; \u03b11) + E2(x; \u03b12) + E3(s; \u03b13)",
                    "embedding": null,
                    "h": null,
                    "parent": {
                        "py/id": 44
                    },
                    "py/object": "tree.TextTree"
                }
            ],
            "content": "4. Repeat until no shape patch is left in the training set.",
            "embedding": null,
            "h": null,
            "parent": {
                "py/id": 0
            },
            "py/object": "tree.TextTree"
        },
        {
            "c": null,
            "children": [
                {
                    "c": null,
                    "children": [],
                    "content": "The rst term E1(x; \u03b11) is the data term which accumulates the pixel features with respect to certain type of segmentation template and labels assigned to the correspondwhere |L| is the total number of object classes, and \u03c84(u, v, li) is an indicator function which equals one when both object classes u and v belong to li.",
                    "embedding": null,
                    "h": null,
                    "parent": {
                        "py/id": 54
                    },
                    "py/object": "tree.TextTree"
                },
                {
                    "c": null,
                    "children": [],
                    "content": "The fth term E5(x; \u03b15) models the spatial relationship between two classes within a segmentation template. We model only the \u201dabove\u201d relationship. For example, we encourage sky to appear above road, but not vice versa.where \u03c85(u, v, xi) is an indicator function which equals one when object class m is above class n within a certain segmentation template. Note that for some segmentation template that does not have the \u201dabove\u201d relationship (e.g., a template with vertical boundary), this term is not used. 3.2. Model 2: Two-level SeCRF Motivated by the Class Independent Model (CIM) in [22], we add |L| independent global nodes {Vg} to enforce image-level consistency, as shown in Fig. 3(b). A global node encodes the absence or presence of a object class in the image (i.e., yi \u2208 {0, 1},\u2200i \u2208 Vg), and it is densely connected to every local node. We denote the set of edges connecting global nodes and local nodes as {Elg}, and then labeling assignment x = {{xi}i\u2208Vl \u222a {yi}i\u2208Vg }. An extra global-local energy term is added to Equation 2 with each global node yj having a 2-D matrix parameter \u03b1j 6: E6(x; \u03b16) = \u2212",
                    "embedding": null,
                    "h": null,
                    "parent": {
                        "py/id": 54
                    },
                    "py/object": "tree.TextTree"
                },
                {
                    "c": null,
                    "children": [],
                    "content": "Figure 3. Adapting CRFs for segmentation templates. (a) Model 1 uses only a single layer of local nodes. (b) Model 2 adds global nodes to encode global consistency, similar to [22] (but the energy value is soft in our model). (c) Model 3 encodes the pairwise cooccurrence between global nodes, and adds an auxiliary node to encourage the sparsity of active global nodes. (cid:3)ing regions. We set E1(x; \u03b11) = \u2212\u03b11where we dene xp i as the labeling of pixel p in the region |I) is comof segmentation template si. The value P r(xp i puted by a strong classier with features (e.g., lter bank responses) extracted within a region centered at position p. The second term is used to encourage the consistency between neighboring nodes in their area of overlap. For a pixel that is covered by both node i and j, we encourage node i to assign the same label to it as node j. The consistency is dened by using the Hamming distance:where O(i, j) is the overlapped region between nodes i and j, and \u03b4(xp j , and zero, otherwise. In our experiments, we use 4-neighborhood.j ) = 1 if xp",
                    "embedding": null,
                    "h": null,
                    "parent": {
                        "py/id": 54
                    },
                    "py/object": "tree.TextTree"
                },
                {
                    "c": null,
                    "children": [],
                    "content": "The third term encodes the generic prior of segmentation templates. Specically, we binarize the type of si to be either 1, meaning that it contains some type of shapes, or 0, meaning that it contains no shape. (cid:2)",
                    "embedding": null,
                    "h": null,
                    "parent": {
                        "py/id": 54
                    },
                    "py/object": "tree.TextTree"
                },
                {
                    "c": null,
                    "children": [],
                    "content": "The fourth term E4(x; \u03b14) is used to model the cooccurrence of two object classes within a segmentation template. Note that parameter \u03b14 is a 2-D matrix, indexed by u and v, ranging over the label set L.",
                    "embedding": null,
                    "h": null,
                    "parent": {
                        "py/id": 54
                    },
                    "py/object": "tree.TextTree"
                },
                {
                    "c": null,
                    "children": [],
                    "content": "Note that our Model 2 differs from CIM in two parts. First, the value of function \u03c86 is proportional to the number of pixels whose labels are u in the node xi. This formulation is different from the energy cost used in the original CIM, which is either zero or one (i.e., a hard value). On the contrary, we formulate this energy cost as a soft value between zero and one. Second, our local nodes are based on overlapped segmentation templates (not superpixels) so that neighbors can directly communicate with each other. Furthermore, unlike the robust P n model [14], our penalty depends on the region area within a segmentation template, and thus it is a function of the segmentation template type. 3.3. Model 3: Three-level SeCRF",
                    "embedding": null,
                    "h": null,
                    "parent": {
                        "py/id": 54
                    },
                    "py/object": "tree.TextTree"
                },
                {
                    "c": null,
                    "children": [],
                    "content": "We further rene Model 2 by adding image-level classication scores to the unary term of global nodes [25]. Specifically, we train |L| SVM classiers to predict the presenceor absence of object classes, following the pipeline of [2]. The unary energy for global nodes is then dened as follows.",
                    "embedding": null,
                    "h": null,
                    "parent": {
                        "py/id": 54
                    },
                    "py/object": "tree.TextTree"
                },
                {
                    "c": null,
                    "children": [],
                    "content": "C(yi|I) where C(yi|I) is the output of i-th classier.",
                    "embedding": null,
                    "h": null,
                    "parent": {
                        "py/id": 54
                    },
                    "py/object": "tree.TextTree"
                },
                {
                    "c": null,
                    "children": [],
                    "content": "The independency among global nodes in Model 2 ignores the co-occurrence between object classes in the image level. Hence, we add edges {Eg} to connect every pair of global nodes, and dene an energy term on them:where \u03b4(yi = 0) equals one when the global node yi is off. This energy term has the effect of biasing the global nodes.",
                    "embedding": null,
                    "h": null,
                    "parent": {
                        "py/id": 54
                    },
                    "py/object": "tree.TextTree"
                }
            ],
            "content": "3. Adapting CRFs for segmentation templates Having learned the dictionary of shape epitomes, we now proceed to show how we can build models for image labeling on top of it. We propose three models by adapting current CRF models to the template-based representation.",
            "embedding": null,
            "h": null,
            "parent": {
                "py/id": 0
            },
            "py/object": "tree.TextTree"
        },
        {
            "c": null,
            "children": [
                {
                    "c": null,
                    "children": [],
                    "content": "In this section, we rst show the results of learning a dictionary of shape epitomes following the methods described in Sec. 2. We then use this dictionary for image labeling using the SeCRF models of Sec. 3. 4.1. Learned dictionary of shape epitomes",
                    "embedding": null,
                    "h": null,
                    "parent": {
                        "py/id": 74
                    },
                    "py/object": "tree.TextTree"
                },
                {
                    "c": null,
                    "children": [],
                    "content": "We learn the dictionary of shape epitomes from shape patches extracted from the BSDS500 dataset [1]. In the experiment, we x the size of a shape patch to be 25\u00d7 25, and the size of segmentation template 17\u00d7 17, namely M = 25 and m = 17. After applying afnity propagation incrementally with distance t = 0.05, the rst 10 shape epitomes are shown at the top of Fig. 4.",
                    "embedding": null,
                    "h": null,
                    "parent": {
                        "py/id": 74
                    },
                    "py/object": "tree.TextTree"
                },
                {
                    "c": null,
                    "children": [],
                    "content": "For computational and modeling purposes it is desirable to have a compact dictionary consisting of only few shape epitomes. We have found that the rst 5 shape epitomes contain most of the shape patches in the training set of BSDS500, and the cluster size decreases very quickly.",
                    "embedding": null,
                    "h": null,
                    "parent": {
                        "py/id": 74
                    },
                    "py/object": "tree.TextTree"
                },
                {
                    "c": null,
                    "children": [],
                    "content": "In our setting, a segmentation template is allowed to move within a shape epitome for each horizontal and vertical displacement up to \u00b14 pixels. We dene stride as",
                    "embedding": null,
                    "h": null,
                    "parent": {
                        "py/id": 74
                    },
                    "py/object": "tree.TextTree"
                },
                {
                    "c": null,
                    "children": [],
                    "content": "Figure 4. Top row: rst 10 shape epitomes learned by our method. Bottom: a \ufb02at segmentation template (i.e., no shape) and some others generated from the rst 5 shape epitomes. Note that some of them are generated from the rotated shape epitomes.the step-size for horizontal/vertical displacement. For example, if stride = 4, we can generate 9 templates from each shape epitome, only considering the nine templates T (i, j) \u2200i, j \u2208 {\u22124, 0, 4} at all four possible orientations (0, 90, 180 and 270 degrees), ending up with 45 = 9 \u00d7 5 templates per epitome. In total, there are 181(5 \u00d7 45 + 1) segmentation templates, including the \ufb02at one that contains no shape. On the other hand, if stride = 1, we use every template within a shape epitome, resulting in 1621 (81 \u00d7 5 \u00d7 4 + 1) segmentation templates.",
                    "embedding": null,
                    "h": null,
                    "parent": {
                        "py/id": 74
                    },
                    "py/object": "tree.TextTree"
                },
                {
                    "c": null,
                    "children": [],
                    "content": "Using this compact dictionary of 5 shape epitomes sufces to accurately encode the ground truth segmentations in our datasets, as demonstrated in Sec. 4.3.1. As one can observe in Fig. 4, our generated segmentation templates cover the common boundary shapes, such as vertical/horizontal edges, L-junctions, and U-shapes. The learned dictionary thus captures generic mid-level shape-structures and can be used across datasets. We emphasize that we learn it on the BSDS500 dataset and use it unadapted for image labeling on MSRC-21 and Stanford Background datasets.",
                    "embedding": null,
                    "h": null,
                    "parent": {
                        "py/id": 74
                    },
                    "py/object": "tree.TextTree"
                },
                {
                    "c": null,
                    "children": [],
                    "content": "MAP Inference. We use loopy belief propagation (LBP) to minimize the energy function in Equation 2. We prune the unpromising states by rejecting the unlikely proposals whose E1 data terms are too high, similar to [27]. We x the number of states per node to be 100, since in our experiments adding more states only improve the performance marginally at the sacrice of computation time.",
                    "embedding": null,
                    "h": null,
                    "parent": {
                        "py/id": 74
                    },
                    "py/object": "tree.TextTree"
                },
                {
                    "c": null,
                    "children": [],
                    "content": "Learning the parameters. We use the same structureperceptron algorithm [3] as HIM [27], because we would like to have a direct comparison with it by emphasizing on the representation part of our model, not learning.",
                    "embedding": null,
                    "h": null,
                    "parent": {
                        "py/id": 74
                    },
                    "py/object": "tree.TextTree"
                },
                {
                    "c": null,
                    "children": [],
                    "content": "Fusion of predicted labels. The traditional Conditional Random Field models directly assign an object class label to each pixel in the image. On the contrary, our model uses overlapped patches, and each patch is encoded by a segmentation template and by labels assigned to the regions in the template. The number of patches that will cover the same pixel depends on the size of overlap between patches. We set the overlap size to be (m \u2212 1)/2 pixels in all experiments. To nd the labels for every pixel, we fuse the predicted labels for each pixel by letting the patch having the minimal unary energy (E1 + E3 + E4 + E5) determine the nal result of the covered pixel, since the pairwise term E2 already encourages consistency. 4.3. Results",
                    "embedding": null,
                    "h": null,
                    "parent": {
                        "py/id": 74
                    },
                    "py/object": "tree.TextTree"
                },
                {
                    "c": null,
                    "children": [],
                    "content": "For image labeling, we experiment on two datasets: (1) The MSRC-21 with 591 images and |L| = 21 classes, using the original splitting (45% for training, 10% for validation, and 45% for testing) from [26]. (2) The Stanford Background dataset [10] consisting of 715 images and |L| = 8 classes, which we randomly partition into training set (572 images) and test set (143 images). Note in all the experiments, we x M = 25, and m = 17 except in Sec. 4.3.4. 4.3.1. Encoding the ground truth",
                    "embedding": null,
                    "h": null,
                    "parent": {
                        "py/id": 74
                    },
                    "py/object": "tree.TextTree"
                },
                {
                    "c": null,
                    "children": [],
                    "content": "The ground truth provided by the datasets contains the true labeling for each pixel, not the true states of segmentation template type with regions labeled. This experiment is designed to see if our learned dictionary of shape epitomes can accurately encode the ground truth. We estimate the true states of the local nodes by selecting the pairs of segmentation template type and labeling (i.e., nd true xi = (si, li) ) that have maximum overlap with the true pixel labels. For MSRC-21 dataset, our result shows that this encoding of ground truth results in 0.27% error in labeling image pixels, while HIM [27] reported 2% error. This shows that our learned dictionary of shape epitomes is \ufb02exible enough to more accurately encode the MSRC ground truth than the hand-crafted dictionary of [27].",
                    "embedding": null,
                    "h": null,
                    "parent": {
                        "py/id": 74
                    },
                    "py/object": "tree.TextTree"
                },
                {
                    "c": null,
                    "children": [],
                    "content": "Here, we show the advantage of using our learned dictionary of shape epitomes over directly learning a dictionary of segmentation templates (in the latter case, the training shape patches have size m \u00d7 m instead of M \u00d7 M) by conducting experiments on the Stanford Background dataset, which provides more detailed object boundaries. We propose to compare those two dictionaries in terms of the error of encoding the ground truth, when given the same covered areas, which is equivalent to learning the same number of parameters. Suppose the size of the dictionary of shape epitomes is KE, and the size of the dictionary of segmentation templates is KT . Given KE, to cover the same areas, we select KT = 252/172KE. As shown in Fig. 5, our learned dictionary of shape epitomes attains better performance than the dictionary of segmentation templates when given the same number of parameters. 4.3.2. Image labeling: MSRC-21 dataset",
                    "embedding": null,
                    "h": null,
                    "parent": {
                        "py/id": 74
                    },
                    "py/object": "tree.TextTree"
                },
                {
                    "c": null,
                    "children": [],
                    "content": "We generate 9 segmentation templates from each of the 5 shape epitomes in the labeling experiments (i.e., 181 templates totally). In a rst set of experiments we directly compare our models with HIM [27]. We use the same boostingbased data term as HIM, provided by the authors, the maindifference between HIM and our model lying in the representation part. As shown in Fig.7, our learned dictionary encodes the object shapes better than the hand-crafted dictionary used by HIM. Furthermore, both our Model 2 and Model 3 attain better performance than HIM (see Table 3). We also compare our model with the recent method of [9] which incorporates powerful non-local patch similarity. We have used the same boosting-based data term as [9], as implemented in the Darwin software library1. As shown in Table 3, our Model 3 attains similar performance to [9], although we do not use non-local cues at the patch level. 4.3.3. Image labeling: Stanford background dataset In this experiment, we use the data term provided by the Darwin software library. The results for the Stanford Background dataset are shown in Fig. 8. We achieve comparable results with other state-of-the-art models. Specically, our segmentation template-based Model 3 performs better than the more complicated model of [10], which builds on a dynamic superpixel representation and incorporates both semantic and geometric constraints in a slow iterative inference procedure. We also perform better than the hierarchical semantic region labeling method of [23]. Our models perform somewhat worse than the long-range model of [9] (unlike the MSRC case), and the segmentation tree model of [21], which however employs different image features. 4.3.4. Scaling the segmentation templates",
                    "embedding": null,
                    "h": null,
                    "parent": {
                        "py/id": 74
                    },
                    "py/object": "tree.TextTree"
                },
                {
                    "c": null,
                    "children": [],
                    "content": "Here, we show that our learned dictionary can generate different sizes of segmentation templates, while attaining good performance on the Stanford Background dataset. Specically, we explore the effect of varying the size of generated segmentation templates as the dictionary of shape epitomes is xed. First, we explore the effect by encoding the ground truth. The size varies from m = {13, 17, 21, 25}. The stride variable is also changed to generate different number of segmentation templates from the dictionary. As shown in Fig. 6, the error is consistently decreased when m or stride is smaller. Second, we extract spatially equally 9 segmentation templates from the dictionary for different m (all resulting in 181 templates), and apply our Model 1 based on these templates to label the test images, as shown in Table 2. These results show that our proposed representation: shape epitomes is also able to handle scale effects without relearning the dictionary.",
                    "embedding": null,
                    "h": null,
                    "parent": {
                        "py/id": 74
                    },
                    "py/object": "tree.TextTree"
                }
            ],
            "content": "4. Experiments",
            "embedding": null,
            "h": null,
            "parent": {
                "py/id": 0
            },
            "py/object": "tree.TextTree"
        },
        {
            "c": null,
            "children": [
                {
                    "c": null,
                    "children": [],
                    "content": "In this paper, we introduced shape epitomes and showed that they could efciently encode the edge structures in the MSRC and Stanford Background datasets. This efcient encoding is due to their ability to represent local shifts andtop-down cues in image segmentation. ECCV, 2006.tials for enforcing label consistency. IJCV, 2009.",
                    "embedding": null,
                    "h": null,
                    "parent": {
                        "py/id": 104
                    },
                    "py/object": "tree.TextTree"
                },
                {
                    "c": null,
                    "children": [],
                    "content": "Efcient optimization for higher-order mrfs. CVPR, 2009.image patches to whole image restoration. ICCV, 2011.",
                    "embedding": null,
                    "h": null,
                    "parent": {
                        "py/id": 104
                    },
                    "py/object": "tree.TextTree"
                },
                {
                    "c": null,
                    "children": [],
                    "content": "Figure 5. Error (%) of encoding ground truth of Stanford Background dataset, when using a dictionary of KE shape epitomes or a dictionary of KT segmentation templates.",
                    "embedding": null,
                    "h": null,
                    "parent": {
                        "py/id": 104
                    },
                    "py/object": "tree.TextTree"
                },
                {
                    "c": null,
                    "children": [],
                    "content": "Figure 6. Error (%) of encoding ground truth of Stanford Background dataset. The dictionary of shape epitomes is xed. The size of generated templates is different, and so is the stride.",
                    "embedding": null,
                    "h": null,
                    "parent": {
                        "py/id": 104
                    },
                    "py/object": "tree.TextTree"
                },
                {
                    "c": null,
                    "children": [],
                    "content": "Table 2. Reuse the dictionary of shape epitomes with different size of generated templates on Stanford Background dataset.rotations explicitly. The dictionary of shape epitomes were learnt from BSDS500 dataset. Next we explored the use of shape epitomes for CRF models of image labeling. The proposed SeCRF model can attain comparable results with other state-of-the-art models. Our supplementary material shows other applications of shape epitomes to edge detection and local appearance modeling. Acknowledgementssupported by ONR N00014-12and NIH Grant",
                    "embedding": null,
                    "h": null,
                    "parent": {
                        "py/id": 104
                    },
                    "py/object": "tree.TextTree"
                },
                {
                    "c": null,
                    "children": [],
                    "content": "References [1] P. Arbelaez, M. Maire, C. Fowlkes, and J. Malik. Contour detection and hierarchical image segmentation. PAMI, 2011. [2] K. Chateld, V. Lempitsky, A. Vedaldi, and A. Zisserman. The devil is in the details: an evaluation of recent feature encoding methods. BMVC, 2011.use same data term as HIM",
                    "embedding": null,
                    "h": null,
                    "parent": {
                        "py/id": 104
                    },
                    "py/object": "tree.TextTree"
                },
                {
                    "c": null,
                    "children": [],
                    "content": "Pxl-Cls Model 1 Model 2 Model 3 HIM [27] Pxl-Cls Model 1 use data term from Darwin Model 2 software library Model 3g n i d l i u be n a l p r i ar e t a w 66.3 66.8 72.6 70.7 65.7 69.1 72.8 78.3 77.2e l c y c i be g a r e v A 67.2 70.4 74.2 75.0 74.1 65.2 68.7 69.7 70.7 71.1 75 71 75 76 78.3l a b o l G 75.9 78.1 81.4 81.7 81.2 74.5 77.6 80.4 81.1 81.0 86 78 77 80 86.0",
                    "embedding": null,
                    "h": null,
                    "parent": {
                        "py/id": 104
                    },
                    "py/object": "tree.TextTree"
                },
                {
                    "c": null,
                    "children": [],
                    "content": "Table 3. MSRC labeling results. Pixel-wise classication rates are provided for each category. Global accuracy refers to the pixel-wise classication rate averaged over the whole dataset, and Average accuracy refers to the mean of all object class classication rates. The Pxl-Cls model is the pixel-wise classier, whose output is integrated in our models.",
                    "embedding": null,
                    "h": null,
                    "parent": {
                        "py/id": 104
                    },
                    "py/object": "tree.TextTree"
                },
                {
                    "c": null,
                    "children": [],
                    "content": "Figure 7. Qualitative results for the MSRC dataset. (a) Original image. (b) Ground truth. (c) Model 1. (d) Model 2. (e) Model 3. (f) HIM (excerpted from [27]). Note that our models capture object shapes more accurately than the HIM.",
                    "embedding": null,
                    "h": null,
                    "parent": {
                        "py/id": 104
                    },
                    "py/object": "tree.TextTree"
                },
                {
                    "c": null,
                    "children": [],
                    "content": "Method Global Pxl-Cls 73.9 76.7 Model 1 77.2 Model 2 77.4 Model 3 76.4 76.9 79.6 81.9",
                    "embedding": null,
                    "h": null,
                    "parent": {
                        "py/id": 104
                    },
                    "py/object": "tree.TextTree"
                },
                {
                    "c": null,
                    "children": [],
                    "content": "Figure 8. Qualitative and quantitative results on the Stanford Background dataset.",
                    "embedding": null,
                    "h": null,
                    "parent": {
                        "py/id": 104
                    },
                    "py/object": "tree.TextTree"
                }
            ],
            "content": "5. Conclusion",
            "embedding": null,
            "h": null,
            "parent": {
                "py/id": 0
            },
            "py/object": "tree.TextTree"
        }
    ],
    "content": "Learning a Dictionary of Shape Epitomes with Applications to Image Labeling",
    "embedding": null,
    "h": null,
    "parent": null,
    "py/object": "tree.TextTree"
}