{
    "c": null,
    "children": [
        {
            "c": null,
            "children": [
                {
                    "c": null,
                    "children": [],
                    "content": "We present a co-clustering framework that can be used to discover multiple semantic and visual senses of a given Noun Phrase (NP). Unlike traditional clustering approaches which assume a one-to-one mapping between the clusters in the text-based feature space and the visual space, we adopt a one-to-many mapping between the two spaces. This is primarily because each semantic sense (concept) can correspond to different visual senses due to viewpoint and appearance variations. Our structure-EM style optimization not only extracts the multiple senses in both semantic and visual feature space, but also discovers the mapping between the senses. We introduce a challenging dataset (CMU Polysemy-30) for this problem consisting of 30 NPs (\u21e05600 labeled instances out of \u21e022K total instances). We have also conducted a large-scale experiment that performs sense disambiguation for \u21e02000 NPs. 1. Introduction",
                    "embedding": null,
                    "h": null,
                    "parent": {
                        "py/id": 2
                    },
                    "py/object": "tree.TextTree"
                },
                {
                    "c": null,
                    "children": [],
                    "content": "Knowledge representation is a classical problem in AI. There have been mammoth efforts such as CYC1 to build these knowledge bases using human intelligence. Unfortunately, effective construction of broad-coverage knowledge bases still remains an unsolved problem, as manual labeling lacks the richness and scalability required for this task. In recent years, the focus has shifted to building knowledge bases automatically by learning knowledge from free text [8, 1] and images on the internet [9, 17]. While these systems have shown much promise, one issue that limits their performance is the problem of semantic and \u201cvisual\u201d polysemy. Polysemy is the capacity for a word or Noun Phrase (NP) to have multiple semantic meanings and visual meanings as well. For example, the noun phrase Apple can refer to both the company and the fruit. Similarly, in the visual world, Apple can refer to images of the fruit, the company logo, and even iPhones and iPads. Therefore, handling polysemy by extracting multiple senses of a word/NP is an important problem that needs to be addressed.",
                    "embedding": null,
                    "h": null,
                    "parent": {
                        "py/id": 2
                    },
                    "py/object": "tree.TextTree"
                },
                {
                    "c": null,
                    "children": [],
                    "content": "One obvious way to handle semantic polysemy is to fall back to human developed knowledge bases such as Wordnet [31], Freebase [25] and even Wikipedia [11]. These broad-coverage knowledge bases suffer from the problem of missing information. For example, WordNet has good coverage of common nouns, however it has been criticized for being too ne-grained [41]. In addition it contains very few named entities (people, locations, organizations, etc.); Wikipedia and Freebase help to bridge this gap, but a great deal of information is still missing [36]. Furthermore, WordNet or Freebase have little or no information related to visual senses and still require extensive manual labeling to create mappings between semantic and visual senses. In contrast, unstructured data sources such as images and text from the web are much larger and more diverse; which can be readily used to discover both semantic and visual senses. Instead of relying on manually-compiled resources, we focus on automatically discovering multiple senses of a NP in an unsupervised manner. The common unsupervised paradigm is to represent each noun phrase in terms of text features or image features and then cluster these instances to obtain multiple semantic and visual senses of the NP respectively. Since the semantic and visual senses of a NP are closely related, recent approaches have also attempted jointly clustering images and text. Most joint clustering approaches make the simplifying assumption that there exists a one-to-one mapping between semantic and visual senses of a word. This assumption rarely holds in practice, however. For example, while there are two predominant semantic senses of the word \u201cApple\u201d, there exist multiple visual senses due to appearance variation (green vs. red apples), viewpoint changes, etc.",
                    "embedding": null,
                    "h": null,
                    "parent": {
                        "py/id": 2
                    },
                    "py/object": "tree.TextTree"
                },
                {
                    "c": null,
                    "children": [],
                    "content": "We present a generalized co-clustering algorithm that jointly discovers both semantic and visual senses for a given NP . For a given NP (such as \u201cApple\u201d), we rst download webpages which contain both image and text references to the NP. Each webpage is treated as a datapoint and represented in terms of image and text features. We then use our co-clustering algorithm which clusters data points in image and text feature space separately and learns a one-tomany mapping between the clusters in two feature spaces 2 (See Figure 1). We demonstrate the effectiveness of our ap2This can also be formulated as hierarchical clustering where higher level nodes correspond to clusters in text space and lower level nodes correspond to clusters in visual spacetiple senses of a word. For example, using images alone, it is almost impossible to differentiate viewpoint changes from conceptual changes. Similarly, using text based systems alone it is hard to differentiate similar semantic meanings. An example of this is the bike and car meaning of the word \u201cFalcon\u201d. In this case, text-based features tends to cluster the bike and the car sense together since both are vehicles but co-clustering in the joint space helps us to differentiate between the two. Contributions: Our contributions include: (a) We introduce the problem of joint extraction of semantic and visual senses for given noun phrases and provide a novel formulation of this problem. We demonstrate how joint extraction of senses not only improves clustering but also helps us extract relationships between semantic and visual meanings of words. (b) We propose a generalized co-clustering algorithm where the two domains need not have the same granularity of clustering. We achieve this by enforcing a oneto-many constraint during the clustering process instead of a one-to-one mapping. (c) Finally, we introduce a new challenging dataset called CMU Polysemy-30, containing 30NPs for the polysemy problem. 2. Related Work",
                    "embedding": null,
                    "h": null,
                    "parent": {
                        "py/id": 2
                    },
                    "py/object": "tree.TextTree"
                },
                {
                    "c": null,
                    "children": [],
                    "content": "A signicant amount of previous work has investigated the problem of automatically inducing word senses from statistics derived from text corpora [32, 7, 23]. This approach has been quite successful given the small amount of prior knowledge provided: e.g., Yarowsky [46] proposed an unsupervised approach for word sense disambiguation (WSD) but suggested the use of dictionary denitions as seeds. But as pointed out before, most knowledge bases still suffer from a great deal of missing information [36].",
                    "embedding": null,
                    "h": null,
                    "parent": {
                        "py/id": 2
                    },
                    "py/object": "tree.TextTree"
                },
                {
                    "c": null,
                    "children": [],
                    "content": "Extracting visual senses of polysemous words using web images is an extremely difcult problem. There have been early efforts on automatically training visual classiers using web data to build large datasets automatically [26, 39, 42, 27, 20], nd iconic images [5, 35] and improve image retrieval results [19, 28, 45, 34]. Inspired by the success of mixture models for object detection [18], some recent approaches such as [9, 17] have also explored clustering web data and training detection models. For example, NEIL [9] performs clustering in visual appearance space to generate visual subcategories. But since NEIL only uses visual information, it cannot differentiate between semantic and visual polysemy: that is, it cannot label if two clusters correspond to same semantic meaning. On the other LEVAN [17] uses Google N-grams to rst discover different senses for each NP. However, each N-gram leads to a different visual cluster, which results in a lot more clusters than NEIL, e.g., hundreds of senses for the NP \u201cHorse\u201d. But similar to NEIL, clustering visually different n-grams (\u201ceating Horse\u201d and \u201cjumping Horse\u201d) into one semantic cluster would require using further text information.",
                    "embedding": null,
                    "h": null,
                    "parent": {
                        "py/id": 2
                    },
                    "py/object": "tree.TextTree"
                },
                {
                    "c": null,
                    "children": [],
                    "content": "To handle these problems, past work has also focused onmultiple semantic and visual senses of a given Noun Phrase (NP). In the gure above, we show the multiple senses discovered for the NPs Columbia and Apple. In the case of Columbia, our approach automatically discovers four semantic senses: university, river, sportswear, studio. In case of Apple, it discovers two semantic senses: fruit, company. Our approach also discovers multiple visual senses. For example, the sportswear sense of Columbia corresponds to two visual senses: jacket and shoes. Semantic senses are shown as word clouds with size of each word being proportional to its importance. Visual senses are shown as average images of members belonging to the cluster. proach using four different experiments including a large scale experiment of co-clustering on \u21e02000 NPs. We show how the joint space provides constraints that lead to high purity clusters. But more importantly, this joint learning process allows us to infer an alignment between the semantic and visual senses of the NP. Why use images and text? We believe that the information in images and text is complementary and one needs to harness both to build a system that robustly discovers mul",
                    "embedding": null,
                    "h": null,
                    "parent": {
                        "py/id": 2
                    },
                    "py/object": "tree.TextTree"
                },
                {
                    "c": null,
                    "children": [],
                    "content": "InstancesVisualSensesSemanticSensesColumbia (NP)Apple (NP)\fusing both images and text on the web for discovering visual and semantic senses. For example, Schroff et al. [39] incorporate text features to rerank the images before training visual classiers. In another work, Berg et al. [4] discover topics using text and then use these topics to cluster the images. However, their approach requires manually selecting the topics for each category. Saenko et. al. [37, 38] presented a model for learning visual senses using images clustered using text, but rely on WordNet\u2019s sense inventory. Another approach [44] uses Wikipedia to nd the senses of a word. Lucchi et. al [28] used the click-through data and human relevance annotations to learn multiple senses. But the scalability and coverage of such knowledge bases and human annotations is questionable, and therefore in this work we focus on unsupervised approaches. Leoff et al [24] focused on discovering visual senses in completely unsupervised manner by building a joint space of image and text features followed by clustering in this joint space. In addition, Barnard et al. [3] looked at the complementary problem of discovering semantic senses using image data. In our work, we propose an approach to jointly discover multiple semantic and visual senses from web data. We demonstrate that a joint solution (with a one-to-many mapping) allows us to improve the clustering performance and extract relationships between the semantic and visual senses of a NP.",
                    "embedding": null,
                    "h": null,
                    "parent": {
                        "py/id": 2
                    },
                    "py/object": "tree.TextTree"
                },
                {
                    "c": null,
                    "children": [],
                    "content": "Finally, our work is also closely related to approaches in co-clustering [14, 16] and multi-view clustering based approaches [15]. Previous approaches, however, assume a one-to-one mapping between clusters in two spaces. Instead, we relax this assumption and propose a co-clustering based approach where the mapping between clusters in two domains is one-to-many. 3. Co-Clustering Approach",
                    "embedding": null,
                    "h": null,
                    "parent": {
                        "py/id": 2
                    },
                    "py/object": "tree.TextTree"
                },
                {
                    "c": null,
                    "children": [],
                    "content": "Given two domains D1 and D2, our goal is to jointly cluster the instances in both domains. Previous approaches have tackled this problem by augmenting feature spaces and performing clustering in the joint space. Other approaches have assumed a one-to-one mapping between the clusters in the two domains [14]. In many scenarios, however, the domains have different granularities and therefore a one-one mapping proves too strong an assumption. For example, if one considers semantic, visual and audio domains, the granularity in each domain is quite different. A cluster in the semantic domain might correspond to multiple clusters in both visual (due to viewpoint, appearance differences etc.) and audio domains (due to difference in pronunciations). We break the one-one mapping restriction and propose a generalized co-clustering algorithm. 3.1. Formulation",
                    "embedding": null,
                    "h": null,
                    "parent": {
                        "py/id": 2
                    },
                    "py/object": "tree.TextTree"
                },
                {
                    "c": null,
                    "children": [],
                    "content": "Let\u2019s assume that this one-to-many mapping exists from D1 to D2. The input to the algorithm is N data points with each point being represented as Xi =< x1 i is the feature representation of the ith datapoint in domain Dd).",
                    "embedding": null,
                    "h": null,
                    "parent": {
                        "py/id": 2
                    },
                    "py/object": "tree.TextTree"
                },
                {
                    "c": null,
                    "children": [],
                    "content": "The output of our clustering algorithm is a set of clusters in each domain (dened in terms of an assignment of data points to each cluster) and a one-to-many mapping between the clusters in two domains.",
                    "embedding": null,
                    "h": null,
                    "parent": {
                        "py/id": 2
                    },
                    "py/object": "tree.TextTree"
                },
                {
                    "c": null,
                    "children": [],
                    "content": "We represent the clusters and the one-to-many mapping as a bipartite graph G = (V 1, V 2, E), where V 1 and V 2 are the set of clusters in domain D1 and D2 respectively. E represents the set of edges between clusters in V 1 and V 2; therefore, Ek,l = 1 indicates cluster k in D1 corresponds to cluster l in D2. We enforce the one-to-many constraint by ensuring that for each l,Pk Ek,l = 1. Each cluster node (k, l) in domain (D1,D2) is associated with model parameters (\u27131 i >, its cluster membership is represented by a corresponding pair of cluster labels Yi =< y1 i represents the membership of ith datapoint in domain Dd). Therefore, given X, our goal is to infer G\u21e4, \u21e5\u21e4, Y \u21e4 such that it maximizes the scoring function S(G, \u21e5, Y, X), which is dened as: Xd2{D1,D2}l ). For each data point Xi =< x1",
                    "embedding": null,
                    "h": null,
                    "parent": {
                        "py/id": 2
                    },
                    "py/object": "tree.TextTree"
                },
                {
                    "c": null,
                    "children": [],
                    "content": "The rst term in the scoring function corresponds to the data likelihood term in the two domains. This term prefers coherent clusters within each domain independently, which are explained using the model parameters \u21e5d. The second term in the scoring function is the smoothness term. This term attempts to ensure that if two data points xi and xj are similar in domain Dd they get assigned to the same cluster in that domain. Note that if the structure (e.g. number of clusters) is xed, then the smoothing term is redundant, but here it is essential to 1) regularize the likelihood term and avoid trivial solution (one cluster for each data point high likelihood and good mapping), and 2) provide both intraand inter cluster distance metrics to make proper structure movements. The third and nal term in the scoring function is the cross-domain term which indicates that if two instances are similar in domain D2, then these data points should be assigned to same cluster in domain D1. Note this term is the asymmetric due to asymmetric nature of one-tomany relationship between the two domains. In Section 4, we dene the specic d, \u0000d and \u000012 that instantiate this approach in our text-vision application.",
                    "embedding": null,
                    "h": null,
                    "parent": {
                        "py/id": 2
                    },
                    "py/object": "tree.TextTree"
                },
                {
                    "c": null,
                    "children": [],
                    "content": "Optimizing the above equation is in general an NP-hard problem. We therefore use an iterative optimization approach inspired by structure-EM for maximizing the above scoring function.",
                    "embedding": null,
                    "h": null,
                    "parent": {
                        "py/id": 2
                    },
                    "py/object": "tree.TextTree"
                },
                {
                    "c": null,
                    "children": [],
                    "content": "Given a xed graph structure (xed number of clusters and mapping), we iterate over estimating \u21e5 and Y usinghard-EM style iterations [22] to maximize the scoring function S. That is, given \u21e5, we perform inference to assign data points to nodes in each domain by estimating the membership variable Y . We enforce the one-to-many constraint using a cautious approach [46], dropping datapoints which are not congruent with the mapping in structure G. Specically, we treat the low-scoring data points as noise and discard them. Once we estimate membership Y , we use this new membership to estimate the new parameters \u21e5.",
                    "embedding": null,
                    "h": null,
                    "parent": {
                        "py/id": 2
                    },
                    "py/object": "tree.TextTree"
                },
                {
                    "c": null,
                    "children": [],
                    "content": "After estimating S(\u00b7) for a given Gt, we then take a structure step. Here, we create proposals for changes in structure (splitting a node into two or merging two nodes into one). We greedily select the best proposal G using an approximation function. Using the newly proposed Gt+1, we re-estimate the scoring function S using EM over \u21e5 and Y . If the new estimated score is higher than the score at previous iteration, we accept the structure step and continue. If the estimated score is lower, we reject the structure step and switch back to Gt+t = Gt. For initialization, G0, we use a single node in domain D1 and K nodes in domain D2 (We use a high-value of K to ensure that the clusters are consistent). Therefore, the structure steps are split proposals in domain D1 and merge steps in D2. The pseudo code is shown in Algorithm 1. 4. Discovering Semantic and Visual Senses",
                    "embedding": null,
                    "h": null,
                    "parent": {
                        "py/id": 2
                    },
                    "py/object": "tree.TextTree"
                },
                {
                    "c": null,
                    "children": [],
                    "content": "We now adapt our generalized co-clustering algorithm to the task of discovering multiple semantic and visual senses. The outline of our approach is shown in Figure 2. In this case, D1 is the text domain and D2 is the visual domain. Our input data points are obtained by querying Google Image Search for each NP and downloading the top-1000 webpages. We now describe our text and image features, the likelihood, smoothness and the cross-domain terms. 4.1. Text Domain",
                    "embedding": null,
                    "h": null,
                    "parent": {
                        "py/id": 2
                    },
                    "py/object": "tree.TextTree"
                },
                {
                    "c": null,
                    "children": [],
                    "content": "Given a NP and a webpage containing the NP, we extract i as follows: rst, we use the Stanford parser [13] to perx1 form syntactic parsing of the sentences. For each mention of the NP in the webpage, we extract features which include dependency paths of length one and two steps away from the NP head. We also include bag-of-word (BOW) features from the webpage. In many cases, the associated text might contain topics irrelevant to the NP. To handle this, the BOW representation is constructed based on the sentences which mention the NP. Note that we also use the part-of-speech tags as well to form the BOW representation (therefore, amber ADJ is treated differently from amber NN). This leads to a very high-dimensional feature vector; to address this, we use an LDA topic model [6] (learned from 1M webpages) and project the extracted BOW features to the topics to obtain the nal unit-norm feature vector, x1 i .",
                    "embedding": null,
                    "h": null,
                    "parent": {
                        "py/id": 2
                    },
                    "py/object": "tree.TextTree"
                },
                {
                    "c": null,
                    "children": [],
                    "content": "Next, we discuss how each cluster is represented in the text domain and what are the associated parameters. We represent each text cluster with the mean feature vector of",
                    "embedding": null,
                    "h": null,
                    "parent": {
                        "py/id": 2
                    },
                    "py/object": "tree.TextTree"
                },
                {
                    "c": null,
                    "children": [],
                    "content": "Algorithm 1: Iterative Approach to Maximize Scoring Function Input: Datapoints: X where Xi =< x1",
                    "embedding": null,
                    "h": null,
                    "parent": {
                        "py/id": 2
                    },
                    "py/object": "tree.TextTree"
                },
                {
                    "c": null,
                    "children": [],
                    "content": "Output: Clustering in Two Domains: Yi =< y1 // Initialization: Clusters in D2 G0, \u21e50, Y0 InitializeGraph(X,K) S0 S (G0, \u21e50, Y0) ; while Rejects<R do",
                    "embedding": null,
                    "h": null,
                    "parent": {
                        "py/id": 2
                    },
                    "py/object": "tree.TextTree"
                }
            ],
            "content": "Abstract",
            "embedding": null,
            "h": null,
            "parent": {
                "py/id": 0
            },
            "py/object": "tree.TextTree"
        },
        {
            "c": null,
            "children": [
                {
                    "c": null,
                    "children": [
                        {
                            "c": null,
                            "children": [],
                            "content": "To represent the visual data, we rst extract image based features. However, in the case of images, modeling the likelihood is quite tricky since the object location inside the image is unknown. To overcome this problem we use the algorithm for the clustering proposed in [10]. Given the set of input images for a NP, this algorithm generates the set of bounding boxes which are the location of objects in those images. It also clusters the visual data into K clusters which we use as initialization for G0. Once the object location is known we represent the object (x2 i ) using HOG features [12].",
                            "embedding": null,
                            "h": null,
                            "parent": {
                                "py/id": 50
                            },
                            "py/object": "tree.TextTree"
                        },
                        {
                            "c": null,
                            "children": [],
                            "content": "Given HOG based representation of object, we represent each cluster in terms of a linear-SVM weight vector(\u27132 k). This linear-SVM is trained by treating cluster members asdownload images and webpages. We then initialize the algorithm with a single semantic sense and with visual senses initialized using the clustering algorithm described in [9]. Then, at each iteration, semantic senses are rened and visual senses are generalized using an iterative approach.positive data points and bounding boxes from random images 3 as negative data points.",
                            "embedding": null,
                            "h": null,
                            "parent": {
                                "py/id": 50
                            },
                            "py/object": "tree.TextTree"
                        },
                        {
                            "c": null,
                            "children": [],
                            "content": "Therefore, the likelihood score of a point, x2 T x2i , coming from visual cluster k is dened as the \u27132 i . For k modeling the smoothness term, we compute the similarity (\u0000(x2 j using the dot product on whitened HOG feature [21, 29]. Given this similarity metric, the smoothness term is similar to the text term where the reward is proportional to the similarity between the two images:j )) between two feature vectors x2",
                            "embedding": null,
                            "h": null,
                            "parent": {
                                "py/id": 50
                            },
                            "py/object": "tree.TextTree"
                        }
                    ],
                    "content": "4.2. Image Domain",
                    "embedding": null,
                    "h": null,
                    "parent": {
                        "py/id": 48
                    },
                    "py/object": "tree.TextTree"
                },
                {
                    "c": null,
                    "children": [
                        {
                            "c": null,
                            "children": [],
                            "content": "The nal term we need to model is the cross domain term. This term ensures that data points which are similar in the visual domain are assigned to same cluster in the text domain. The term is dened as follows: j )I(y1where \u0000(\u00b7,\u00b7) is the similarity dened as the dot-product of whitened-HOG features of the datapoint i and j.",
                            "embedding": null,
                            "h": null,
                            "parent": {
                                "py/id": 58
                            },
                            "py/object": "tree.TextTree"
                        }
                    ],
                    "content": "4.3. Cross-Domain Term",
                    "embedding": null,
                    "h": null,
                    "parent": {
                        "py/id": 48
                    },
                    "py/object": "tree.TextTree"
                },
                {
                    "c": null,
                    "children": [
                        {
                            "c": null,
                            "children": [],
                            "content": "Given these terms in the scoring function, we now optimize using the structure-EM approach described in Section 3.2. In the structure step, we alternate between text split proposals and visual merge proposals. We now describe how we generate the split proposals for nodes in the text domain and how we generate merge proposals in the visual domain. Split Proposals: Given the set of text nodes V 1, at every alternate iteration we generate proposals by splitting every text node into two nodes. These splits are generated based on the one-to-many mapping between the text node and the visual nodes. Intuitively, we try to create splits by generating new possible semantic senses based on one of the visual senses. Formally, let us suppose, a text node V 1 is linked to l the visual nodes V 2 lm. We generate split proposals by selecting pair of visual nodes and training a text classiers such that instances belonging to one visual node is treated as positive and the instances belonging to other visual nodeis treated as negative data. This allows us to create \u0000m 2\u0000split proposals and we select the best proposal based on the",
                            "embedding": null,
                            "h": null,
                            "parent": {
                                "py/id": 62
                            },
                            "py/object": "tree.TextTree"
                        },
                        {
                            "c": null,
                            "children": [],
                            "content": "Input: Coach (NP)Text NodeSplit StepVisual Nodes Merge StepFinal ResultVisualLinkageTextInstancesInitialization1. Estimate Parameters2. Re-Assign PointsMerge Visual NodesProposalsSplit Text NodeProposals1. Estimate Parameters2. Re-Assign PointsAssignment StepParameter Estimation StepHard-EMIterative TrainingWebpages\fAirbus A380",
                            "embedding": null,
                            "h": null,
                            "parent": {
                                "py/id": 62
                            },
                            "py/object": "tree.TextTree"
                        },
                        {
                            "c": null,
                            "children": [],
                            "content": "AK 47 732 Coach 845 831 Football 663 Motorbike 803",
                            "embedding": null,
                            "h": null,
                            "parent": {
                                "py/id": 62
                            },
                            "py/object": "tree.TextTree"
                        },
                        {
                            "c": null,
                            "children": [],
                            "content": "Bean 804 667 Daybed M 16 651 Sofa 830 817 Wolfregularized empirical risk of the trained classier. Merge Proposals: Given the set of visual nodes that belong to same semantic node, we create proposals for merging two visual nodes based on the likelihood scores. If members of visual cluster l receive high likelihood scores from the classier associated with cluster l0 and the two nodes are assigned to the same semantic node, then we create a proposal to merge the nodes l and l0. 4.5. Implementation Details",
                            "embedding": null,
                            "h": null,
                            "parent": {
                                "py/id": 62
                            },
                            "py/object": "tree.TextTree"
                        },
                        {
                            "c": null,
                            "children": [],
                            "content": "In order to handle noise in the Google search results, we create an extra cluster/node on the vision side. This allows us to handle outliers in the clustering process. Unlike other clustering approaches which tend to partition the whole feature space, our approach only focuses on extracting semantic and visual senses from the subset of data which is considered high condence in either domain. The low condence data points are assigned to the noise cluster and are not considered part of the scoring function.",
                            "embedding": null,
                            "h": null,
                            "parent": {
                                "py/id": 62
                            },
                            "py/object": "tree.TextTree"
                        },
                        {
                            "c": null,
                            "children": [],
                            "content": "Some of the data points also have missing data from one domain. For example, we might have images but no text associated with it. Instead of ignoring such data points, we prefer to assign them based on image features alone. This is necessary as in many cases our visual clusters are data starved and using these extra data points help us learn better visual classiers. 5. Experimental Results",
                            "embedding": null,
                            "h": null,
                            "parent": {
                                "py/id": 62
                            },
                            "py/object": "tree.TextTree"
                        },
                        {
                            "c": null,
                            "children": [],
                            "content": "We now show the effectiveness of our co-clustering algorithm using extensive experimental analysis. We perform four different experiments and implement several baselines. First, we introduce a new challenging dataset for this task (CMU Polysemy-30). This dataset consists of 30 NPs and \u21e01000 webpages for each NP are downloaded from Google Image Search. We do a clean up step and after accounting for broken links, webpages not reachable, we end up with \u21e0750 images per NPs. Table 1 shows the list of NPs and the number of data points for each NP. The dataset is publicly available for download4.",
                            "embedding": null,
                            "h": null,
                            "parent": {
                                "py/id": 62
                            },
                            "py/object": "tree.TextTree"
                        },
                        {
                            "c": null,
                            "children": [],
                            "content": "In order to evaluate the performance of the sense extraction we manually listed all the possible semantic senses for each NPs. We then manually labeled \u21e05600 instances with one of the listed semantic senses. We use accuracy (AC) as one way to measure the clustering performance. Before evaluation, we rst obtain a mapping between the ground truth clusters and clusters obtained using Kuhn-Munkres algorithm [33]. We also use the standard normalized mutualinformation (NMI) [30] metric to evaluate our clustering. Note that higher mutual information implies better clustering performance.",
                            "embedding": null,
                            "h": null,
                            "parent": {
                                "py/id": 62
                            },
                            "py/object": "tree.TextTree"
                        },
                        {
                            "c": null,
                            "children": [],
                            "content": "To overcome the human labeling bottleneck, we also perform another experiment which creates pseudo-words to evaluate sense disambiguation [40] (Sec 5.3). Next, we perform a retrieval experiment on the MIT ISD dataset [37] which has 5 polysemous concepts (Sec 5.4). Finally, we perform a large-scale experiment where we run our algorithm on \u21e02000 NPs (Sec 5.5). The list of these concepts is obtained using the NEIL knowledge base [9]. 5.1. Baselines",
                            "embedding": null,
                            "h": null,
                            "parent": {
                                "py/id": 62
                            },
                            "py/object": "tree.TextTree"
                        },
                        {
                            "c": null,
                            "children": [],
                            "content": "We compare the performance of our approach against multiple baselines which use text and image features. For all the baselines, we use two versions: pre-dened number of clusters (Fixed) and using Eigen-Gap criterion [43] (Eigen) to automatically compute the number of clusters. Our baselines are: Spectral Clustering on TF-IDF Features (TF-IDF): Our rst baseline uses text based features only and constructs a feature representation of a webpage using TF-IDF [30] features over the context words. These features are used in conjunction with cosine-distance to create an afnity graph. Finally, we perform spectral clustering over this afnity graph. Spectral Clustering on BOW (BOW): Our second baseline uses the BOW text features to represent each webpage. Similar to our text feature construction, we build BOW over the word and their Part-of-Speech tags. We use histogram intersection as the similarity metric to create the afnity graph. Image BOW over SIFT and Color Histogram (I-BOW): Our third baseline uses image-based features. Specically, we use SIFT and Color Histogram features. To create a BOW representation, we perform vector quantization with 1000 words for SIFT and 400 words for Color histogram. Given this visual BOW representation, we create an afnity graph using histogram intersection similarity metric. Spectral Clustering on Topic Model based Representation: Our fourth baseline uses text-based features used in our algorithm to represent a webpage and histogram intersection is used as the similarity metric to create the afnity graph. Note that this baseline is an unsupervised variant of the approach taken by [37], which uses extra information (WordNet) to determine the underlying senses. Clustering in Joint Space: As our nal set of baselines, we implemented the algorithms of [24, 45] which performsemantic senses for Bass: sh and musical instrument. For Bean, it discovers semantic senses of jelly beans, bean food and Mr. Bean. Last two examples in the third row show two failure cases.clustering in the joint space of image and text features. [24] uses BOW for both images and text, while [45] uses topic model based representations.",
                            "embedding": null,
                            "h": null,
                            "parent": {
                                "py/id": 62
                            },
                            "py/object": "tree.TextTree"
                        },
                        {
                            "c": null,
                            "children": [],
                            "content": "The code for [28] was not available and requires clickthrough data to train which is proprietary. But we did compare qualitatively against Google Image Search query expansions and use human annotators to quantitatively compare performance against them.",
                            "embedding": null,
                            "h": null,
                            "parent": {
                                "py/id": 62
                            },
                            "py/object": "tree.TextTree"
                        }
                    ],
                    "content": "4.4. Optimization",
                    "embedding": null,
                    "h": null,
                    "parent": {
                        "py/id": 48
                    },
                    "py/object": "tree.TextTree"
                },
                {
                    "c": null,
                    "children": [
                        {
                            "c": null,
                            "children": [],
                            "content": "Another interesting example is the M16 shown on middle right. Our algorithm perfectly discovers the right semantic senses: nebula, music album and the ri\ufb02e. Notice the associated text features for each semantic sense. For the nebula sense, the most important words are: Eagle (also known as eagle nebula), Nebula, Telescope, cluster etc. For the music album sense, the important words are preview, buy and iTunes. Figure 3 also shows a couple of cases (last two, Mouse and Chicken) where our algorithm fails to discover all the associated senses.",
                            "embedding": null,
                            "h": null,
                            "parent": {
                                "py/id": 86
                            },
                            "py/object": "tree.TextTree"
                        },
                        {
                            "c": null,
                            "children": [],
                            "content": "We also qualitatively compared to Google Image Search query expansions. For example, for Whitesh NP, Google misses the lighthouse location sense and only captures the resort sense. (see Figure 4). Quantitative Results: We now discuss the quantitative results and compare the performance of our algorithm against several baselines. Table 2 shows the comparative performance for semantic sense discovery. As the quantitative results indicate, our approach outperforms all the baselines by a signicant margin. Note that our approach automatically discovers the true number of semantic senses and outperforms the baselines even when the true number of senses",
                            "embedding": null,
                            "h": null,
                            "parent": {
                                "py/id": 86
                            },
                            "py/object": "tree.TextTree"
                        },
                        {
                            "c": null,
                            "children": [],
                            "content": "Fixed 79.31 77.94 77.86 80.52 78.39 80.62",
                            "embedding": null,
                            "h": null,
                            "parent": {
                                "py/id": 86
                            },
                            "py/object": "tree.TextTree"
                        },
                        {
                            "c": null,
                            "children": [],
                            "content": "Eigen 76.66 70.79 70.17 73.21 79.89 73.13",
                            "embedding": null,
                            "h": null,
                            "parent": {
                                "py/id": 86
                            },
                            "py/object": "tree.TextTree"
                        },
                        {
                            "c": null,
                            "children": [],
                            "content": "Fixed 11.04 15.97 6.84 18.69 8.96 19.03",
                            "embedding": null,
                            "h": null,
                            "parent": {
                                "py/id": 86
                            },
                            "py/object": "tree.TextTree"
                        },
                        {
                            "c": null,
                            "children": [],
                            "content": "Eigen 19.65 12.64 8.04 17.75 27.00 18.26",
                            "embedding": null,
                            "h": null,
                            "parent": {
                                "py/id": 86
                            },
                            "py/object": "tree.TextTree"
                        },
                        {
                            "c": null,
                            "children": [],
                            "content": "Fixed 53.69 58.98 61.66 70.04 54.83 69.08",
                            "embedding": null,
                            "h": null,
                            "parent": {
                                "py/id": 86
                            },
                            "py/object": "tree.TextTree"
                        },
                        {
                            "c": null,
                            "children": [],
                            "content": "Eigen 49.12 68.95 57.47 77.20 55.52 72.83",
                            "embedding": null,
                            "h": null,
                            "parent": {
                                "py/id": 86
                            },
                            "py/object": "tree.TextTree"
                        },
                        {
                            "c": null,
                            "children": [],
                            "content": "Fixed 10.32 15.97 22.03 46.55 12.80 32.80",
                            "embedding": null,
                            "h": null,
                            "parent": {
                                "py/id": 86
                            },
                            "py/object": "tree.TextTree"
                        },
                        {
                            "c": null,
                            "children": [],
                            "content": "Eigen 6.07 31.64 16.03 44.52 18.72 43.33",
                            "embedding": null,
                            "h": null,
                            "parent": {
                                "py/id": 86
                            },
                            "py/object": "tree.TextTree"
                        }
                    ],
                    "content": "5.2. CMU Polysemy-30 Dataset Qualitative Results: We rst show qualitative performance of our algorithm. Figure 3 shows the qualitative result of our clustering algorithm on some NPs from CMU Polysemy30: Yellow Fish, Wagon, Subway, Bass, Bean, M16 and Tuna. Notice how our algorithm discovers the two semantic meanings of Subway: the metro and the sandwich brand. Specically, note the text features in the word clouds. For the subway (metro) sense, the main distinguishing features include: New, York, Station, City, tracks, line, transit. For the subway (sandwich) sense, the main distinguishing text features are: sandwich, Surfers, restaurants, art, food, sandwiches. Also notice the associated visual senses. For example, for subway(metro), the visual senses are the station and the metro train itself. Similarly, for subway(sandwich",
                    "embedding": null,
                    "h": null,
                    "parent": {
                        "py/id": 48
                    },
                    "py/object": "tree.TextTree"
                },
                {
                    "c": null,
                    "children": [
                        {
                            "c": null,
                            "children": [],
                            "content": "Finally, our sense discovery approach is linear in the number of categories and therefore scales reasonably well. As an extension of the CMU Polysemy-30 dataset, we also evaluate our algorithm on 1.8 million images and websites from Google Image search, using a list of \u21e02000 NPs from NEIL [9] as queries. We randomly evaluated the sense discovery for 100 keywords and found our algorithm can recover 82% of senses from Wikipedia.",
                            "embedding": null,
                            "h": null,
                            "parent": {
                                "py/id": 108
                            },
                            "py/object": "tree.TextTree"
                        }
                    ],
                    "content": "5.5. Large-Scale Sense Discovery Experiments",
                    "embedding": null,
                    "h": null,
                    "parent": {
                        "py/id": 48
                    },
                    "py/object": "tree.TextTree"
                }
            ],
            "content": "1 Cluster in D1, K",
            "embedding": null,
            "h": null,
            "parent": {
                "py/id": 0
            },
            "py/object": "tree.TextTree"
        },
        {
            "c": null,
            "children": [
                {
                    "c": null,
                    "children": [],
                    "content": "This paper presents an approach for co-clustering in two domains. Most co-clustering algorithms make the simplifying assumption that there exists a one-to-one mapping between two domains. In our proposed algorithm, we relax this assumption and allow one-to-many mapping which is useful when the granularity of clustering in two domains is different. We apply our co-clustering algorithm for the task of discovering multiple semantic and visual senses of a given NP. We show that our algorithm is effective in not only guring out the right senses and clustering the data but it also generates the right mapping between semantic and visual senses. We compare our performance against several baselines and show signicant gains over these baselines.",
                    "embedding": null,
                    "h": null,
                    "parent": {
                        "py/id": 112
                    },
                    "py/object": "tree.TextTree"
                },
                {
                    "c": null,
                    "children": [],
                    "content": "Acknowledgements: This research is supported by ONR MURI N000141010934, Yahoo-CMU InMind program and a gift from Google. AG and XC were partially supported by Bosch Young Faculty Fellowship and Yahoo Fellowship respectively. The authors would also like to thank Yahoo! for the donation of a computing cluster to the project NEIL.are provided to the baselines (x the number of clusters before spectral clustering) due to noise.",
                    "embedding": null,
                    "h": null,
                    "parent": {
                        "py/id": 112
                    },
                    "py/object": "tree.TextTree"
                },
                {
                    "c": null,
                    "children": [],
                    "content": "For the evaluation of visual senses, since it is hard to obtain ground truth labels, we computed the purity (how many instances belong to the same semantic sense) for all the visual senses obtained by [10] and our approach. As expected, our algorithm improves purity over iterations, giving 3% boost in clustering performance. The boost is significantly higher when two different senses have similar visual appearances (Apple logo looks very similar to apple fruit). 5.3. Pseudo-word Based Evaluation",
                    "embedding": null,
                    "h": null,
                    "parent": {
                        "py/id": 112
                    },
                    "py/object": "tree.TextTree"
                },
                {
                    "c": null,
                    "children": [],
                    "content": "One bottleneck for the evaluation of sense disambiguation algorithms is the requirement of human labeling. A neat way out of this is the commonly used approach of pseudo-words [40]. More specically, pseudo polysemous NPs can be created by combining together multiple single-sense NPs. For example, we can combine the webpages downloaded for Accord and Boeing (non-polysemous words) and treat them as retrieval for a pseudo polysemous word \u201caccord-boeing\u201d. Now, by construction, we have the labels for semantic sense since the webpages for accord are sense 1 and webpages for boeing are sense 2.",
                    "embedding": null,
                    "h": null,
                    "parent": {
                        "py/id": 112
                    },
                    "py/object": "tree.TextTree"
                },
                {
                    "c": null,
                    "children": [],
                    "content": "For our experiments, we combine four NPs: accord, boeing, tire, cricket ball. For these four NPs, there are 24\u00001 = 15 possible combinations with these pseudo words having somewhere between 1-4 semantic senses per word. Table 3 show the comparative performance of our approach against all the baselines. Again, in this case, our approach outperforms all the baselines signicantly. 5.4. MIT ISD Dataset",
                    "embedding": null,
                    "h": null,
                    "parent": {
                        "py/id": 112
                    },
                    "py/object": "tree.TextTree"
                },
                {
                    "c": null,
                    "children": [],
                    "content": "Next, we apply our unsupervised approach for the task of re-ranking image search engine outputs. We use MIT ISD Dataset [37], which was collected automatically from the Yahoo Image Search. It consists of 5 NPs: Bass, Face, Mouse, Speaker and Watch. For image retrieval, one target sense is picked for each NP: the sh, the human face, the pointing device, the audio device, and the timepiece. We evaluated the retrieval performance with Area Under the (ROC) Curve. Compared to Yahoo Image Search, our unsupervised approach is able to obtain 20% performance gain on average.",
                    "embedding": null,
                    "h": null,
                    "parent": {
                        "py/id": 112
                    },
                    "py/object": "tree.TextTree"
                },
                {
                    "c": null,
                    "children": [],
                    "content": "Google Query ExpansionOur Results\fReferences [1] M. Banko, M. J. Cafarella, S. Soderland, M. Broadhead, and In",
                    "embedding": null,
                    "h": null,
                    "parent": {
                        "py/id": 112
                    },
                    "py/object": "tree.TextTree"
                },
                {
                    "c": null,
                    "children": [],
                    "content": "O. Etzioni. Open information extraction for the web. IJCAI, 2007. 1kernel for image classication. III\u2013513. IEEE, 2003. 4with pictures. In AI, 2005. 3on wikipedia data. In EMNLP, 2007. 1human detection. In CVPR, 2005. 4on Learning with Multiple Views, 2005. 3partite spectral graph partitioning. In SIGKDD, 2001. 3lter for google images. In ECCV, 2004. 2web data for concept learning. Springer, 2014. 2decorrelation for clustering and classication. 2012. 5denote which concepts? In ACL, 2011. 2senses by clustering with multi-modal features. 2006. 3, 6, 7, 8google images. In CVPR, 2006. 2ination for image retrieval. In ECCV, 2012. 2, 3, 7exemplar-svms for object detection and beyond. 2011. 5munications of the ACM, 38(11):39\u201341, 1995. 1",
                    "embedding": null,
                    "h": null,
                    "parent": {
                        "py/id": 112
                    },
                    "py/object": "tree.TextTree"
                },
                {
                    "c": null,
                    "children": [],
                    "content": "Holland Mathematics Studies. Elsevier Science, 1986. 6network for web images. In ICCV, 2013. 2age search results. In NIPS, 2009. 3databases from the web. In ICCV, 2007. 2, 3tational linguistics, 24(1):97\u2013123, 1998. 6, 8merge word senses. In EMNLP, 2007. 1valing supervised methods. In ACL, 1995. 2, 4",
                    "embedding": null,
                    "h": null,
                    "parent": {
                        "py/id": 112
                    },
                    "py/object": "tree.TextTree"
                }
            ],
            "content": "6. Conclusion",
            "embedding": null,
            "h": null,
            "parent": {
                "py/id": 0
            },
            "py/object": "tree.TextTree"
        }
    ],
    "content": "Sense Discovery via Co-Clustering on Images and Text",
    "embedding": null,
    "h": null,
    "parent": null,
    "py/object": "tree.TextTree"
}