{
    "c": null,
    "children": [
        {
            "c": null,
            "children": [
                {
                    "c": null,
                    "children": [],
                    "content": "Since its introduction as a powerful graph-based method for image segmentation, the Normalized Cuts (NCuts) algorithm has been generalized to incorporate expert knowledge about how certain pixels or regions should be grouped, or how the resulting segmentation should be biased to be correlated with priors. Previous approaches incorporate hard must-link constraints on how certain pixels should be grouped as well as hard cannot-link constraints on how other pixels should be separated into different groups. In this paper, we reformulate NCuts to allow both sets of constraints to be handled in a soft manner, enabling the user to tune the degree to which the constraints are satised. An approximate spectral solution to the reformulated problem exists without requiring explicit construction of a large, dense matrix; hence, computation time is comparable to that of unconstrained NCuts. Using synthetic data and real imagery, we show that soft handling of constraints yields better results than unconstrained NCuts and enables more robust clustering and segmentation than is possible when the constraints are strictly enforced.",
                    "embedding": null,
                    "h": null,
                    "parent": {
                        "py/id": 2
                    },
                    "py/object": "tree.TextTree"
                }
            ],
            "content": "Abstract",
            "embedding": null,
            "h": null,
            "parent": {
                "py/id": 0
            },
            "py/object": "tree.TextTree"
        },
        {
            "c": null,
            "children": [
                {
                    "c": null,
                    "children": [],
                    "content": "One of the most popular algorithms for image segmentation and clustering is Normalized Cuts [13, 14] (NCuts), which generates segments by partitioning a graph that models the image. Although NCuts has been successful in many settings, it is a fully automatic algorithm, and no fully automatic segmentation algorithm currently exists that is as good as the human brain at handling the complexity and variety inherent in real-world images. Because of this, one vibrant area of research over the last decade has been into the development of interactive image segmentation algorithms that rely on user input to help guide the segmentation process.",
                    "embedding": null,
                    "h": null,
                    "parent": {
                        "py/id": 6
                    },
                    "py/object": "tree.TextTree"
                },
                {
                    "c": null,
                    "children": [],
                    "content": "Like NCuts, many of the modern interactive image segmentation techniques are based on graph partitioning and labeling algorithms [4, 3, 6, 8, 12, 18]. User input about pixels or regions of the image can be provided as must-linkor cannot-link constraints [16], which specify that two or more vertices of the graph should be grouped in the same partition or separated into different partitions.",
                    "embedding": null,
                    "h": null,
                    "parent": {
                        "py/id": 6
                    },
                    "py/object": "tree.TextTree"
                },
                {
                    "c": null,
                    "children": [],
                    "content": "Two extensions of NCuts have been developed that handle hard constraints: Yu and Shi [18] enable hard mustlink constraints, and Eriksson et al. [6] enable both hard must-link and cannot-link constraints. A different generalization is the Biased Normalized Cut, by Maji et al. [10], in which the resulting clustering or segmentation can be biased towards being correlated with some predened template or function. If this function is dened by the user to indicate pixels/regions that should be linked, Biased Normalized Cuts can be thought of as a way of modifying the NCuts solution towards satisfying must-link constraints in a soft manner.",
                    "embedding": null,
                    "h": null,
                    "parent": {
                        "py/id": 6
                    },
                    "py/object": "tree.TextTree"
                },
                {
                    "c": null,
                    "children": [],
                    "content": "In this paper, we present a different generalization of NCuts that allows soft versions of both must-link and cannot-link constraints to be satised, enabling an expert user to vary the desired in\ufb02uence of specic constraints on the partitioning process. Soft versions of the constraints allow for \ufb02exibility to be robust to situations when user input is not guaranteed to be completely accurate. Our generalization, which we refer to as Semi-Supervised Normalized Cuts (SSNCuts), has an approximate spectral solution that does not require explicit construction of a large, dense matrix; hence, computation time is comparable to that of the original NCuts algorithm. Furthermore, it directly computes the constrained solution without relying on an initial unconstrained solution (as opposed to the approach of Biased NCuts). If desired, SSNCuts can form the basis of a foreground extraction system like GrabCuts [12], by iteratively updating the manual labels and then estimating the alpha-matte around the region border.",
                    "embedding": null,
                    "h": null,
                    "parent": {
                        "py/id": 6
                    },
                    "py/object": "tree.TextTree"
                },
                {
                    "c": null,
                    "children": [],
                    "content": "The remainder of this paper is organized as follows. Section 2 reviews the original NCuts algorithm, and Section 3 shows how to generalize it to incorporate soft must-link and cannot-link constraints. Section 4 uses the toy problem presented in [10] to explore the behavior of our generalization compared to methods requiring strict constraint satisfaction [6, 18]. Section 5 illustrates image segmentation results on a variety of images from the PASCAL VOC dataset [7].",
                    "embedding": null,
                    "h": null,
                    "parent": {
                        "py/id": 6
                    },
                    "py/object": "tree.TextTree"
                },
                {
                    "c": null,
                    "children": [],
                    "content": "A preliminary version of this paper appeared in [5], in which we proposed a generalization of NCuts to handle only soft must-link constraints.",
                    "embedding": null,
                    "h": null,
                    "parent": {
                        "py/id": 6
                    },
                    "py/object": "tree.TextTree"
                }
            ],
            "content": "1. Introduction",
            "embedding": null,
            "h": null,
            "parent": {
                "py/id": 0
            },
            "py/object": "tree.TextTree"
        },
        {
            "c": null,
            "children": [
                {
                    "c": null,
                    "children": [],
                    "content": "Consider an undirected weighted graph G = (V, E) that we wish to partition into two disjoint subgraphs GA =can be achieved by removing the edges connecting A to B; the cost of partitioning G is called the cut cost and is dened by the total weight of the edges that have been removed:where the vertex set V = {v1, v2, \u00b7 \u00b7 \u00b7 , vn}, and where W is the weighted adjacency matrix of G.",
                    "embedding": null,
                    "h": null,
                    "parent": {
                        "py/id": 20
                    },
                    "py/object": "tree.TextTree"
                },
                {
                    "c": null,
                    "children": [],
                    "content": "To nd an optimal partitioning of G, one strategy is to minimize (1) to nd the minimum cut. As described in [17], however, such a minimum cut can be unnaturally biased towards partitionings in which one of the subgraphs has a single vertex. To yield more balanced partitionings, other related cut costs have been proposed, one of the most popular of which is the Normalized Cut [14]:is the total connection from all vertices in S to all vertices in the graph G.",
                    "embedding": null,
                    "h": null,
                    "parent": {
                        "py/id": 20
                    },
                    "py/object": "tree.TextTree"
                },
                {
                    "c": null,
                    "children": [],
                    "content": "Shi and Malik [14] show that minimizing (2) is equivalent to solving the following discrete minimization problem:subject to yi \u2208 {1, \u2212b} , i = 1, 2, . . . , n ,where D is the diagonal weighted degree matrix dened componentwise by di = Di,i = (cid:4)j Wi,j , b = (cid:5)(cid:4)xi>0 di(cid:6)/(cid:5)(cid:4)xi<0 di(cid:6), and y = (1 + x)/2 \u2212b(1 \u2212 x)/2, where x is an n-dimensional indicator vector such that xi = 1 if vertex vi is in A and xi = \u22121 otherwise. They further show that if (4) is relaxed so that the components of y are real-valued, its solution is the generalized eigenvector corresponding to the smallest nontrivial eigenvalue of:",
                    "embedding": null,
                    "h": null,
                    "parent": {
                        "py/id": 20
                    },
                    "py/object": "tree.TextTree"
                },
                {
                    "c": null,
                    "children": [],
                    "content": "The components of the resulting generalized eigenvector can then be thresholded to assign them one of the discrete labels.",
                    "embedding": null,
                    "h": null,
                    "parent": {
                        "py/id": 20
                    },
                    "py/object": "tree.TextTree"
                },
                {
                    "c": null,
                    "children": [],
                    "content": "An alternate way to formulate the discrete minimization problem (4) is presented in Eriksson et al. [6] and involves parameterizing directly with x:subject to xi \u2208 {1, \u22121} , i = 1, 2, . . . , n ,where d = DT1 is the vector containing the diagonal elements of D. We go one step further; noting that:which allows us to state (6) as:subject to xi \u2208 {1, \u22121} , i = 1, 2, . . . , n ,where q is the unit vector in the direction of D1/21.",
                    "embedding": null,
                    "h": null,
                    "parent": {
                        "py/id": 20
                    },
                    "py/object": "tree.TextTree"
                },
                {
                    "c": null,
                    "children": [],
                    "content": "There are two reasons we prefer to represent NCut minimization by (8) as opposed to (4). First, b is not actually constant with respect to y; hence, the class labels for y are actually a function of y itself, whereas the class labels for x are xed. Second, the balance constraint yTD1 = 0, while required by (4), is not actually required by (8) because it is implicitly satised by the solution to the relaxed version of (8).",
                    "embedding": null,
                    "h": null,
                    "parent": {
                        "py/id": 20
                    },
                    "py/object": "tree.TextTree"
                },
                {
                    "c": null,
                    "children": [],
                    "content": "To see why the latter point is true, we rst note that taking the gradient of the objective function in (8) and setting it equal to zero shows us that any critical point x\u2217 of the relaxed version of (8) must satisfy the generalized eigenvector problem:",
                    "embedding": null,
                    "h": null,
                    "parent": {
                        "py/id": 20
                    },
                    "py/object": "tree.TextTree"
                },
                {
                    "c": null,
                    "children": [],
                    "content": "This is equivalent to the generalized eigenvector problem:",
                    "embedding": null,
                    "h": null,
                    "parent": {
                        "py/id": 20
                    },
                    "py/object": "tree.TextTree"
                },
                {
                    "c": null,
                    "children": [],
                    "content": "Using the orthogonal decomposition theorem, we write z\u2217 = \u03b11q + \u03b12z\u2217 q\u22a5 = 0. First, note that if \u03b12 = 0, x\u2217 = D\u22121/2z\u2217 represents a trivial cut of G, so to avoid this case we assume \u03b12 (cid:3)= 0. Now, noting that q is an eigenvector of D\u22121/2 (D \u2212 W) D\u22121/2 with corresponding eigenvalue 0 and that I \u2212 qqT projects q to zero and preserves any vector orthogonal to q, we have:",
                    "embedding": null,
                    "h": null,
                    "parent": {
                        "py/id": 20
                    },
                    "py/object": "tree.TextTree"
                },
                {
                    "c": null,
                    "children": [],
                    "content": "Furthermore, the objective function evaluated at z\u2217 simplies to:",
                    "embedding": null,
                    "h": null,
                    "parent": {
                        "py/id": 20
                    },
                    "py/object": "tree.TextTree"
                },
                {
                    "c": null,
                    "children": [],
                    "content": "Since \u03bb = 0 would correspond to z\u2217 q\u22a5 = q (which is impossible because they are orthogonal), z\u2217 q\u22a5 must be the generalized eigenvector corresponding to the second smallest eigenvalue of (11). Once z\u2217 q\u22a5 is determined, \u03b11 can be free to be chosen to be any value without impacting the objective function nor changing the fact that z\u2217 is a critical point. Thus, we can choose \u03b11 = 0; this ensures that z\u2217 itself is the eigenvector corresponding to the second smallest eigenvalue of:",
                    "embedding": null,
                    "h": null,
                    "parent": {
                        "py/id": 20
                    },
                    "py/object": "tree.TextTree"
                },
                {
                    "c": null,
                    "children": [],
                    "content": "D\u22121/2 (D \u2212 W) D\u22121/2z = \u03bbzand consequently, that x\u2217 is the generalized eigenvector corresponding to the second smallest eigenvalue of:",
                    "embedding": null,
                    "h": null,
                    "parent": {
                        "py/id": 20
                    },
                    "py/object": "tree.TextTree"
                },
                {
                    "c": null,
                    "children": [],
                    "content": "This also ensures that the balance constraint is implicitly enforced (because generalized eigenvectors of Ax = \u03bbBx corresponding to distinct eigenvalues are B-orthogonal if B is symmetric positive denite [11]).",
                    "embedding": null,
                    "h": null,
                    "parent": {
                        "py/id": 20
                    },
                    "py/object": "tree.TextTree"
                }
            ],
            "content": "2. Normalized Cuts",
            "embedding": null,
            "h": null,
            "parent": {
                "py/id": 0
            },
            "py/object": "tree.TextTree"
        },
        {
            "c": null,
            "children": [
                {
                    "c": null,
                    "children": [],
                    "content": "3.1. Must-Link Constraints",
                    "embedding": null,
                    "h": null,
                    "parent": {
                        "py/id": 48
                    },
                    "py/object": "tree.TextTree"
                },
                {
                    "c": null,
                    "children": [
                        {
                            "c": null,
                            "children": [],
                            "content": "Prior knowledge in the form of soft must-link constraints is straightforward to incorporate in a semi-supervised version of NCuts. Suppose we know that each of the ordered pairs of vertices in the set C = {(vi\u2113, vj\u2113 ) |\u2113 = 1, . . . , m} represents two vertices that should be grouped in the same partition. A modied cut cost can be formulated that penal",
                            "embedding": null,
                            "h": null,
                            "parent": {
                                "py/id": 52
                            },
                            "py/object": "tree.TextTree"
                        },
                        {
                            "c": null,
                            "children": [],
                            "content": "Incorporating soft cannot-link constraints into the NCuts framework is not quite as straightforward as incorporating soft must-link constraints. Suppose now that each of the ordered pairs of vertices in the set \u02dcC =should be grouped in different partitions. Another modiedcut cost can be formulated, this one penalizing violations of the cannot-link constraints:cutCL(A, B) = cut(A, B) + 1where \u02dc\u03b8(vi, vj) = 1 \u2212 \u03b8(vi, vj) = (xi + xj)2/4 is the cannot-link penalty that equals 1 if vi and vj are in the same subgraph and 0 if they are in different subgraphs. The \u02dc\u03b3(cid:2)\u2019s specify the strength of each cannot-link constraint. The modied cut cost can be used to create a modied NCut:where \u02dcU is the \u02dcm \u00d7 n matrix dened row-wise so that row \u2113 contains 1/2\u2019s in columns \u02dci(cid:2) and \u02dcj(cid:2), and 0\u2019s in every other column, and where \u02dc\u0393 is the diagonal matrix containing the weights on its main diagonal.",
                            "embedding": null,
                            "h": null,
                            "parent": {
                                "py/id": 52
                            },
                            "py/object": "tree.TextTree"
                        },
                        {
                            "c": null,
                            "children": [],
                            "content": "Critical points of (21) (assuming the constraints xi \u2208 {1, \u22121} , i = 1, 2, . . . , n, are relaxed), satisfy the generalized eigenvector problem:",
                            "embedding": null,
                            "h": null,
                            "parent": {
                                "py/id": 52
                            },
                            "py/object": "tree.TextTree"
                        },
                        {
                            "c": null,
                            "children": [],
                            "content": "However, solving (22) directly is problematic in a way that solving (14) or (18) is not. Consider that the matrix I\u2212qqT projects vectors onto the subspace orthogonal to q, so the inner product of any scalar multiple of q with the vectorple of q, so 1TD Hence, the right-hand side of (22) is orthogonal to 1.",
                            "embedding": null,
                            "h": null,
                            "parent": {
                                "py/id": 52
                            },
                            "py/object": "tree.TextTree"
                        },
                        {
                            "c": null,
                            "children": [],
                            "content": "This means that the left-hand side of (22) must also be orthogonal to 1 whenever \u03bb (cid:3)= 0. Even though this same analysis is true for (14) or (18), the row sums of D \u2212 W and of UT\u0393U vanish, guaranteeing that the left-hand sides of (14) or (18) are orthogonal to 1. However, the row sums of \u02dcUT \u02dc\u0393 \u02dcU do not vanish, and so we must explicitly enforce the constraint xT \u02dcUT \u02dc\u0393 \u02dcU1 = 0. The relaxed version of the minimization of (21) is therefore:xT(cid:15)D \u2212 W + \u02dcUT \u02dc\u0393 \u02dcU(cid:16) xsubject to xT \u02dcUT \u02dc\u0393 \u02dcU1 = 0 .whose columns form a basis for the subspace orthogonal to the vector p = \u02dcUT \u02dc\u0393 \u02dcU1, and we make the substitution x = Bh, where h is (n \u2212 1) \u00d7 1. Minimizing the relaxed version of (23) is then equivalent to solving the unconstrained minimization problem:hTBT(cid:15)D \u2212 W + \u02dcUT \u02dc\u0393 \u02dcU(cid:16) Bh",
                            "embedding": null,
                            "h": null,
                            "parent": {
                                "py/id": 52
                            },
                            "py/object": "tree.TextTree"
                        },
                        {
                            "c": null,
                            "children": [],
                            "content": "A variety of choices can be made for B; for computational purposes, we make the sparse choice B = P\u02c6iM, where \u02c6i = arg max p, P\u02c6i is the n \u00d7 n permutation matrix that swaps rows 1 and \u02c6i, and M is the n \u00d7 (n \u2212 1) matrix given by:",
                            "embedding": null,
                            "h": null,
                            "parent": {
                                "py/id": 52
                            },
                            "py/object": "tree.TextTree"
                        },
                        {
                            "c": null,
                            "children": [],
                            "content": "With this choice of B, we nd that critical points of (24)",
                            "embedding": null,
                            "h": null,
                            "parent": {
                                "py/id": 52
                            },
                            "py/object": "tree.TextTree"
                        },
                        {
                            "c": null,
                            "children": [],
                            "content": "MTP\u02c6i(cid:15)D \u2212 W + \u02dcUT \u02dc\u0393 \u02dcU(cid:16) P\u02c6iMh",
                            "embedding": null,
                            "h": null,
                            "parent": {
                                "py/id": 52
                            },
                            "py/object": "tree.TextTree"
                        },
                        {
                            "c": null,
                            "children": [],
                            "content": "The solution to (24) is therefore the generalized eigenvector of (26) corresponding to the smallest eigenvalue; this eigenvector can then be premultiplied by P\u02c6iM and thresholded to approximately minimize NCutCL(A, B).",
                            "embedding": null,
                            "h": null,
                            "parent": {
                                "py/id": 52
                            },
                            "py/object": "tree.TextTree"
                        },
                        {
                            "c": null,
                            "children": [],
                            "content": "Note that all matrices in (26) are sparse except for I \u2212 qqT; however, if the Lanczos algorithm [9] is used to solve (26), I \u2212 qqT never needs to be formed explicitly.puted repeatedly for various vectors f , and this product is",
                            "embedding": null,
                            "h": null,
                            "parent": {
                                "py/id": 52
                            },
                            "py/object": "tree.TextTree"
                        },
                        {
                            "c": null,
                            "children": [],
                            "content": "Only the matrix-vector product(cid:5)I \u2212 qqT(cid:6) f must be comequivalent to f \u2212(cid:5)qTf(cid:6) q.",
                            "embedding": null,
                            "h": null,
                            "parent": {
                                "py/id": 52
                            },
                            "py/object": "tree.TextTree"
                        }
                    ],
                    "content": "3.2. Cannot-Link Constraints",
                    "embedding": null,
                    "h": null,
                    "parent": {
                        "py/id": 48
                    },
                    "py/object": "tree.TextTree"
                },
                {
                    "c": null,
                    "children": [
                        {
                            "c": null,
                            "children": [],
                            "content": "Soft versions of must-link and cannot-link constraints can easily be incorporated into the same problem. If we rst dene the semi-supervised cut cost cutSS(A, B) to enable both types of constraints; i.e.,then we can dene the Semi-Supervised Normalized Cut cost by:",
                            "embedding": null,
                            "h": null,
                            "parent": {
                                "py/id": 76
                            },
                            "py/object": "tree.TextTree"
                        },
                        {
                            "c": null,
                            "children": [],
                            "content": "To make (23) easier to solve, we follow the strategy of [6] and judiciously choose a n \u00d7 (n \u2212 1) matrix B",
                            "embedding": null,
                            "h": null,
                            "parent": {
                                "py/id": 76
                            },
                            "py/object": "tree.TextTree"
                        },
                        {
                            "c": null,
                            "children": [],
                            "content": "Combining the analyses of Sections 3.1 and 3.2, we nd that minimizing (28) can be relaxed into the equivalent minimization problem:xT(cid:15)D \u2212 W + UT\u0393U + \u02dcUT \u02dc\u0393 \u02dcU(cid:16) xsubject to xT \u02dcUT \u02dc\u0393 \u02dcU1 = 0 .",
                            "embedding": null,
                            "h": null,
                            "parent": {
                                "py/id": 76
                            },
                            "py/object": "tree.TextTree"
                        },
                        {
                            "c": null,
                            "children": [],
                            "content": "This can be solved by nding the generalized eigenvector corresponding to the smallest eigenvalue of:",
                            "embedding": null,
                            "h": null,
                            "parent": {
                                "py/id": 76
                            },
                            "py/object": "tree.TextTree"
                        },
                        {
                            "c": null,
                            "children": [],
                            "content": "MTP\u02c6i(cid:15)D \u2212 W + UT\u0393U + \u02dcUT \u02dc\u0393 \u02dcU(cid:16) P\u02c6iMhclasses, (b) partitioning based on minimizing NCut.and then premultiplying the result by P\u02c6iM.",
                            "embedding": null,
                            "h": null,
                            "parent": {
                                "py/id": 76
                            },
                            "py/object": "tree.TextTree"
                        },
                        {
                            "c": null,
                            "children": [],
                            "content": "As in Section 3.2, all matrices in (30) are sparse exceptfor I \u2212 qqT, which never needs to be formed explicitly.",
                            "embedding": null,
                            "h": null,
                            "parent": {
                                "py/id": 76
                            },
                            "py/object": "tree.TextTree"
                        }
                    ],
                    "content": "3.3. Both Types of Constraints in the Same Problem",
                    "embedding": null,
                    "h": null,
                    "parent": {
                        "py/id": 48
                    },
                    "py/object": "tree.TextTree"
                },
                {
                    "c": null,
                    "children": [
                        {
                            "c": null,
                            "children": [],
                            "content": "Yu and Shi [18] show that when the set of constraints is sparse, better solutions to the hard must-link constrained Normalized Cuts problem are obtained by propagating (or conditioning) the constraints to neighboring vertices of the graph by replacing the constraint matrix U with UD\u22121W. In the context of this paper, sparse constraints can be conditioned in the same way, by replacing U with UD\u22121W and \u02dcU with \u02dcUD W in the generalized eigenvector problems (18), (26), and (30).",
                            "embedding": null,
                            "h": null,
                            "parent": {
                                "py/id": 90
                            },
                            "py/object": "tree.TextTree"
                        }
                    ],
                    "content": "3.4. Constraint Conditioning",
                    "embedding": null,
                    "h": null,
                    "parent": {
                        "py/id": 48
                    },
                    "py/object": "tree.TextTree"
                },
                {
                    "c": null,
                    "children": [
                        {
                            "c": null,
                            "children": [],
                            "content": "The values assigned to the constraint weight matrices \u0393 and \u02dc\u0393 can have unpredictable effects if the number of constraints is changed. A recommended strategy is to dene equal weights for each constraint (i.e., set \u0393 = \u03b3I andso that the choice \u03b3 = \u02dc\u03b3 = 1 always indicates equal in\ufb02uence across all terms in the cost function. For all of the images in section 5, after rescaling U and \u02dcU, SSNCuts is carried out with \u03b3 = \u02dc\u03b3 = 100.",
                            "embedding": null,
                            "h": null,
                            "parent": {
                                "py/id": 94
                            },
                            "py/object": "tree.TextTree"
                        },
                        {
                            "c": null,
                            "children": [],
                            "content": "For greater \ufb02exibility in interactive segmentation systems, an alternative is to choose constraint weights to equally in\ufb02uence must-link constraints in the foreground with those in the background. By reordering and partitioning U so that the top rows (Uf ) correspond to foreground ML constraints and the bottom rows (Ub) to background ML constraints, we can separately rescale Uf and Ub soallows for the choice of separate weights \u03b3f and \u03b3b for the two groups of must-link constraints.b Ub(cid:6) = tr(cid:15) \u02dcUT \u02dcU(cid:16) = tr(D). This",
                            "embedding": null,
                            "h": null,
                            "parent": {
                                "py/id": 94
                            },
                            "py/object": "tree.TextTree"
                        }
                    ],
                    "content": "3.5. Choosing Constraint Weights",
                    "embedding": null,
                    "h": null,
                    "parent": {
                        "py/id": 48
                    },
                    "py/object": "tree.TextTree"
                }
            ],
            "content": "3. Incorporating Soft Constraints",
            "embedding": null,
            "h": null,
            "parent": {
                "py/id": 0
            },
            "py/object": "tree.TextTree"
        },
        {
            "c": null,
            "children": [
                {
                    "c": null,
                    "children": [],
                    "content": "To illustrate the incorporation of soft must-link and cannot-link constraints into NCuts, we compare our proposed algorithm with Yu-Shi NCuts [18] and Eriksson et al. NCuts [6] using the synthetic example introduced in Maji et al. [10]. Figure 1a shows data randomly generated in three sets, S1, S2, and S3, with 100 data points in each set. After constructing a graph with edge weights between pointspi and pj given by wi,j = exp(cid:15)\u2212 (cid:4)pi \u2212 pj(cid:4)2 /2\u03c32(cid:16) with",
                    "embedding": null,
                    "h": null,
                    "parent": {
                        "py/id": 100
                    },
                    "py/object": "tree.TextTree"
                },
                {
                    "c": null,
                    "children": [],
                    "content": "Next, as in [10], we attempt to group S1 and S3 together by adding various must-link and cannot-link constraints as shown in Fig. 2. In the left three columns of Fig. 2, must-link constraints are created between each pair of points circled in red; in the right three columns, must-link constraints are created between all pairs of points circled in the same color, and cannot-link constraints are created between points circled in red and those circled in green. In the third and sixth columns, erroneous constraints are added by \u201daccidentally\u201d selecting two points in S2 to be grouped with those in S1 and S3.",
                    "embedding": null,
                    "h": null,
                    "parent": {
                        "py/id": 100
                    },
                    "py/object": "tree.TextTree"
                },
                {
                    "c": null,
                    "children": [],
                    "content": "In the left columns, where only must-link constraints are provided, we see the results of Yu-Shi NCuts [18] and SSNCuts. In the right columns, where two groups of constraints are provided, we separately pair subsets of red and green circled points to form must-link constraints, and we form cannot-link constraints are between each red/green point pair. In these columns, we see the results of Eriksson et al. NCuts [6] and SSNCuts (Yu-Shi NCuts is not applicable in the presence of cannot-link constraints).",
                    "embedding": null,
                    "h": null,
                    "parent": {
                        "py/id": 100
                    },
                    "py/object": "tree.TextTree"
                },
                {
                    "c": null,
                    "children": [],
                    "content": "Note that in situations where there are no erroneous manually-labeled points, Yu-Shi NCuts, Eriksson et al. NCuts, and SSNCuts all nicely separate the data into the desired clusters. However, in the presence of even a single erroneous manually-labeled point, the hard-constrained versions of NCuts fail; whereas, SSNCuts is able to sucshown by red and green circled points. In all situations where Yu-Shi and Eriksson NCuts can be used, SSNCutssuccessfully separates S2 from S1 and S3 for a range of values of \u03b3. In addition, in situations where Yu-Shi and Eriksson",
                    "embedding": null,
                    "h": null,
                    "parent": {
                        "py/id": 100
                    },
                    "py/object": "tree.TextTree"
                },
                {
                    "c": null,
                    "children": [],
                    "content": "NCuts fail due to the presence of erroneous manual labels, SSNCuts succeeds as \u03b3 andcessfully separate the data as the constraint weights are decreased \u03b3. This suggests that even if hard constraints become impossible to satisfy, soft constraints can be effective.",
                    "embedding": null,
                    "h": null,
                    "parent": {
                        "py/id": 100
                    },
                    "py/object": "tree.TextTree"
                }
            ],
            "content": "4. Synthetic Example",
            "embedding": null,
            "h": null,
            "parent": {
                "py/id": 0
            },
            "py/object": "tree.TextTree"
        },
        {
            "c": null,
            "children": [
                {
                    "c": null,
                    "children": [],
                    "content": "To illustrate how SSNCuts performs on real imagery in comparison and contrast with hard-constrained versions of NCuts, we follow the evaluation strategy of Maji et al. [10] and present qualitative results on images from the PASCAL VOC dataset [7]. As done in [10], we will refrain from performing a quantitative validation using segmentation benchmarks or wrapping the various NCuts algorithms inside foreground extraction systems like GrabCuts [12].",
                    "embedding": null,
                    "h": null,
                    "parent": {
                        "py/id": 112
                    },
                    "py/object": "tree.TextTree"
                },
                {
                    "c": null,
                    "children": [],
                    "content": "Figure 3 shows a variety of images taken from the PASCAL VOC database. For each image, we use a paintbrush tool to manually identify regions of the image that should belong to the foreground object (orange) and background (blue). To make the subsequent segmentation algorithms more computationally efcient, we rst perform an oversegmentation of the image into superpixels using Simple Linear Iterative Clustering (SLIC) [1] as implemented in the VLFeat toolbox [15], and we construct a graph having each superpixel as a vertex.dene the weight between superpixel i and j as:",
                    "embedding": null,
                    "h": null,
                    "parent": {
                        "py/id": 112
                    },
                    "py/object": "tree.TextTree"
                },
                {
                    "c": null,
                    "children": [],
                    "content": "Wi,j = exp(\u2212 max {gPb(pi,j)} /\u03c1)if (cid:4)pi,j(cid:4) \u2264 r and Wi,j = 0 otherwise, where pi,j is the line segment connecting the centroids of superpixels i and j, and \u03c1 is a constant. We set r to be 0.1 times the maximum of the image width and height, and \u03c1 = 0.1. Our choice of \u03c1 is consistent with [2], but our choice of r is larger because of our use of superpixels to form the graph.",
                    "embedding": null,
                    "h": null,
                    "parent": {
                        "py/id": 112
                    },
                    "py/object": "tree.TextTree"
                },
                {
                    "c": null,
                    "children": [],
                    "content": "For each PASCAL VOC image, the generalized eigenvectors corresponding to the solutions of unconstrained, YuShi, Eriksson et al., and Semi-Supervised NCuts are shown in columns 4-7. Column 8 shows a segmentation of the foreground region based on k-means clustering of the SSNCuts eigenvector. In the images in the rst two rows, hard-constrained versions of NCuts are successful, and so SSNCuts shows no improvement. In the remaining rows, hard-constrained NCuts fail (in the same manner, in fact), but SSNCuts yields eigenvectors that appear to highlight the location of the foreground region. The nal three rows show images for which SSNCuts yields qualitatively good eigenvectors, but for which k-means clustering yields too low of a threshold for segmentation. These results suggest that SSNCuts would likely be successful in a GrabCuts-like iterative foreground extraction system [12].",
                    "embedding": null,
                    "h": null,
                    "parent": {
                        "py/id": 112
                    },
                    "py/object": "tree.TextTree"
                },
                {
                    "c": null,
                    "children": [],
                    "content": "To dene edge weights for the graph, we compute the globalized probability of boundary (gPb) [2] at each pixel, nd the maximum gPb across eight orientation angles, and",
                    "embedding": null,
                    "h": null,
                    "parent": {
                        "py/id": 112
                    },
                    "py/object": "tree.TextTree"
                },
                {
                    "c": null,
                    "children": [],
                    "content": "Figure 4 illustrates the in\ufb02uence of the weights in the soft constraints. Using one of the dog images with userprovided paintbrush strokes shown in Fig. 3, we see theeigenvector from unconstrained NCuts [14], (e) eigenvector from Yu-Shi NCuts [18] with hard ML constraints, (f)eigenvector from Eriksson et al. NCuts [6] with hard ML and CL constraints, (g) eigenvector from SSNCuts, and (h)segmentation based on k-means clustering on (g).in\ufb02uence of simultaneously increasing \u03b3 and \u02dc\u03b3. As the constraint weights are initially increased, the SSNCuts solution appears to successfully identify the dog in the foreground; however, as the constraint weights grow even further, SSNCuts eventually yields solutions similar to hardconstrained NCuts.",
                    "embedding": null,
                    "h": null,
                    "parent": {
                        "py/id": 112
                    },
                    "py/object": "tree.TextTree"
                }
            ],
            "content": "5. Qualitative Segmentation Results",
            "embedding": null,
            "h": null,
            "parent": {
                "py/id": 0
            },
            "py/object": "tree.TextTree"
        },
        {
            "c": null,
            "children": [
                {
                    "c": null,
                    "children": [],
                    "content": "In this paper, we have extended the NCuts algorithm for image segmentation and clustering to enable soft must-link and cannot-link constraints. The constraints can be provided by an expert user, and their soft nature allows their relative in\ufb02uence to be varied. Through various synthetic and real-world examples, we illustrate results that are more robust than those achieved by hard constraint enforcement.in this at MATLAB Central (http://www.mathworks.com/matlabcentral/) under File ID #52735.",
                    "embedding": null,
                    "h": null,
                    "parent": {
                        "py/id": 126
                    },
                    "py/object": "tree.TextTree"
                },
                {
                    "c": null,
                    "children": [],
                    "content": "Thanks to Paul Wenger and the anonymous reviewers for helpful comments. Selene Chew was supported by RIT\u2019s Honors Summer Undergraduate Research Program.image segmentation. IEEE Trans. Pattern Analysis and Machine Intelligence, 28(11):1768\u20131783, Nov 2006. 1for Industrial and Applied Mathematics, 1998. 3",
                    "embedding": null,
                    "h": null,
                    "parent": {
                        "py/id": 126
                    },
                    "py/object": "tree.TextTree"
                },
                {
                    "c": null,
                    "children": [],
                    "content": "VLFeat: An open and portable library of computer vision algorithms. http://www.vlfeat.org/, 2008. 6",
                    "embedding": null,
                    "h": null,
                    "parent": {
                        "py/id": 126
                    },
                    "py/object": "tree.TextTree"
                }
            ],
            "content": "6. Conclusion",
            "embedding": null,
            "h": null,
            "parent": {
                "py/id": 0
            },
            "py/object": "tree.TextTree"
        }
    ],
    "content": "Semi-Supervised Normalized Cuts for Image Segmentation",
    "embedding": null,
    "h": null,
    "parent": null,
    "py/object": "tree.TextTree"
}