{
    "c": null,
    "children": [
        {
            "c": null,
            "children": [
                {
                    "c": null,
                    "children": [],
                    "content": "It has been recently shown that reconstructing an isometric surface from a single 2D input image matched to a 3D template was a well-posed problem. This however does not tell us how reconstruction algorithms will behave in practical conditions, where the amount of perspective is generally small and the projection thus behaves like weak-perspective or orthography. We here bring answers to what is theoretically recoverable in such imaging conditions, and explain why existing convex numerical solutions and analytical solutions to 3D reconstruction may be unstable. We then propose a new algorithm which works under all imaging conditions, from strong to loose perspective. We empirically show that the gain in stability is tremendous, bringing our results close to the iterative minimization of a statisticallyoptimal cost. Our algorithm has a low complexity, is simple and uses only one round of linear least-squares.",
                    "embedding": null,
                    "h": null,
                    "parent": {
                        "py/id": 2
                    },
                    "py/object": "tree.TextTree"
                }
            ],
            "content": "Abstract",
            "embedding": null,
            "h": null,
            "parent": {
                "py/id": 0
            },
            "py/object": "tree.TextTree"
        },
        {
            "c": null,
            "children": [
                {
                    "c": null,
                    "children": [],
                    "content": "An important problem in computer vision is to infer a deformed 3D surface from its 2D projection in an image and a known 3D template. We here refer to this problem as Shape-from-Template (SfT). This is challenging due to the high variability and complexity of deformations in natural objects. Given template to input image registration, SfT has been studied for a variety of constraints including learnt shape bases [9, 14, 8], temporal smoothness [15], isometric deformation [3, 4, 7, 12], conformal deformation [4] and linear elastic deformation [1, 10].",
                    "embedding": null,
                    "h": null,
                    "parent": {
                        "py/id": 6
                    },
                    "py/object": "tree.TextTree"
                },
                {
                    "c": null,
                    "children": [],
                    "content": "We here specically focus on isometric deformations which preserve surface geodesic distances. Isometric deformations apply to a wide variety of real surfaces and isometric SfT has been extensively studied [4, 3, 12, 14]. Existing approaches can be divided into three main groups: i) convex numerical optimization approaches [12, 14, 7], ii) analytical solutions [4, 3, 13] and iii) non-convex numericalapproaches [7]. The last group includes statistically optimal methods which need to be reliably initialized by a method from i) or ii) and are computationally expensive. Convex methods in i) are generally costly and may fail because of the relaxation they use of the non-convex isometry. Analytical solutions in ii) exploit the redundancy of isometric constraints to achieve local solutions. All existing methods in i) and ii) are in practice far from obtaining optimal results. There is thus a need for a method that gives fast and near-optimal solutions without requiring an initialization.",
                    "embedding": null,
                    "h": null,
                    "parent": {
                        "py/id": 6
                    },
                    "py/object": "tree.TextTree"
                },
                {
                    "c": null,
                    "children": [],
                    "content": "We prove that in orthographic conditions, depth is not directly recoverable, while depth-gradient is. In other words, a depth estimate is directly affected by the amount of perspective in the image. Clearly, orthography is never perfectly reached in practice. However, this result tells us that trying to estimate depth directly in SfT may be unstable. We show that indeed, all existing methods in i) and ii) are intrinsically unstable. Unfortunately, it is difcult to change the convex relaxations used in i). We thus exploit a novel way of using the principle underlying methods in ii), which use the non-holonomic depth solution to a system of nonlinear PDEs. We show that this solution is unstable under close to orthographic conditions, which tend to happen frequently in practice due to the local nature of these methods. We propose to use the two-fold non-holonomic solution to depth-gradient, which has not yet been exploited. Because we have shown that this solution is always stable, we can expect our method to give stable results. By using a simple disambiguation rule exploiting depth, stable even in close to orthographic conditions, and a linear least-squares integration step, we obtain a fast and simple SfT method. Our thorough experimental evaluation shows that its results are extremely close to a statistically optimal method in iii), and that it largely outperforms existing methods in i) and ii). We review state-of-the-art in \u00a72. We present our mathematical modeling and notation in \u00a73. We derive the system of non-linear PDEs describing SfT and its solutions in \u00a74. We study the solution stability with respect to projection conditions in \u00a75. We present our stable solution in \u00a76. Weshow experimental results in \u00a77 and conclude in \u00a78.",
                    "embedding": null,
                    "h": null,
                    "parent": {
                        "py/id": 6
                    },
                    "py/object": "tree.TextTree"
                },
                {
                    "c": null,
                    "children": [],
                    "content": "Notation. We use bold for vectors (e.g. p) and matrices (e.g. A) and italics for scalars. We use Greek letters for functions (e.g. \u03c8). We use the operator J\u03d5 to write the function giving the Jacobian matrix of \u03d5. We use diag(v) to dene a matrix whose diagonal is v. Given a matrix M we write \u03bbi(M) and vi(M) for its ith eigenvalue and eigenvector. We assume the eigenvalues to be in descending order: \u03bbi \u2265 \u03bbj with i < j.",
                    "embedding": null,
                    "h": null,
                    "parent": {
                        "py/id": 6
                    },
                    "py/object": "tree.TextTree"
                }
            ],
            "content": "1. Introduction",
            "embedding": null,
            "h": null,
            "parent": {
                "py/id": 0
            },
            "py/object": "tree.TextTree"
        },
        {
            "c": null,
            "children": [
                {
                    "c": null,
                    "children": [],
                    "content": "Most methods in i) relax the non-convex isometric constraints to inextensibility. They then use the so-called Maximum Depth Heuristic (MDH) [12, 14]. The idea is to maximize the surface depth so that the Euclidean distance between every pair of points is upper bounded by its geodesic distance, known from the template. MDH methods are convex and fail if perspective is not strong. Methods in ii) use a system of nonlinear PDEs. Very recently [4, 3] found the analytical solution of the system for perspective and afne cameras. Analytical solutions form a powerful tool to study SfT, allowing one to prove the existence of solutions. However, those solutions are approximations when the registration warp contains noise [13] and do not ensure the surface to be exactly isometric [4]. Methods in iii) optimize a statistically optimal cost, that includes deformation and reprojection constraints. Those methods are non-convex and rely on iterative optimization [7] such as Levenberg-Marquardt. This paper studies the properties of the solutions in ii) and nds that some of the algebraic solutions that are usually discarded in ii) (i.e. derivatives of depth or surface normals) can be the key to obtaining more accurate shapes, still keeping the low complexity of the analytical solutions with respect to optimization approaches in i) and iii).",
                    "embedding": null,
                    "h": null,
                    "parent": {
                        "py/id": 16
                    },
                    "py/object": "tree.TextTree"
                }
            ],
            "content": "2. Previous Work",
            "embedding": null,
            "h": null,
            "parent": {
                "py/id": 0
            },
            "py/object": "tree.TextTree"
        },
        {
            "c": null,
            "children": [
                {
                    "c": null,
                    "children": [],
                    "content": "Figure 1 shows the modeling of SfT we use [4]. The template is a 2D domain \u2126 \u2282 R2. Image registration is represented by a warp \u03b7 : \u2126 \u2192 R2 from \u2126 to the input image I. \u2206 : \u2126 \u2192 T is invertible and parametrizes the 3D template surface T \u2282 R3 from \u2126. The template surface is deformed isometrically by \u03c8 : T \u2192 R3. The deformed surface S is parametrized by the unknown embedding function \u03d5 : \u2126 \u2192 R3. The deformed surface is projected into I by the known camera \u03a0 : R3 \u2192 R2.",
                    "embedding": null,
                    "h": null,
                    "parent": {
                        "py/id": 20
                    },
                    "py/object": "tree.TextTree"
                },
                {
                    "c": null,
                    "children": [],
                    "content": "Our goal is to solve for SfT, represented by \u03c8. In practice we work with the embedding \u03d5. This is equivalent since \u03d5 = \u03c8 \u25e6 \u2206. We solve for \u03d5 from the known functions \u2206, \u03b7 and \u03a0, and the fact that the surface deforms isometrically.",
                    "embedding": null,
                    "h": null,
                    "parent": {
                        "py/id": 20
                    },
                    "py/object": "tree.TextTree"
                },
                {
                    "c": null,
                    "children": [],
                    "content": "Figure 1. Geometric modeling of Shape-from-Template.",
                    "embedding": null,
                    "h": null,
                    "parent": {
                        "py/id": 20
                    },
                    "py/object": "tree.TextTree"
                },
                {
                    "c": null,
                    "children": [],
                    "content": "We divide the constraints on \u03d5 in reprojection constraints and deformation constraints. 3.2. Deformation Constraints",
                    "embedding": null,
                    "h": null,
                    "parent": {
                        "py/id": 20
                    },
                    "py/object": "tree.TextTree"
                },
                {
                    "c": null,
                    "children": [],
                    "content": "We start with the equation for the embedding \u03d5 = \u03c8\u25e6\u2206,",
                    "embedding": null,
                    "h": null,
                    "parent": {
                        "py/id": 20
                    },
                    "py/object": "tree.TextTree"
                },
                {
                    "c": null,
                    "children": [],
                    "content": "J\u03d5 = (J\u03c8 \u25e6 \u2206) J\u2206.",
                    "embedding": null,
                    "h": null,
                    "parent": {
                        "py/id": 20
                    },
                    "py/object": "tree.TextTree"
                },
                {
                    "c": null,
                    "children": [],
                    "content": "Multiplying equation (1) by its transpose gives us: \u2206 (J\u03c8 \u25e6 \u2206)> (J\u03c8 \u25e6 \u2206) J\u2206.",
                    "embedding": null,
                    "h": null,
                    "parent": {
                        "py/id": 20
                    },
                    "py/object": "tree.TextTree"
                },
                {
                    "c": null,
                    "children": [],
                    "content": "Isometric deformations preserve geodesic distances and for such deformations we have:which simply states that the metric tensor on the surface remains unchanged with an isometry described by \u03c8. Putting equation (3) in (2) gives: J> \u03d5 J\u03d5 = J> 3.3. Reprojection Constraints",
                    "embedding": null,
                    "h": null,
                    "parent": {
                        "py/id": 20
                    },
                    "py/object": "tree.TextTree"
                },
                {
                    "c": null,
                    "children": [],
                    "content": "The reprojection constraint \u03b7 = \u03a0 \u25e6 \u03d5 enforces consistency between the warp \u03b7 and the projection of the embedding in the image. Without loss of generality we assume that the world coordinate frame is the camera\u2019s. Let f > 0 be the camera\u2019s focal length. We use \u03d5z as the depth function, where \u03d5 = (\u03d5x, \u03d5y, \u03d5z)>.",
                    "embedding": null,
                    "h": null,
                    "parent": {
                        "py/id": 20
                    },
                    "py/object": "tree.TextTree"
                },
                {
                    "c": null,
                    "children": [],
                    "content": "Flat TemplateDeformed SurfaceRetinal Plane for an Input ImageEmbeddingWarpProjection3D TemplateFlatteningIsometricdeformationknownunknownunknownknownknown\f(cid:18)",
                    "embedding": null,
                    "h": null,
                    "parent": {
                        "py/id": 20
                    },
                    "py/object": "tree.TextTree"
                },
                {
                    "c": null,
                    "children": [],
                    "content": "From equation (5) we use \u03d5z to parameterize the embedding \u03d5, dening the following back-projection equation:",
                    "embedding": null,
                    "h": null,
                    "parent": {
                        "py/id": 20
                    },
                    "py/object": "tree.TextTree"
                },
                {
                    "c": null,
                    "children": [],
                    "content": "The global weak-perspective camera approximates the perspective camera. It rst projects the scene orthographically onto a fronto-parallel plane placed at the scene\u2019s average depth and then scales it. The local weak-perspective instantiates a weak-perspective camera at each point [5]. This gives the same projection as the perspective camera but simplies the depth-gradient. It is a non-analytical model. Whether global or local the weak-perspective projection \u03a0WP yields:",
                    "embedding": null,
                    "h": null,
                    "parent": {
                        "py/id": 20
                    },
                    "py/object": "tree.TextTree"
                },
                {
                    "c": null,
                    "children": [],
                    "content": "In the global weak-perspective model \u03b6 is a constant function. In the local weak-perspective model \u03b6 is different at each point, while preserving the property that J\u03b6 = 01\u00d72. The back-projection equation with both local and global weak-perspective is:",
                    "embedding": null,
                    "h": null,
                    "parent": {
                        "py/id": 20
                    },
                    "py/object": "tree.TextTree"
                }
            ],
            "content": "3. Modeling 3.1. Geometric Modeling",
            "embedding": null,
            "h": null,
            "parent": {
                "py/id": 0
            },
            "py/object": "tree.TextTree"
        },
        {
            "c": null,
            "children": [
                {
                    "c": null,
                    "children": [],
                    "content": "From equation (6) or (8), the solution of SfT is to nd the depth function \u03d5z, and thus \u03d5, so that the deformation constraints (4) are met. 4.1. General PDEs",
                    "embedding": null,
                    "h": null,
                    "parent": {
                        "py/id": 48
                    },
                    "py/object": "tree.TextTree"
                },
                {
                    "c": null,
                    "children": [],
                    "content": "We derive a non-linear system of PDEs that holds for both perspective and weak-perspective projection (6) and (8) and deformation constraints (4). We rst differentiate equation (6) and (8) to get J\u03d5, setting \u03a6 \u2208 {\u03a6P, \u03a6WP}:",
                    "embedding": null,
                    "h": null,
                    "parent": {
                        "py/id": 48
                    },
                    "py/object": "tree.TextTree"
                },
                {
                    "c": null,
                    "children": [],
                    "content": "MWP = diag(0, 0, 1) weak-perspective. (10)",
                    "embedding": null,
                    "h": null,
                    "parent": {
                        "py/id": 48
                    },
                    "py/object": "tree.TextTree"
                },
                {
                    "c": null,
                    "children": [],
                    "content": "We introduce equation (9) in the isometric constraint (4) to get the following system of non-linear PDEs:",
                    "embedding": null,
                    "h": null,
                    "parent": {
                        "py/id": 48
                    },
                    "py/object": "tree.TextTree"
                },
                {
                    "c": null,
                    "children": [],
                    "content": "Non-holonomic solutions play an important role in the presence of noise or errors in the warp \u03b7. Despite the fact that system (11) admits exact solutions for both \u00af\u03d5z and \u00af\u03ba, they are not generally consistent since J \u00af\u03d5z 6= \u00af\u03ba. With errors in \u03b7, system (11) is in fact an overdetermined system of PDEs with no general (i.e. holonomic) solutions.",
                    "embedding": null,
                    "h": null,
                    "parent": {
                        "py/id": 48
                    },
                    "py/object": "tree.TextTree"
                },
                {
                    "c": null,
                    "children": [],
                    "content": "We brie\ufb02y present non-holonomic solutions of the system and discuss their properties for each projection model. 4.2. Perspective Solutions",
                    "embedding": null,
                    "h": null,
                    "parent": {
                        "py/id": 48
                    },
                    "py/object": "tree.TextTree"
                },
                {
                    "c": null,
                    "children": [],
                    "content": "The system of PDEs (11) is specialized to perspective projection by choosing \u03a6P from equation (6) and MP from equation (10):",
                    "embedding": null,
                    "h": null,
                    "parent": {
                        "py/id": 48
                    },
                    "py/object": "tree.TextTree"
                },
                {
                    "c": null,
                    "children": [],
                    "content": "We simplify this system by changing variables with:giving J\u03b1 = \u03bdJ\u03d5z + \u03d5z in \u03b1 and J\u03b1:",
                    "embedding": null,
                    "h": null,
                    "parent": {
                        "py/id": 48
                    },
                    "py/object": "tree.TextTree"
                },
                {
                    "c": null,
                    "children": [],
                    "content": "This leads to an equivalent but simpler system of PDEs",
                    "embedding": null,
                    "h": null,
                    "parent": {
                        "py/id": 48
                    },
                    "py/object": "tree.TextTree"
                },
                {
                    "c": null,
                    "children": [],
                    "content": "Following [4, 3] we can always nd a single algebraic solution of system (14). We denote the non-holonomic solutions of \u03b1 and J\u03b1 as \u00af\u03b1 and \u00af\u03b2:q (cid:0)J> \u2206J\u2206\u03b3\u22121(cid:1) \u00af\u03b2 = \u00b1p\u03bb1(\u03a5)v1(\u03a5),",
                    "embedding": null,
                    "h": null,
                    "parent": {
                        "py/id": 48
                    },
                    "py/object": "tree.TextTree"
                },
                {
                    "c": null,
                    "children": [],
                    "content": "The general PDE for global and local weak-perspective cameras is found by choosing \u03a6WP from equation (8) and MWP from equation (10): J\u03d5z + \u03b62where we set \u03b6 = \u03d5z in the local weak-perspective model as \u03b6 gives the \u2018average\u2019 depth at a differential level. In the global weak-perspective model, \u03b6 = za is constant. [3] gives a method to nd za by integration over the whole surface domain and [13] studies the multiple solutions for \u00af\u03ba. System (19) has exactly the same structure as system (14), the simplied PDE system for perspective projection. We denote the non-holonomic solutions of the system as \u00af\u03d5z and \u00af\u03ba. In the local weak-perspective model we obtain \u00af\u03d5z and \u00af\u03ba by simply using equation (16) and (17) with \u03b3 = f\u22122J> 4.4. Obtaining the Embedding",
                    "embedding": null,
                    "h": null,
                    "parent": {
                        "py/id": 48
                    },
                    "py/object": "tree.TextTree"
                }
            ],
            "content": "4. PDEs and Non-Holonomic Solutions",
            "embedding": null,
            "h": null,
            "parent": {
                "py/id": 0
            },
            "py/object": "tree.TextTree"
        },
        {
            "c": null,
            "children": [
                {
                    "c": null,
                    "children": [],
                    "content": "We prove two important results regarding the stability ofthe non-holonomic solutions of the general PDEs (11):",
                    "embedding": null,
                    "h": null,
                    "parent": {
                        "py/id": 72
                    },
                    "py/object": "tree.TextTree"
                },
                {
                    "c": null,
                    "children": [],
                    "content": "Figure (2) shows a general diagram showing the effect of projection conditions on SfT.",
                    "embedding": null,
                    "h": null,
                    "parent": {
                        "py/id": 72
                    },
                    "py/object": "tree.TextTree"
                },
                {
                    "c": null,
                    "children": [],
                    "content": "Figure 2. SfT solutions for different projection models and amount of perspective.",
                    "embedding": null,
                    "h": null,
                    "parent": {
                        "py/id": 72
                    },
                    "py/object": "tree.TextTree"
                },
                {
                    "c": null,
                    "children": [],
                    "content": "To prove these results, we rst dene a projection function \u03a0s depending on a parameter s that allows us to continuously select the amount of perspective:",
                    "embedding": null,
                    "h": null,
                    "parent": {
                        "py/id": 72
                    },
                    "py/object": "tree.TextTree"
                },
                {
                    "c": null,
                    "children": [],
                    "content": "Equation (20) gives an orthographic projection when s \u2192 \u221e:s (Q) = (s + 1) f \u03a0WP \u03b6 + sf",
                    "embedding": null,
                    "h": null,
                    "parent": {
                        "py/id": 72
                    },
                    "py/object": "tree.TextTree"
                },
                {
                    "c": null,
                    "children": [],
                    "content": "The weak-perspective approximation of \u03a0s is:",
                    "embedding": null,
                    "h": null,
                    "parent": {
                        "py/id": 72
                    },
                    "py/object": "tree.TextTree"
                },
                {
                    "c": null,
                    "children": [],
                    "content": "We rst integrate the projection model \u03a0s in the general system of PDEs (11) by simply re-dening the backprojection matrix \u03a6 for perspective projection as:",
                    "embedding": null,
                    "h": null,
                    "parent": {
                        "py/id": 72
                    },
                    "py/object": "tree.TextTree"
                },
                {
                    "c": null,
                    "children": [],
                    "content": "Introducing \u03a6s in the general system of PDEs (11) we ob",
                    "embedding": null,
                    "h": null,
                    "parent": {
                        "py/id": 72
                    },
                    "py/object": "tree.TextTree"
                },
                {
                    "c": null,
                    "children": [],
                    "content": "General SfT system of PDEsPerspective CameraWeak-perspective CameraNon-holonomic solutionsUniquely definedTwo solutions per pointOrthographic projectionUnconstrainedUnconstrainedNon-holonomic solutionsUniquely definedTwo solutions per pointTwo solutions per pointNon-holonomic solutionsPerspective SfT system of PDEsWeak-Perspective SfT system of PDEsOrthographic SfT system of PDEs\f\u03bds =",
                    "embedding": null,
                    "h": null,
                    "parent": {
                        "py/id": 72
                    },
                    "py/object": "tree.TextTree"
                },
                {
                    "c": null,
                    "children": [],
                    "content": "Taking the limit of equation (26) we nd lims\u2192\u221e \u03b3s = 02\u00d72. \u00af\u03b1 is then computed from a matrix whose elements tend to innity.",
                    "embedding": null,
                    "h": null,
                    "parent": {
                        "py/id": 72
                    },
                    "py/object": "tree.TextTree"
                },
                {
                    "c": null,
                    "children": [],
                    "content": "Figure 3. Proposed SfT method using the non-holonomic solution to depth-gradient. This method is stable under all imaging conditions.",
                    "embedding": null,
                    "h": null,
                    "parent": {
                        "py/id": 72
                    },
                    "py/object": "tree.TextTree"
                },
                {
                    "c": null,
                    "children": [],
                    "content": "By taking the limit as s \u2192 \u221e on both sides of equation (24) we nd the following system: \u03b7 J\u03b7 = J>which represents the general system of PDEs for orthographic projection [13]. In equation (25) the depth variable \u03d5z vanishes, which means that with orthographic projection depth is not anymore constrained.",
                    "embedding": null,
                    "h": null,
                    "parent": {
                        "py/id": 72
                    },
                    "py/object": "tree.TextTree"
                },
                {
                    "c": null,
                    "children": [],
                    "content": "Proof of result 1): When s is a large number, the solution of \u00af\u03b1 in equation (16) is not well conditioned. \u00af\u03b12 depends \u2206J\u2206\u03b3\u22121. We write \u03b3 from on the eigenvalues of matrix J> ! equation (15) as a function of s:",
                    "embedding": null,
                    "h": null,
                    "parent": {
                        "py/id": 72
                    },
                    "py/object": "tree.TextTree"
                },
                {
                    "c": null,
                    "children": [],
                    "content": "Proof of result 2): By applying the rank-1 constraint to equation (25), the solution of \u00af\u03ba is simply given by:",
                    "embedding": null,
                    "h": null,
                    "parent": {
                        "py/id": 72
                    },
                    "py/object": "tree.TextTree"
                }
            ],
            "content": "5. Stability of Non-Holonomic Solutions 5.1. Main Results",
            "embedding": null,
            "h": null,
            "parent": {
                "py/id": 0
            },
            "py/object": "tree.TextTree"
        },
        {
            "c": null,
            "children": [
                {
                    "c": null,
                    "children": [],
                    "content": "By taking the weak-perspective approximation of the and plugging it into equation (19)projection model \u03a0WP we reach the following system:",
                    "embedding": null,
                    "h": null,
                    "parent": {
                        "py/id": 102
                    },
                    "py/object": "tree.TextTree"
                },
                {
                    "c": null,
                    "children": [],
                    "content": "Again by taking the limit s \u2192 \u221e on both sides of equation (29), we reach the system (25) of orthographic projection. If there is no perspective effect and the camera is orthographic we cannot get the average depth of the scene as it vanishes from the equations.",
                    "embedding": null,
                    "h": null,
                    "parent": {
                        "py/id": 102
                    },
                    "py/object": "tree.TextTree"
                },
                {
                    "c": null,
                    "children": [],
                    "content": "The proof of result 1) follows in the same way as with \u03b7 J\u03b7. For the perspective camera by using \u03b3 = result 2) the solution of \u00af\u03ba in equation (28) is identical with the weak-perspective model when s \u2192 \u221e.",
                    "embedding": null,
                    "h": null,
                    "parent": {
                        "py/id": 102
                    },
                    "py/object": "tree.TextTree"
                },
                {
                    "c": null,
                    "children": [],
                    "content": "Because depth is locally unstable, we propose to use \u00af\u03b2 to solve SfT. In order to get depth \u02c6\u03d5z from \u00af\u03b2 we need to solve the following three problems: i) sign disambiguation for \u00af\u03b2, ii) integration of \u00af\u03b2 and iii) the arbitrary integration factor. Figure 3 shows the general diagram of our method. 6.1. Sign Disambiguation",
                    "embedding": null,
                    "h": null,
                    "parent": {
                        "py/id": 102
                    },
                    "py/object": "tree.TextTree"
                },
                {
                    "c": null,
                    "children": [],
                    "content": "According to equation (17), non-holonomic solutions for \u00af\u03b2 and \u00af\u03ba are known up to a local sign change. [4, 13] propose a few methods to disambiguate the sign, at least partially, based on external cues, such as shading, temporal smoothing, or surface smoothing. We show below that we can do without these additional cues, which may be unavailable or even unstable in practice.",
                    "embedding": null,
                    "h": null,
                    "parent": {
                        "py/id": 102
                    },
                    "py/object": "tree.TextTree"
                },
                {
                    "c": null,
                    "children": [],
                    "content": "If there is some perspective, even very loose, we know that a non-holonomic solution for \u03d5z exists. We thus propose to disambiguate \u00af\u03b2 or \u00af\u03ba by using the non-holonomic solution to depth \u00af\u03d5z.",
                    "embedding": null,
                    "h": null,
                    "parent": {
                        "py/id": 102
                    },
                    "py/object": "tree.TextTree"
                },
                {
                    "c": null,
                    "children": [],
                    "content": "In the perspective camera the process has three steps: 1) We rst differentiate \u00af\u03b1 to obtain J\u00af\u03b1. 2) We discard those regions of the template where J\u00af\u03b1 differs substantially from",
                    "embedding": null,
                    "h": null,
                    "parent": {
                        "py/id": 102
                    },
                    "py/object": "tree.TextTree"
                },
                {
                    "c": null,
                    "children": [],
                    "content": "Flat templateInput ImageShape-from-Template General PDESign DisambiguationIntegrationIntegration ConstantDisambiguationwarpNon-holonomic solutionsExisting solutions [4]Proposed solutionGround-truthError: 3.37 (mm)Error: 12.46 (mm)Change of Variable\f\u00af\u03b2. We use the angle between the two vectors as a metric:",
                    "embedding": null,
                    "h": null,
                    "parent": {
                        "py/id": 102
                    },
                    "py/object": "tree.TextTree"
                },
                {
                    "c": null,
                    "children": [],
                    "content": "With the weak-perspective camera the three steps are almost identical, using \u00af\u03d5z to disambiguate \u00af\u03ba. Here, with no change of variable required, \u00af\u03b2 and \u00af\u03ba are identical. 6.2. Numerical Integration",
                    "embedding": null,
                    "h": null,
                    "parent": {
                        "py/id": 102
                    },
                    "py/object": "tree.TextTree"
                },
                {
                    "c": null,
                    "children": [],
                    "content": "The non-holonomic solution \u00af\u03b2 is not guaranteed to be integrable. We thus need a numerical integration method to estimate \u02c6\u03d5z. We propose to use a parametric function represented by a Thin-Plate Spline (TPS). With a TPS, or any other linear basis expansion model, we can integrate \u00af\u03b2 by means of linear least squares. The solution is dened up to an additive integration constant. 6.3. Integration Constant",
                    "embedding": null,
                    "h": null,
                    "parent": {
                        "py/id": 102
                    },
                    "py/object": "tree.TextTree"
                },
                {
                    "c": null,
                    "children": [],
                    "content": "After integration we obtain \u02c6\u03b1z + kz, where kz is an arbitrary integration constant. We propose to use \u00af\u03b1 to estimate kz. Given a set of points {pi}N i=1 in the template domain we obtain samples from \u02c6\u03b1 + kz and \u00af\u03b1. We then obtain kz by using the median of the differences between the samples.",
                    "embedding": null,
                    "h": null,
                    "parent": {
                        "py/id": 102
                    },
                    "py/object": "tree.TextTree"
                }
            ],
            "content": "6. SfT from Depth-Gradient",
            "embedding": null,
            "h": null,
            "parent": {
                "py/id": 0
            },
            "py/object": "tree.TextTree"
        },
        {
            "c": null,
            "children": [
                {
                    "c": null,
                    "children": [],
                    "content": "We use TPS for representing functions \u03b7, \u2206 and \u03d5. We impose smoothness using the bending energy [6]. The following problems are all solved with linear least-squares: 1The codes are available at http://isit.u-clermont1.fr/\u223cab/Research/a) to obtain \u03b7 from a set of feature correspondences and smoothness priors [2]. b) to t a scalar function (e.g. \u00af\u03d5z) from a set of sample points, prior to computing its derivatives (e.g. J \u00af\u03d5z) in closed form. 7.2. Synthetic Data",
                    "embedding": null,
                    "h": null,
                    "parent": {
                        "py/id": 126
                    },
                    "py/object": "tree.TextTree"
                },
                {
                    "c": null,
                    "children": [],
                    "content": "We use developable surfaces [11] to simulate 6 different isometric deformations of a \ufb02at template of size 640 px \u00d7 480 px. We generate synthetic images using a pin-hole camera with varying focal length. We use a single parameter s to dene the focal length f = (s + 1)500 px. With s = 0 the camera has a focal length of 500 px. The scene depth is translated with s to keep the size of the object in the image invariant against f. We randomly generate N point correspondences between the template and the image and add Gaussian noise to their positions with standard deviation \u03c3 in px. We use s = 0, \u03c3 = 1.0 px and N = 100 as default values in all experiments. Figure 4 shows our results.",
                    "embedding": null,
                    "h": null,
                    "parent": {
                        "py/id": 126
                    },
                    "py/object": "tree.TextTree"
                },
                {
                    "c": null,
                    "children": [],
                    "content": "All experiments clearly show that AnJ methods are very accurate and close to their non-linear renement ReJ in both depth and shape errors. Our proposal works consistently better than AnD methods that use the non-holonomic solution to depth. In the presence of very high correspondence noise (\u03c3 = 3), AnJ-P has a mean depth error of 20 mm and a mean shape error of about 9 degrees, which is even slightly better than ReD. With very low number of correspondences, we observe that our method has the least error after the statistically optimal method. Against increasing focal length, though Salz captures the shape better in the range between s = 3 and s = 11, it fails to estimate depth. In the range f = 100 px to f = 1500 px, which is also the working range of most cameras, AnJ-P has the best shape and depth errors after ReJ and ReD. We see no relevant differences between the camera models in the analytical methods when s > 2. Similar observations can be made for varying number of correspondences. 7.3. Real Data The CVLAB Paper dataset. The CVLAB dataset [16] consists of 191 frames taken with about the same angle and focal length of a sheet of paper being deformed. The number of features detected in each frame of the sequence is around N = 1300. The performance of the different methods for each frame is plotted in gure 5.",
                    "embedding": null,
                    "h": null,
                    "parent": {
                        "py/id": 126
                    },
                    "py/object": "tree.TextTree"
                },
                {
                    "c": null,
                    "children": [],
                    "content": "The results with this dataset are very similar to those obtained on the synthetic data. In this case we can see that Salz needs a high number of features. This was also seen in the third column of gure 4 for the synthetic dataset experiment. We found that Perr has depth and shape errors outside the scale of the plots in the rst row of gure 5, as the number of correspondences gets larger. Although this dataset presents a favorable scenario for methods like Salz",
                    "embedding": null,
                    "h": null,
                    "parent": {
                        "py/id": 126
                    },
                    "py/object": "tree.TextTree"
                },
                {
                    "c": null,
                    "children": [],
                    "content": "Figure 4. Synthetic data experiments. We show the depth errors in the rst row and the shape errors in the second row. In the rst column we show the errors against the parameter s. In the middle column we show the in\ufb02uence of \u03c3 and in the last column the in\ufb02uence of N.and views. The focal length varies from 1300 px to 4000 px for an image size of 1728 \u00d7 1552 px. Each zoom level has between 7-10 images with different viewing angles. We computed the ground-truth from each view in camera coordinates using stereo. We computed the depth and shape errors for each image in the sequence. The second row in gure 5 shows the mean errors over different views against the focal length. To illustrate the reconstruction accuracy for each point, we show the reconstruction of all 8 methods, texture mapped with a colormap representing the shape error in gure 6. The illustration is presented for the zoom levels 1, 4 and 9. We denote as Mde and Msh, the depth and shape errors respectively. Our solution AnJ-P performs consistently well over all focal lengths, with a total mean depth error of about 6.08 mm compared to 77.74 mm for Salz and 2.63 mm for ReD. Furthermore, as the focal length goes over 4000 px, the camera models converge as expected.",
                    "embedding": null,
                    "h": null,
                    "parent": {
                        "py/id": 126
                    },
                    "py/object": "tree.TextTree"
                },
                {
                    "c": null,
                    "children": [],
                    "content": "Figure 5. Plots for the CVLAB dataset and Zooming dataset (legend in gure 4).",
                    "embedding": null,
                    "h": null,
                    "parent": {
                        "py/id": 126
                    },
                    "py/object": "tree.TextTree"
                }
            ],
            "content": "7. Experimental Results 7.1. Compared Methods and Error Measurements We use MATLAB to perform experiments with our methods1 as well as with the compared methods. In all experiments we use two types of error measurements to quantify accuracy: mean depth error (average distance between the reconstructed and true surfaces) in mm and mean shape error (average difference between the reconstructed and true surface normals) in degrees. In all experiments we compare the following algorithms: AnD prexes methods using directly the non-holonomic solution for depth \u00af\u03d5z. AnJ is the method we propose in \u00a76 using non-holonomic solutions for depth-gradient. We write AnD-P [4] and AnJ-P for the perspective camera model and AnD-WP [3] and AnJ-WP for the weak-perspective camera model. We denote as ReDP and ReJ-P the methods AnD-P and AnJ-P followed by non-linear renement using [7]. We consider those methods as giving the optimal results. We also compare with methods Salz [15] and Perr [12] based on the inextensible relaxation and the Maximum Depth Heuristic.",
            "embedding": null,
            "h": null,
            "parent": {
                "py/id": 0
            },
            "py/object": "tree.TextTree"
        },
        {
            "c": null,
            "children": [
                {
                    "c": null,
                    "children": [],
                    "content": "The Zooming dataset. We propose a dataset which shows folded sheets of paper with different focal lengths",
                    "embedding": null,
                    "h": null,
                    "parent": {
                        "py/id": 140
                    },
                    "py/object": "tree.TextTree"
                },
                {
                    "c": null,
                    "children": [],
                    "content": "We have shown that depth-gradient is always recoverable in SfT, and consequently so is relative depth. Non-convex statistically optimal algorithms are thus well-formulated. However, we have shown that existing initialization algorithms are unstable in non-strongly perspective imaging conditions. This includes both convex algorithms based on the maximum-depth heuristic and analytical solutions based on keeping the non-holonomic solution to depth.",
                    "embedding": null,
                    "h": null,
                    "parent": {
                        "py/id": 140
                    },
                    "py/object": "tree.TextTree"
                },
                {
                    "c": null,
                    "children": [],
                    "content": "We have proposed to keep the non-holonomic solution to depth-gradient which, contrarily to depth, is always sta",
                    "embedding": null,
                    "h": null,
                    "parent": {
                        "py/id": 140
                    },
                    "py/object": "tree.TextTree"
                },
                {
                    "c": null,
                    "children": [],
                    "content": "The Zooming dataset The CVLAB paper dataset \fFigure 6. Representation of the shape error in 3 zoom levels of the Zooming dataset and the 3D shapes reconstructed for zoom level-9.ble. Our algorithm is mostly analytical and requires only linear least-squares. It does not use perspective directly, but only to disambiguate the depth-gradient eld and to nd the integration constant. It is therefore fast, simple and stable. It outperforms state-of-the-art and gives results extremely close to statistically-optimal renement.",
                    "embedding": null,
                    "h": null,
                    "parent": {
                        "py/id": 140
                    },
                    "py/object": "tree.TextTree"
                },
                {
                    "c": null,
                    "children": [],
                    "content": "Acknowledgements. This research has received funding from the EU\u2019s FP7 through the ERC research grant 307483 FLEXABLE.",
                    "embedding": null,
                    "h": null,
                    "parent": {
                        "py/id": 140
                    },
                    "py/object": "tree.TextTree"
                },
                {
                    "c": null,
                    "children": [],
                    "content": "References [1] A. Agudo, B. Calvo, and J. Montiel. Finite element based sequential bayesian non-rigid structure from motion. In CVPR, 2012. 1for deformable surface 3-D tracking. In ICCV, 2007. 1, 6strained latent variable model. In CVPR, 2012. 6",
                    "embedding": null,
                    "h": null,
                    "parent": {
                        "py/id": 140
                    },
                    "py/object": "tree.TextTree"
                }
            ],
            "content": "8. Conclusions",
            "embedding": null,
            "h": null,
            "parent": {
                "py/id": 0
            },
            "py/object": "tree.TextTree"
        }
    ],
    "content": "Stable Template-Based Isometric 3D Reconstruction in All Imaging Conditions by Linear Least-Squares",
    "embedding": null,
    "h": null,
    "parent": null,
    "py/object": "tree.TextTree"
}