{
    "c": null,
    "children": [
        {
            "c": null,
            "children": [
                {
                    "c": null,
                    "children": [],
                    "content": "We propose a data structure that captures global geometric properties in images: Histogram of Mirror Symmetry Coefcients. We compute such a coefcient for every pair of pixels, and group them in a 6-dimensional histogram. By marginalizing the HMSC in various ways, we develop algorithms for a range of applications: detection of nearlycircular cells; location of the main axis of re\ufb02ection symmetry; detection of cell-division in movies of developing embryos; detection of worm-tips and indirect cell-counting via supervised classication. Our approach generalizes a series of histogram-related methods, and the proposed algorithms perform with state-of-the-art accuracy.",
                    "embedding": null,
                    "h": null,
                    "parent": {
                        "py/id": 2
                    },
                    "py/object": "tree.TextTree"
                }
            ],
            "content": "Abstract",
            "embedding": null,
            "h": null,
            "parent": {
                "py/id": 0
            },
            "py/object": "tree.TextTree"
        },
        {
            "c": null,
            "children": [
                {
                    "c": null,
                    "children": [],
                    "content": "This paper is a study on capturing the quantitative mirror symmetry between pairs of pixels, and on the use of this pairwise measure as a tool for nding various geometric entities, as well as for constructing shape representations.",
                    "embedding": null,
                    "h": null,
                    "parent": {
                        "py/id": 6
                    },
                    "py/object": "tree.TextTree"
                },
                {
                    "c": null,
                    "children": [],
                    "content": "A classical method for geometry representations is the Hough Transform [7], where the evidence for a certain shape comes from pixels with high edge intensity. Recently, there has been great advance in building computational representations of more complex objects via so-called Deep Learning methods [3, 10, 13], where the basic idea is to perform convolutions with lters and pooling coefcients from the convolution outputs.",
                    "embedding": null,
                    "h": null,
                    "parent": {
                        "py/id": 6
                    },
                    "py/object": "tree.TextTree"
                },
                {
                    "c": null,
                    "children": [],
                    "content": "The present work also explores the convolution and pooling techniques\u2014we convolve the input image with a bank of Morlet wavelets, and pool the magnitude and orientation of the wavelet of maximum output at every pixel\u2014but instead of considering global relationships between pixels via recursive convolution and pooling, we approach them directly by computing a coefcient of mirror symmetry for every pair of pixels. Considering pairs, as opposed to individual pixels, is also what sets us apart from the Hough Transform methods.",
                    "embedding": null,
                    "h": null,
                    "parent": {
                        "py/id": 6
                    },
                    "py/object": "tree.TextTree"
                },
                {
                    "c": null,
                    "children": [],
                    "content": "These pairwise coefcients are accumulated in a 6dimensional Histogram of Mirror Symmetry Coefcients (HMSC). By marginalizing the HMSC in different ways, we develop methods for a set of computer vision problems: detection of nearly-circular cells, and tips of worms; location of the main axis of re\ufb02ection symmetry; detection of cell-division in a time-lapse movie of a developing embryo; indirect cell-counting via supervised classication.",
                    "embedding": null,
                    "h": null,
                    "parent": {
                        "py/id": 6
                    },
                    "py/object": "tree.TextTree"
                },
                {
                    "c": null,
                    "children": [],
                    "content": "We conduct several computational experiments that demonstrate the strength of the HMSC and its marginals for shape analysis and representation. Our approach generalizes a series of histogram-based methods, and the proposed algorithms display state-of-the-art performance.",
                    "embedding": null,
                    "h": null,
                    "parent": {
                        "py/id": 6
                    },
                    "py/object": "tree.TextTree"
                },
                {
                    "c": null,
                    "children": [],
                    "content": "For a list of previous work related with this paper, please refer to section 6. Sample code and related material is available at marceloc.net/science/hmsc.",
                    "embedding": null,
                    "h": null,
                    "parent": {
                        "py/id": 6
                    },
                    "py/object": "tree.TextTree"
                }
            ],
            "content": "1. Introduction",
            "embedding": null,
            "h": null,
            "parent": {
                "py/id": 0
            },
            "py/object": "tree.TextTree"
        },
        {
            "c": null,
            "children": [
                {
                    "c": null,
                    "children": [],
                    "content": "Let I be a grayscale image, p \u2208 I a pixel, S1 the unitary circle in R2, and \u03c4p \u2208 S1 a tangent vector that captures the direction perpendicular to the one in which the contrast is maximum around pixel p. Now, for v \u2208 S1 and \u03b8v \u2208 [0, 2\u03c0) its associated angle, the re\ufb02ection matrix with respect v issin 2\u03b8v sin 2\u03b8v \u2212 cos 2\u03b8v",
                    "embedding": null,
                    "h": null,
                    "parent": {
                        "py/id": 20
                    },
                    "py/object": "tree.TextTree"
                },
                {
                    "c": null,
                    "children": [],
                    "content": "Let p and q be distinct points in the plane, with associated unit tangents \u03c4p and \u03c4q, and Tpq = q\u2212p (cid:107)q\u2212p(cid:107). The pair ((p, \u03c4p), (q, \u03c4q)) is mirror symmetric if \u03c4q = \u00b1S(T \u22a5 pq)\u03c4p. For simplicity, sometimes we will just say that p and q are mirror symmetric, without mentioning the associated tangent vectors.",
                    "embedding": null,
                    "h": null,
                    "parent": {
                        "py/id": 20
                    },
                    "py/object": "tree.TextTree"
                },
                {
                    "c": null,
                    "children": [],
                    "content": "We construct a mirror symmetry measure (a mirror symmetry coefcient) between two distinct points p and q asf (p, \u03c4p, q, \u03c4q) = |\u03c4q S(T \u22a5",
                    "embedding": null,
                    "h": null,
                    "parent": {
                        "py/id": 20
                    },
                    "py/object": "tree.TextTree"
                },
                {
                    "c": null,
                    "children": [],
                    "content": "Notice how f is invariant to a change of sign in \u03c4p or \u03c4q. We can simplify the notation and write f (p, q) instead off (p, \u03c4p, q, \u03c4q). Observe that f (p, q) \u2208 [0, 1], and that the larger f (p, q), the more mirror symmetric p and q are.",
                    "embedding": null,
                    "h": null,
                    "parent": {
                        "py/id": 20
                    },
                    "py/object": "tree.TextTree"
                },
                {
                    "c": null,
                    "children": [],
                    "content": "For each pixel p in I, convolutions with wavelets of n different orientations (equally distributed in the interval [0, \u03c0)) are performed. After this we have a set of n convolved images, {Jk = I \u2217 \u03c8\u03bbk , k = 1...n}, where \u03bbk = (\u03c3, \u03c4k, m, \u03b3) are the wavelet parameters (scale, orientation, number of visible peaks, and elongation). We modify the mirror symmetry coefcientto include the strengths of the wavelets of maximum response, Jkp (p) = maxk Jk(p) and Jkq (q) = maxk Jk(q):fJ(p, q) = f (p, q)Jkq (q)Jkp (p) .",
                    "embedding": null,
                    "h": null,
                    "parent": {
                        "py/id": 20
                    },
                    "py/object": "tree.TextTree"
                },
                {
                    "c": null,
                    "children": [],
                    "content": "Circularity Setting k = 3, \u03b21 = Cx, \u03b22 = Cy, \u03b23 = r, and f = (f1, f2, f3) as the function representing the parameters (center coordinates and radius) of the best circle tting p, \u03c4p, q, \u03c4q, equation 6 takes the formwhere \u03b1 = (cx, cy, d, \u03b8, \u03c6p, \u03c6q). We dene the best circle tting p, \u03c4p, q, \u03c4q as the one centered at the line with inclination T \u22a5 2 , whose boundary passes through p with tangent parallel to \u03c4p. In our applications we marginalize H\u25e6(C, r) further. A centers histogram Hc(c) is created by summing over the radius variable:",
                    "embedding": null,
                    "h": null,
                    "parent": {
                        "py/id": 20
                    },
                    "py/object": "tree.TextTree"
                }
            ],
            "content": "2. Pairwise Mirror Symmetry",
            "embedding": null,
            "h": null,
            "parent": {
                "py/id": 0
            },
            "py/object": "tree.TextTree"
        },
        {
            "c": null,
            "children": [
                {
                    "c": null,
                    "children": [],
                    "content": "The pairwise mirror symmetry coefcients are groupedin a 6-dimensional histogram H dened by",
                    "embedding": null,
                    "h": null,
                    "parent": {
                        "py/id": 34
                    },
                    "py/object": "tree.TextTree"
                },
                {
                    "c": null,
                    "children": [],
                    "content": "H(cx, cy, d, \u03b8, \u03c6p, \u03c6q) =pq is the angle associated to T \u22a5c = (cx, cy), \u03b8\u22a5 pq (the unit vector perpendicular to q \u2212 p), \u03c6p and \u03c6q are the angles associated with \u03c4p and \u03c4q, and \u03b4x is the Kronecker delta.",
                    "embedding": null,
                    "h": null,
                    "parent": {
                        "py/id": 34
                    },
                    "py/object": "tree.TextTree"
                },
                {
                    "c": null,
                    "children": [],
                    "content": "The main idea of this paper is that we can detect geometric properties and shapes in images via histogram marginalizations in H: we perform sums in H over the variables we do not focus on, or on a subset of the domain of H where the variables satisfy certain restrictions; this reduces the dimensionality of the histogram, leaving only the variables needed for the specic problem.",
                    "embedding": null,
                    "h": null,
                    "parent": {
                        "py/id": 34
                    },
                    "py/object": "tree.TextTree"
                },
                {
                    "c": null,
                    "children": [],
                    "content": "A radii histogram, Hr(r), is obtained by summing over the circle centers:",
                    "embedding": null,
                    "h": null,
                    "parent": {
                        "py/id": 34
                    },
                    "py/object": "tree.TextTree"
                },
                {
                    "c": null,
                    "children": [],
                    "content": "Applications of centers and radii histograms are reported in the three rst experiments of section 4.",
                    "embedding": null,
                    "h": null,
                    "parent": {
                        "py/id": 34
                    },
                    "py/object": "tree.TextTree"
                },
                {
                    "c": null,
                    "children": [],
                    "content": "Re\ufb02ection Symmetry Suppose our goal is to extract the best symmetry axis (line) from an image. A line can be described by two parameters, (\u03b8, \u03c1c), where \u03c1c is the distance between the origin (top-left corner of the image) and the line, while the line inclination is given by \u03b8. Then, given (cx, cy, \u03b8) in the symmetry histogram space, we have y cos2 \u03b8, so we dene the restric\u03c1c = tion f (cx, cy, \u03b8) = \u03c1c. We then marginalize H(\u03b1) into HS(\u03b8, \u03c1c) as follows:x sin2 \u03b8 + c2 c2",
                    "embedding": null,
                    "h": null,
                    "parent": {
                        "py/id": 34
                    },
                    "py/object": "tree.TextTree"
                },
                {
                    "c": null,
                    "children": [],
                    "content": "In general, marginalization assumes the formwhere \u03b2 = (\u03b21, ..., \u03b2k), with k \u2264 6, is the new set of parameters, and the set of functions fi(\u03b11, ..., \u03b16) depend on the variable restrictions related to the particular application. The HMSC is a theoretical framework for describing shapes and developing algorithms. In the applications, we compute the marginal histograms directly. Computational complexity is linear in the size of each marginal histogram, and running times are of the order of a few seconds for the applications described in section 4.where \u03b1 is as in Equation 7. Local maxima in HS(\u03b8, \u03c1) correspond to axis of symmetry in images. Examples are shown in Detecting the Axis of Symmetry, section 4.",
                    "embedding": null,
                    "h": null,
                    "parent": {
                        "py/id": 34
                    },
                    "py/object": "tree.TextTree"
                },
                {
                    "c": null,
                    "children": [],
                    "content": "Shape Description The set of points and directions of wavelets of maximum response, {(p, Jkp (p)) : p \u2208 I}, can be thought of as a vector eld, and statistics of the eld can be used as a descriptor, in a supervised classication context, for shape detection. In particular, we choose a pivot point, say \u00afp, and look at the bi-dimensional distribution where one dimension (variable x) is given by the distances between \u00afp and q (which in our notation corresponds to 2d), and the other (variable y) by the norm of the dot product between T \u00afpq and \u03c4 \u00afp. Thus, setting f (\u03b1) = (p, 2d,|(cid:104)Tpq, \u03c4p(cid:105)|), the marginalization we are referring to is",
                    "embedding": null,
                    "h": null,
                    "parent": {
                        "py/id": 34
                    },
                    "py/object": "tree.TextTree"
                },
                {
                    "c": null,
                    "children": [],
                    "content": "Figure 1. Circle detection. Left: wavelets used to compute mirror symmetry coefcients. Right: centers histogram (in red); center (yellow) and boundary (green) of the t circle.where again \u03b1 = (cx, cy, d, \u03b8, \u03c6p, \u03c6q). Notice that the restriction f1(\u03b1) = \u00afp implies that, differently from previous cases, the value in a domain point of the marginalized histogram doesn\u2019t come from all possible pairs of distinct points in the image, but rather from pairs where one of the points is the pivot (\u00afp, in this case). HD is used in Detecting Tips of C. Elegans via supervised classication, section 4.",
                    "embedding": null,
                    "h": null,
                    "parent": {
                        "py/id": 34
                    },
                    "py/object": "tree.TextTree"
                }
            ],
            "content": "3. HMSC and its Marginals",
            "embedding": null,
            "h": null,
            "parent": {
                "py/id": 0
            },
            "py/object": "tree.TextTree"
        },
        {
            "c": null,
            "children": [
                {
                    "c": null,
                    "children": [],
                    "content": "Since Hc is usually sparse, a smoothing operation is performed before searching for local maxima. Figure 1 shows intermediate and nal steps of this algorithm on an image containing a cell.",
                    "embedding": null,
                    "h": null,
                    "parent": {
                        "py/id": 54
                    },
                    "py/object": "tree.TextTree"
                },
                {
                    "c": null,
                    "children": [],
                    "content": "We conducted a series of experiments to evaluate the performance of this circle detection method. First, we tested the algorithm for nding the number of embryos in a well (where embryos are in the 1-cell stage). Figure 2 shows a sample image. We manually located the centers of cells in 112 images, totaling 1442 embryos, where cell radii are of about 30 pixels. Detection is considered correct if the located center is at most \u0393 = 15 pixels away from the groundtruth center. If n > 2 centers are located at a distance < \u0393 from a ground truth center, n \u2212 1 are considered false positives. False negatives correspond to lack of detection at a distance < \u0393 from a true center, and to centers located more than \u0393 pixels away from any true center.",
                    "embedding": null,
                    "h": null,
                    "parent": {
                        "py/id": 54
                    },
                    "py/object": "tree.TextTree"
                },
                {
                    "c": null,
                    "children": [],
                    "content": "Figure 3, shows the obtained results in comparison with the CHT method. The point at the crossing of dashed lines corresponds to a precision of 99.86% and recall of 99.51%. The circle detection method based on Hc(C) is similar to the CHT, in the sense that the later also adopts a voting",
                    "embedding": null,
                    "h": null,
                    "parent": {
                        "py/id": 54
                    },
                    "py/object": "tree.TextTree"
                },
                {
                    "c": null,
                    "children": [],
                    "content": "Figure 2. Examples of real world images used in our experiments. Left: embryos in the 1-cell stage. Remaining: cropped embryo.",
                    "embedding": null,
                    "h": null,
                    "parent": {
                        "py/id": 54
                    },
                    "py/object": "tree.TextTree"
                },
                {
                    "c": null,
                    "children": [],
                    "content": "Figure 3. Performance of our circle detection method on locating embryos in a well, in comparison with the CHT. The parameter varying in the CHT method is the minimum gradient magnitude from which edges are considered for voting (from 0.1 to 0.2 of the maximum value). In the HMSC method, we vary the minimum wavelet magnitude from which a point is considered (from 0.16 to 0.24 of the maximum value).strategy to build the so called \u201caccumulator space\u201d (which is in fact a histogram). However, there is a main difference in the way each pixel contributes voting. In the Hough Transform, given a particular radius each pixel votes equally for all circles of that radius that pass through it regardless of there being evidence from other pixels that it is in fact contained in a circle. In our method, a pixel votes for a center and a radius according to supporting evidence (given by mirror symmetry coefcients) for the existence of a circle with such center and radius.",
                    "embedding": null,
                    "h": null,
                    "parent": {
                        "py/id": 54
                    },
                    "py/object": "tree.TextTree"
                },
                {
                    "c": null,
                    "children": [],
                    "content": "The rst experiment doesn\u2019t contain images where cells overlap. On a second experiment we evaluated the circle detection algorithm on two datasets of overlapping cells. The datasets were obtained from microscopic images of mouse embryos at the 4-cell stage (as in Figure 2, right), where the locations of the centers were annotated with the help of tracking software [4]. Table 1 summarizes the obtained performance.",
                    "embedding": null,
                    "h": null,
                    "parent": {
                        "py/id": 54
                    },
                    "py/object": "tree.TextTree"
                },
                {
                    "c": null,
                    "children": [],
                    "content": "Our results are similar to those of state-of-the-art algorithms for cell detection. [23], for instance, reports 95% precision / 80 % recall for cytoplasm detection on simulated cell culture images, and 82% / 90% on a Drosophila Kc167 dataset; [1] claims an accuracy of > 94% on nuclei detection in histological images; and [22] publishes precision/recall rates of 90% and 78% for cell segmentation in Hematoxylin-stained breast TMA specimen images. We were able to run the method in [23] on our dataset of 112 hand-labeled images totaling 1442 embryos, obtaining precision/recall (in %) of 99.86/90.17, which is slightly worse than ours (99.86/99.51).allow a difference of less than 5 frames instead, accuracy goes to 95%. In comparison, the sum of absolute pixel-topixel differences for consecutive frames (as in [17]) nds the rst division with 78% accuracy when 3 frames of error\ufb02exibility are given, and with 80% accuracy for a 5-frames precision window.",
                    "embedding": null,
                    "h": null,
                    "parent": {
                        "py/id": 54
                    },
                    "py/object": "tree.TextTree"
                },
                {
                    "c": null,
                    "children": [],
                    "content": "Detecting Cell Division By monitoring the centers histogram along a sequence of frames, cell division detection can be performed. Here we describe a method for detecting the rst division in a time-lapse movie of a mouse embryo. The movie starts with one cell, of radius r1, which eventually divides in two cells of radii r2 < r1. The movie ends at the 2-cell stage.",
                    "embedding": null,
                    "h": null,
                    "parent": {
                        "py/id": 54
                    },
                    "py/object": "tree.TextTree"
                },
                {
                    "c": null,
                    "children": [],
                    "content": "For each frame t, we consider the marginal histogram",
                    "embedding": null,
                    "h": null,
                    "parent": {
                        "py/id": 54
                    },
                    "py/object": "tree.TextTree"
                },
                {
                    "c": null,
                    "children": [],
                    "content": "C, in frame t. Therefore, the value Lt =(cid:80)where the superscript t denotes histogram computation at the frame of index t in the video sequence, and \u0001 is about 5 pixels (the range [r1 \u2212 \u0001, r1 + \u0001] allows for deviations of the cell shape from perfect circularity). c(C) accumulates the evidence that there is a circle of radius in the range [r1 \u2212 \u0001, r1 + \u0001], centered at point c(C) represents the likelihood that there is a circle of radius in such range in the entire image. If \u0001 is small enough so that r2 < r1 \u2212 \u0001, the likelihood Lt will drop signicantly when the rst cell divides. The frame of division is the global minimum of a cost function {g(t), t = 1, ..., T}, computed as follows. For each t = 2, ..., T , split the set L in two segments, t = {L1, ..., Lt\u22121} and L+ t = {Lt, ..., LT}, and dene L\u2212 g(t) = variance(L\u2212) + variance(L+). For completeness, dene g(1) = g(2). The frame of division will be \u02c6t = arg min g(t).",
                    "embedding": null,
                    "h": null,
                    "parent": {
                        "py/id": 54
                    },
                    "py/object": "tree.TextTree"
                },
                {
                    "c": null,
                    "children": [],
                    "content": "This method provides an accuracy of 92% in detecting the rst division on a dataset of 100 movies. The detection is considered accurate when the algorithm outputs a time that differs from the true value by less than 3 frames. If we",
                    "embedding": null,
                    "h": null,
                    "parent": {
                        "py/id": 54
                    },
                    "py/object": "tree.TextTree"
                },
                {
                    "c": null,
                    "children": [],
                    "content": "Table 1. Performance of our circle detection method on largely overlapping cells of radius r \u2248 60 pixels. Each image contains 4 cells, where the minimum distance between a pair of cells is larger than \u03931\u00b7 r and smaller than \u03932\u00b7 r. Notice that \u03932 = 2 corresponds to cells that intersect in at least one point (their boundaries touch), and \u03931 = 1 implies that cells can intersect as much as to share a radius. The criterion for correct detection is as in the experiment Counting Cells (see main text), with \u0393 = 30 pixels. Legend: NI = number of images; NC = number of cells.",
                    "embedding": null,
                    "h": null,
                    "parent": {
                        "py/id": 54
                    },
                    "py/object": "tree.TextTree"
                },
                {
                    "c": null,
                    "children": [],
                    "content": "Recall Precision 99.36% 97.49% 95.41% 96.68%",
                    "embedding": null,
                    "h": null,
                    "parent": {
                        "py/id": 54
                    },
                    "py/object": "tree.TextTree"
                },
                {
                    "c": null,
                    "children": [],
                    "content": "Counting Cells via Supervised Classication In mouseembryo images, the radii of cells are roughly constant within generations, and due to the the fact that the total volume of the cells in the early stage of development is almost invariant, the radii decrease with the passing of generations. Therefore, we expect the radii histogram (equation 9) to re\ufb02ect at which development state the embryo is.",
                    "embedding": null,
                    "h": null,
                    "parent": {
                        "py/id": 54
                    },
                    "py/object": "tree.TextTree"
                },
                {
                    "c": null,
                    "children": [],
                    "content": "Let r1, r2, and r3 be the estimated radii of rst, second, and third generation cells. Let \u0001i, be range parameters (for i = 1, 2, 3), big enough to allow for small variations in expected radii, and small enough so that the intervals [ri\u2212\u0001, ri +\u0001] don\u2019t intersect. Restricting the radii histogram Hr(r) to the mentioned intervals, and discretizing it so as to have an integer number of bins, we build a descriptor that can be used to count cells in a supervised classication context. We did an experiment where we consider the ranges {55, 56, ..., 60}, {45, 46, ..., 50}, and {30, 31, ..., 40} (pixels), so that our descriptor has dimension 21. We use the kNN algorithm to separate images containing one, two, or four embryonic cells (examples are shown in Figure 2, from the second to the last). Training and test sets have 200 and 800 samples per class, with images taken from different embryos and different experiments.",
                    "embedding": null,
                    "h": null,
                    "parent": {
                        "py/id": 54
                    },
                    "py/object": "tree.TextTree"
                },
                {
                    "c": null,
                    "children": [],
                    "content": "We compared our descriptor with the Histogram of Oriented Gradients [5], and an equivalent (i.e., same intervals, same discretization) radii histogram coming from the standard CHT algorithm [7], which considers votes point-bypoint, as opposed to our pairwise approach. Table 2 shows the best obtained results for each of the methods.",
                    "embedding": null,
                    "h": null,
                    "parent": {
                        "py/id": 54
                    },
                    "py/object": "tree.TextTree"
                },
                {
                    "c": null,
                    "children": [],
                    "content": "Detecting the Axis of Symmetry Local maxima in HS (equation 10) correspond to the axis of symmetry in an image. Figure 4 shows an example of the method (histogram and the located symmetry axis). The picture was taken",
                    "embedding": null,
                    "h": null,
                    "parent": {
                        "py/id": 54
                    },
                    "py/object": "tree.TextTree"
                },
                {
                    "c": null,
                    "children": [],
                    "content": "Table 2. Accuracy of the kNN (k = 5) method with different descriptors in the separation of 2 (one cell or two cells) or 3 (one, two, or four cells) classes. Legend: HoG = Histogram of Oriented Gradients; HTRH = Hough Transform Radii Histogram; RH = Radii Histogram (our descriptor).",
                    "embedding": null,
                    "h": null,
                    "parent": {
                        "py/id": 54
                    },
                    "py/object": "tree.TextTree"
                },
                {
                    "c": null,
                    "children": [],
                    "content": "Feature Acc. (1/2/4 cells) Acc. (1/2 cells) HoG HTRH RH",
                    "embedding": null,
                    "h": null,
                    "parent": {
                        "py/id": 54
                    },
                    "py/object": "tree.TextTree"
                },
                {
                    "c": null,
                    "children": [],
                    "content": "Table 3. Accuracy of the SVM method (using a RBF kernel), with different descriptors in the detection of tips of C. Elegans.",
                    "embedding": null,
                    "h": null,
                    "parent": {
                        "py/id": 54
                    },
                    "py/object": "tree.TextTree"
                },
                {
                    "c": null,
                    "children": [],
                    "content": "Precision Recall 0.4685 0.4685 0.7500 0.4865 0.6036 0.8272",
                    "embedding": null,
                    "h": null,
                    "parent": {
                        "py/id": 54
                    },
                    "py/object": "tree.TextTree"
                },
                {
                    "c": null,
                    "children": [],
                    "content": "Histogram of Oriented Gradients Scale Invariant Feature Transform Shape Histogram (our descriptor)",
                    "embedding": null,
                    "h": null,
                    "parent": {
                        "py/id": 54
                    },
                    "py/object": "tree.TextTree"
                },
                {
                    "c": null,
                    "children": [],
                    "content": "Figure 4. HS and symmetry detection. Left: HS, where the red dot is the point of maximum. Right: white dots represent pairs with high mirror symmetry coefcient, white big dots are the vertices of the convex hull of those pairs, and the line is the detected symmetry axis; the white part of the line is the intersection of the symmetry axis with the convex hull of highly symmetric pairs.",
                    "embedding": null,
                    "h": null,
                    "parent": {
                        "py/id": 54
                    },
                    "py/object": "tree.TextTree"
                },
                {
                    "c": null,
                    "children": [],
                    "content": "Figure 5. (a) Positive (tips) labels: for each tip location (labeled manually), a neighborhood of 5 pixels is used. (b) Negative labels, distributed roughly evenly between in-worm and background pixels. (c,d) Examples of test images, where highlighted pixels correspond to pixels our method classied as tips.from the database of the Symmetry Detection Competition of CVPR 2011.",
                    "embedding": null,
                    "h": null,
                    "parent": {
                        "py/id": 54
                    },
                    "py/object": "tree.TextTree"
                },
                {
                    "c": null,
                    "children": [],
                    "content": "Out of the 14 images with single symmetry axis in the database (6 real world images and 8 synthetic), global maxima in HS provided correct answers in all but one image (a real world example). This corresponds to an accuracy of 93%, which is the same obtained by the best performing method for such a subset as reported in [24].",
                    "embedding": null,
                    "h": null,
                    "parent": {
                        "py/id": 54
                    },
                    "py/object": "tree.TextTree"
                },
                {
                    "c": null,
                    "children": [],
                    "content": "Detecting Tips of C. Elegans In this application, rather than computing a histogram globally (in the entire image), we use it as in a \u201cltering approach,\u201d that is, we scan the image pixel by pixel and compute the histogram in a local window. For the particular experiment detailed here, we use windows of size 11 \u00d7 11 pixels.",
                    "embedding": null,
                    "h": null,
                    "parent": {
                        "py/id": 54
                    },
                    "py/object": "tree.TextTree"
                },
                {
                    "c": null,
                    "children": [],
                    "content": "We plugged our shape histogram (equation 11) into a SVM classier (using a Radial Basis Function kernel), and tested its accuracy for detecting tips of Caenorhabditis Elegans (a model-organism worm often used in Biology experiments). Figure 5 shows the images used for training, and two examples of images used for testing.",
                    "embedding": null,
                    "h": null,
                    "parent": {
                        "py/id": 54
                    },
                    "py/object": "tree.TextTree"
                },
                {
                    "c": null,
                    "children": [],
                    "content": "Keeping the SVM classier, we compared our descriptor with HoG [5] (using the same window size) and SIFT [15] (computed at the center pixel location). We trained with 44 tip pixels, 73 non-tip worm pixels, and 77 non-tip background pixels. For test we used 42 images containing a total of 111 tips (whose locations were hand labeled). Blobs of pixels classied as tips were collapsed into one tip locationonly. Accuracy was measured as in the cell-counting experiment, with \u0393 = 5. Table 3 shows the best obtained results for each of the methods.",
                    "embedding": null,
                    "h": null,
                    "parent": {
                        "py/id": 54
                    },
                    "py/object": "tree.TextTree"
                }
            ],
            "content": "4. Experiments Counting Cells Local maxima in Hc(c) correspond to the centers of circles in the image. If we are looking for circles of a known radius, or range of radii, say [r1, r2], we modify the normalization of equation 8 to re\ufb02ect this:",
            "embedding": null,
            "h": null,
            "parent": {
                "py/id": 0
            },
            "py/object": "tree.TextTree"
        },
        {
            "c": null,
            "children": [
                {
                    "c": null,
                    "children": [],
                    "content": "We introduced a framework for shape analysis that consists of different marginalizations of a 6-dimensional Histogram of Mirror Symmetry Coefcients (HMSC) for the geometric study of objects in images. Properties such as circularity, re\ufb02ection symmetry, and shape description are considered.",
                    "embedding": null,
                    "h": null,
                    "parent": {
                        "py/id": 112
                    },
                    "py/object": "tree.TextTree"
                },
                {
                    "c": null,
                    "children": [],
                    "content": "A number of marginalizations are described in detail, and computational experiments for ve applications are reported. Our approach performs with state-of-the-art accuracy on circle detection (in the context of counting cells), as well as on symmetry axis detection; and our histogram descriptors outperform classic descriptors (such as HoG and SIFT) in association with classication techniques for counting cells and detecting tips of worms.",
                    "embedding": null,
                    "h": null,
                    "parent": {
                        "py/id": 112
                    },
                    "py/object": "tree.TextTree"
                },
                {
                    "c": null,
                    "children": [],
                    "content": "We are very excited with the generality and range of applications of the method, as well as with the avenues of research that it opens. One possibility, for instance, is to build a system that \u201clearns\u201d the proper marginalization for shape recognition based on the input images.",
                    "embedding": null,
                    "h": null,
                    "parent": {
                        "py/id": 112
                    },
                    "py/object": "tree.TextTree"
                },
                {
                    "c": null,
                    "children": [],
                    "content": "Sample code (in Matlab and C++) and related material is",
                    "embedding": null,
                    "h": null,
                    "parent": {
                        "py/id": 112
                    },
                    "py/object": "tree.TextTree"
                }
            ],
            "content": "5. Conclusion",
            "embedding": null,
            "h": null,
            "parent": {
                "py/id": 0
            },
            "py/object": "tree.TextTree"
        },
        {
            "c": null,
            "children": [
                {
                    "c": null,
                    "children": [],
                    "content": "Mirror symmetry has already been shown to lead to the extraction of skeletons [8], and is the basis for more general methods for detecting the global axes of symmetry [12, 11, 20]. A recent review of methods specially designed for re\ufb02ection symmetry detection can be found in [14], and a more recent work is [21]. Detection of mirror symmetry also appeared as a particular case in [26]. Although one of our applications is the detection of symmetry axis, we did not focus on this problem, but rather on pairwise symmetry as a general framework for geometric image analysis.",
                    "embedding": null,
                    "h": null,
                    "parent": {
                        "py/id": 122
                    },
                    "py/object": "tree.TextTree"
                },
                {
                    "c": null,
                    "children": [],
                    "content": "Due to the fact that marginalizing histograms is a \u201cvoting scheme,\u201d and considering that we also deal with circle detection, our work naturally resembles the Circular Hough Transform (CHT) [7]. We provided a more detailed comparison with the CHT in section 4. Similarly, and also related to the problem of detecting the axis of symmetry,our method resembles [16], in the sense that pairwise information is accumulated in a \u201cHough space.\u201d Differently, though, our symmetry measurement is based on the outputs of wavelets, instead of the more complex SIFT descriptor [15] on selected feature points.",
                    "embedding": null,
                    "h": null,
                    "parent": {
                        "py/id": 122
                    },
                    "py/object": "tree.TextTree"
                },
                {
                    "c": null,
                    "children": [],
                    "content": "Methods based on symmetry between pairs of pixels in with tangents have been proposed in the past, e.g. [28, 19, 8, 27]. [18] provides a good application for 3D object recognition, but the work does not develop the histogram framework, nor is it based on wavelet lters. [11] is of interest as well, as they similarly dene symmetry via re\ufb02ection matrices. However, they also do not have a histogram formulation.",
                    "embedding": null,
                    "h": null,
                    "parent": {
                        "py/id": 122
                    },
                    "py/object": "tree.TextTree"
                },
                {
                    "c": null,
                    "children": [],
                    "content": "The literature for shape detection is likewise vast, including RANSAC methods [25], Multiresolution Histograms [9], and Shape Contexts, [2], to cite a few. Our approach is similar to Multiresolution Histograms, but we accumulate pairwise information of magnitudes and angles, instead of pixel luminances for different image resolutions. Also, our method for worm-tips detection has a connection to Shape Contexts, and the method for computing similarity between vector elds described in [6], but we use a different technique to compute the image gradients (wavelets), and those methods do not build histograms using pairwise symmetry measurements, which is the focus of our work.",
                    "embedding": null,
                    "h": null,
                    "parent": {
                        "py/id": 122
                    },
                    "py/object": "tree.TextTree"
                },
                {
                    "c": null,
                    "children": [],
                    "content": "References [1] Y. Al-Kofahi, W. Lassoued, W. Lee, and B. Roysam.",
                    "embedding": null,
                    "h": null,
                    "parent": {
                        "py/id": 122
                    },
                    "py/object": "tree.TextTree"
                },
                {
                    "c": null,
                    "children": [],
                    "content": "Improved automatic detection and segmentation of cell nuclei in histopathology images. IEEE TBE, 57(4):841\u2013852, 2010. [2] S. Belongie, J. Malik, and J. Puzicha. Shape matching and object recognition using shape contexts. IEEE TPAMI, 24(4):509\u2013522, Apr. 2002.similarity of shapes. IEEE TPAMI, 25(1):86\u201399, 2003.olution Histograms and their use for Recognition. TPAMI, 26(7):831\u2013847, Jul 2004.",
                    "embedding": null,
                    "h": null,
                    "parent": {
                        "py/id": 122
                    },
                    "py/object": "tree.TextTree"
                },
                {
                    "c": null,
                    "children": [],
                    "content": "Threedimensional model-based object recognition and segmentation in cluttered scenes. IEEE TPAMI, 28:1584\u20131601, 2006. [19] D. Mumford, C. Series, and D. Wright. Indra\u2019s Pearls: The",
                    "embedding": null,
                    "h": null,
                    "parent": {
                        "py/id": 122
                    },
                    "py/object": "tree.TextTree"
                },
                {
                    "c": null,
                    "children": [],
                    "content": "Vision of Felix Klein. Cambridge Univ. Press., 2002.",
                    "embedding": null,
                    "h": null,
                    "parent": {
                        "py/id": 122
                    },
                    "py/object": "tree.TextTree"
                }
            ],
            "content": "6. Related Research",
            "embedding": null,
            "h": null,
            "parent": {
                "py/id": 0
            },
            "py/object": "tree.TextTree"
        }
    ],
    "content": "Mirror Symmetry Histograms for Capturing Geometric Properties in Images",
    "embedding": null,
    "h": null,
    "parent": null,
    "py/object": "tree.TextTree"
}