{
    "c": null,
    "children": [
        {
            "c": null,
            "children": [
                {
                    "c": null,
                    "children": [],
                    "content": "We propose a novel measure of visual similarity for image retrieval that incorporates both structural and aesthetic (style) constraints. Our algorithm accepts a query as sketched shape, and a set of one or more contextual images specifying the desired visual aesthetic. A triplet network is used to learn a feature embedding capable of measuring style similarity independent of structure, delivering signicant gains over previous networks for style discrimination. We incorporate this model within a hierarchical triplet network to unify and learn a joint space from two discriminatively trained streams for style and structure. We demonstrate that this space enables, for the rst time, styleconstrained sketch search over a diverse domain of digital artwork comprising graphics, paintings and drawings. We also brie\ufb02y explore alternative query modalities.",
                    "embedding": null,
                    "h": null,
                    "parent": {
                        "py/id": 2
                    },
                    "py/object": "tree.TextTree"
                }
            ],
            "content": "Abstract",
            "embedding": null,
            "h": null,
            "parent": {
                "py/id": 0
            },
            "py/object": "tree.TextTree"
        },
        {
            "c": null,
            "children": [
                {
                    "c": null,
                    "children": [],
                    "content": "Determining user intent from a visual search query remains an open challenge, particularly within Sketch based Image Retrieval (SBIR) where free-hand sketched queries often present ambiguous or incomplete descriptions of the desired visual content [8]. Traditionally, SBIR literature considers images to be similar if they contain objects of similar shape (e.g. ne-grained [35, 39, 29]) or semantics (e.g. category retrieval [9, 13, 25]). However, such denitions do not scale well to larger datasets, where a sketched shape can closely match a diverse range of content. Additional visual modalities have been explored within the sketch, such as color [31, 3], explicit labeling of sketched parts [6, 14], and motion (for video) [7, 1, 15] to better constrain the query and so improve the relevance of results.",
                    "embedding": null,
                    "h": null,
                    "parent": {
                        "py/id": 6
                    },
                    "py/object": "tree.TextTree"
                },
                {
                    "c": null,
                    "children": [],
                    "content": "This paper proposes a novel denition of visual similarity for SBIR, in which the sketched query is constrained using one or more secondary (contextual) images to specifythe desired aesthetic of the results. For example, a sketch of a dog accompanied by a contextual set of watercolor paintings, or scary images, would yield watercolor paintings of dogs, or images of scary dogs, respectively. Importantly, we do not require the contextual images to contain the desired subject matter (e.g. dogs). Rather, we seek to disentangle the notions of content (structure) and aesthetics (style) enabling independent specication of both within the query. Visual style remains a highly challenging and understudied area of Computer Vision. Our exploration of style as a modality for visual search complements recent advances e.g. in style transfer [10] enabled by deep learning.",
                    "embedding": null,
                    "h": null,
                    "parent": {
                        "py/id": 6
                    },
                    "py/object": "tree.TextTree"
                },
                {
                    "c": null,
                    "children": [],
                    "content": "Constraining visual search to match a user\u2019s intended \u2018look and feel\u2019 is a promising novel direction for enhancing search relevance, particularly over aesthetically diverse imagery. Our work leverages a recent large-scale dataset of contemporary artwork covering a breadth of styles, media and emotions (BAM [37]) from which we learn a model of aesthetic style. Concretely, we propose a hierarchical triplet convolutional neural network (convnet) architecture to learn a low-dimensional joint embedding for structure and style. Each branch of this network unies complementary information on scene structure and aesthetics derived from two discriminatively trained convnet streams, which are themselves of triplet architecture.",
                    "embedding": null,
                    "h": null,
                    "parent": {
                        "py/id": 6
                    },
                    "py/object": "tree.TextTree"
                },
                {
                    "c": null,
                    "children": [],
                    "content": "Our technical contributions are three-fold. First, we propose a triplet convnet to learn an embedding for aesthetic style, showing this novel model to outperform by a large margin, previous attempts to use deep convnets for measuring visual style similarity. Second, we build upon our model, incorporating a state of the art convnet for sketchphoto similarity [4] to develop a hierarchical triplet convnet for learning a joint space for structural and style similarity over a diverse domain of digital artwork (comprising not only photos, but also paintings, 3D renderings, hand-drawn and vector-art drawings, in a variety of media). Third, we demonstrate and evaluate the performance of our modelwithin a novel SBIR framework that uniquely accepts a set of contextual images alongside the sketched query shape, enabling stylistic constraint of the visual search. Although our study is scoped primarily to leverage sketches as means for specifying structure in queries, we also experiment with alternative modalities such as artwork and text.",
                    "embedding": null,
                    "h": null,
                    "parent": {
                        "py/id": 6
                    },
                    "py/object": "tree.TextTree"
                }
            ],
            "content": "1. Introduction",
            "embedding": null,
            "h": null,
            "parent": {
                "py/id": 0
            },
            "py/object": "tree.TextTree"
        },
        {
            "c": null,
            "children": [
                {
                    "c": null,
                    "children": [],
                    "content": "Visual style remains a sparsely researched topic that has received greatest attention from the synthesis perspective e.g. style transfer through learning visual analogies [12] or more recently deep representations [10]. The Gram matrix computed across layers of a pre-trained model (e.g. VGG16 on ImageNet) has been shown to abstract content from style in diverse imagery, and has been exploited for texture description [20]. Deep convnets have also been shown effective at classifying artwork style [16]. Although targetting photographs rather than general artwork, aesthetic classication and rating of images has also been explored via attributes such as depth of eld and exposure [23, 21]. More generally, attributes [17, 27] (including relative attributes [18]) have been used to assist visual search. However attribute models often require explicit denition of a xed set of attribute categories, or pre-training for their detection.",
                    "embedding": null,
                    "h": null,
                    "parent": {
                        "py/id": 16
                    },
                    "py/object": "tree.TextTree"
                },
                {
                    "c": null,
                    "children": [],
                    "content": "This paper explores effective representations for leveraging style as a constraint in a visual search. Rather than attempting to classify aesthetic attributes, we develop a definition of visual similarity that disentangles image structure and style, enabling independent specication of each in a visual search query. We leverage SBIR as a platform for this study. Sketches primarily describe structure, and we propose such descriptions be augmented with one or more images exemplifying the desired visual style of results. Effective methods for augmenting shape description in SBIR are becoming urgently needed to resolve query ambiguity as SBIR matures to larger datasets. Our use of convnets to unify structure and style complements recent deep approaches for shape matching in SBIR [39, 29, 2, 4, 5] which have been shown to outperform shallow-learning models [33, 9, 13, 28]. Contrastive loss networks have been used to map sketches to photo edge-maps or rendered 2D views of 3D models [25, 34]. Triplet networks have also been leveraged for both ne-grained [39, 29] and category-level SBIR [4]. Convnets were fused with a complex pipeline incorporating object proposals, query expansion and reranking for retrieval [2]. All these methods address SBIR via cross-domain learning; the gap between sketch and photos is bridged via regression explicitly seeking to discard appearance properties. Our goal is not proposing another shape matching technique. Rather, we incorporate a leading model [4] to explore aesthetic constraint of SBIR.",
                    "embedding": null,
                    "h": null,
                    "parent": {
                        "py/id": 16
                    },
                    "py/object": "tree.TextTree"
                },
                {
                    "c": null,
                    "children": [],
                    "content": "Relevance feedback (RF) is often used disambiguate user intent particularly when multiple modalities exist in a query [14]. RF requires user interaction to iteratively rene searchresults, learning a per-query re-weighting of the feature space. Classically this is learned via linear classier [30], or recently, online learning of shallow convnets using positive and negative images [36]. Our work also explores re-weighting using convnets, but pre-learns a corpus-wide model for combining structural and style modalities. Unlike RF, we do not iteratively request feedback from the user.",
                    "embedding": null,
                    "h": null,
                    "parent": {
                        "py/id": 16
                    },
                    "py/object": "tree.TextTree"
                }
            ],
            "content": "2. Related Work",
            "embedding": null,
            "h": null,
            "parent": {
                "py/id": 0
            },
            "py/object": "tree.TextTree"
        },
        {
            "c": null,
            "children": [
                {
                    "c": null,
                    "children": [
                        {
                            "c": null,
                            "children": [],
                            "content": "Our work leverages BAM; a dataset of \u223c65 million contemporary artworks from https://behance.net [37] annotated using a large-scale active learning pipeline [38]. The annotations in BAM include semantic categories (bicycle, bird, cars, cat, dog, \ufb02ower, people, tree); seven labels for a wide breadth of different artistic media (3D renderings, comics, pencil/graphite sketches, pen ink, oil paintings, vector art, watercolor); four emotion labels of images likely to induce certain emotions in the viewer (happy, gloomy, peaceful, scary); and short textual captions for a small subset of images. The dataset\u2019s semi-automated label annotations come in the form of likelihood scores which may be thresholded at desired quality targets to control the trade-off between dataset size and label precision. In our work, we use images labeled at a precision of 90%. We adopt BAM due to the high diversity of artistic content spanning drawings, paintings, graphics and vector art in contemporary and classic styles. In contrast, AVA [23] comprises largely photographic content proposed for aesthetic attribute mining.",
                            "embedding": null,
                            "h": null,
                            "parent": {
                                "py/id": 26
                            },
                            "py/object": "tree.TextTree"
                        }
                    ],
                    "content": "3.1. Behance Artistic Media (BAM) Dataset",
                    "embedding": null,
                    "h": null,
                    "parent": {
                        "py/id": 24
                    },
                    "py/object": "tree.TextTree"
                },
                {
                    "c": null,
                    "children": [
                        {
                            "c": null,
                            "children": [
                                {
                                    "c": null,
                                    "children": [],
                                    "content": "We rst describe the model forming the style stream within each branch of our hierarchical triplet architecture. The network comprises three branches, each augmenting GoogLeNet [32] through addition of a 128-D inner-product layer to serve as a bottleneck after pool5 layer and prior to drop-out. The bottleneck is later shown to be performance critical both for style classication and for search (c.f. Sec. 4) due to the increased sparsity of pool5 features when training on diverse artwork rather than photos. Fig. 1 illustrates the fully-shared (siamese) conguration of the branches.",
                                    "embedding": null,
                                    "h": null,
                                    "parent": {
                                        "py/id": 32
                                    },
                                    "py/object": "tree.TextTree"
                                },
                                {
                                    "c": null,
                                    "children": [],
                                    "content": "The model is trained from scratch, independent of the wider network, using an 88k artwork training set (BehanceNet-TT, Sec. 4.1) evenly partitioned into 11 style categories (S), each balanced across the 8 semantic categories (Z). Training proceeded initially via classication loss (soft-max loss, 30 epochs) and then by renement under triplet loss (50 epochs). Triplets were formed using a randomly selected anchor image a = (s \u2208 S, z \u2208 Z), a randomly selected hard positive image p = (s, z\u2032 \u2208 Z \\ z) and a hard negative image n = (s\u2032 \u2208 S \\ s, z). The network describes a function f (.) minimising:",
                                    "embedding": null,
                                    "h": null,
                                    "parent": {
                                        "py/id": 32
                                    },
                                    "py/object": "tree.TextTree"
                                },
                                {
                                    "c": null,
                                    "children": [],
                                    "content": "L(a, p, n) = (cid:2)m + |f (a) \u2212 f (p)|2 \u2212 |f (a) \u2212 f (n)|2(cid:3)+",
                                    "embedding": null,
                                    "h": null,
                                    "parent": {
                                        "py/id": 32
                                    },
                                    "py/object": "tree.TextTree"
                                }
                            ],
                            "content": "3.2.1 Style Network",
                            "embedding": null,
                            "h": null,
                            "parent": {
                                "py/id": 30
                            },
                            "py/object": "tree.TextTree"
                        },
                        {
                            "c": null,
                            "children": [
                                {
                                    "c": null,
                                    "children": [],
                                    "content": "The triplet model of Bui et al. [4], ne-tuned over BAM, comprises the structure stream. The network incorpo",
                                    "embedding": null,
                                    "h": null,
                                    "parent": {
                                        "py/id": 40
                                    },
                                    "py/object": "tree.TextTree"
                                },
                                {
                                    "c": null,
                                    "children": [],
                                    "content": "Figure 2. Hierarchical triplet convnet combining vectors from the style (Fig. 1) and structure [4] streams. Joint embedding of the two modalities is learned (Sec. 3.2.3) from the concatenated features initially via classication loss, followed by hard negative mining resulting in a 64-D descriptor for indexing.rates an anchor branch accepting a sketch query and positive/negative branches that accept a photographic image as input. The image branch closely resembles AlexNet [19], and the sketch branch Sketch-A-Net (a short-form AlexNet optimal for sketch recognition [40]). The network learns a joint embedding from exemplar triplets comprising query sketches, positive photos that match those sketches, and negative photos that do not. We x the output layer of the network to 128-D and inhibit sharing of network weights across branches i.e. training yields separate functions for embedding the sketch gs(.) and for the image gi(.) content. These functions are embedded within our larger network (Fig. 2).",
                                    "embedding": null,
                                    "h": null,
                                    "parent": {
                                        "py/id": 40
                                    },
                                    "py/object": "tree.TextTree"
                                },
                                {
                                    "c": null,
                                    "children": [],
                                    "content": "Training follows the four-stage training process outlined in [4]. The process utilises the TU-Berlin sketch dataset (for the anchor) augmented with social media sourced photographs (for the positive/negative pair). The nal step recommends ne-tuning the network using triplets sampled from representative imagery; we use random artwork images sampled from BAM with 480 TU-Berlin sketches having category overlap.",
                                    "embedding": null,
                                    "h": null,
                                    "parent": {
                                        "py/id": 40
                                    },
                                    "py/object": "tree.TextTree"
                                }
                            ],
                            "content": "3.2.2 Structure Network",
                            "embedding": null,
                            "h": null,
                            "parent": {
                                "py/id": 30
                            },
                            "py/object": "tree.TextTree"
                        },
                        {
                            "c": null,
                            "children": [
                                {
                                    "c": null,
                                    "children": [],
                                    "content": "The outputs of the structure and style models are normalised and concatenated to form a 256-D input vector, forming the structure of each branch of the larger triplet network (Fig. 2). Note that the anchor branch integrates gs(.) and the positive/negative branches gi(.). The branches feed forward to two nal inner product layers of 256-D and 64-D separated by ReLU activation, which learn projection h(.) over the two 128-D subspaces for visual search.",
                                    "embedding": null,
                                    "h": null,
                                    "parent": {
                                        "py/id": 48
                                    },
                                    "py/object": "tree.TextTree"
                                },
                                {
                                    "c": null,
                                    "children": [],
                                    "content": "A careful training protocol is required to ensure conver",
                                    "embedding": null,
                                    "h": null,
                                    "parent": {
                                        "py/id": 48
                                    },
                                    "py/object": "tree.TextTree"
                                },
                                {
                                    "c": null,
                                    "children": [],
                                    "content": "Figure 3. PCA visualizations showing discrimination and decorrelation in the style (a) and semantic (b) spaces, before (left) and after (right) triplet renement. (c) Activation maximization for \u2019Scary\u2019 category using method of [24] yields interesting qualitative insight into learned visual attributes for style; objects (teeth and skull) disappear in the decorrelated space but strong color cues remain.gence in these nal layers. Since triplet loss is a loose regularization (loss is computed on the relative distance between the anchor-positive and anchor-negative pairs) we have found it more effective to initialise training with a stricter regularization (soft-max loss). We initially train the network with an additional classication layer that recognises each of the 8 \u00d7 11 semantic-style combinations in the dataset. Training proceeds minimising the hybrid loss:where weight type (\u03c6s, \u03c6t) is set (1.0, 0.0) initially, relaxed to (0.2, 0.8) after the initial 2000 epochs.",
                                    "embedding": null,
                                    "h": null,
                                    "parent": {
                                        "py/id": 48
                                    },
                                    "py/object": "tree.TextTree"
                                },
                                {
                                    "c": null,
                                    "children": [],
                                    "content": "Training proceeds by passing a sketched query and a homogeneous style set of artwork (randomly varying between 1-10 images) to the structure gs(.) and style f (.) arms of the anchor branch, yielding a 256-D query vector. The output of the style stream is averaged over all images in the style set. The positive and negative vectors are formed via gi(.) and f (.) each using a single artwork image selected at random. During initial training, triplets are rst formed randomly: the positive exemplar an artwork image selected at random from those images sharing the same semantics and style as the anchor, while the negative exemplar differs in either semantic or style or both. In the later training phase (from epoch 1000) , we narrow down the negative list further by choosing the negative sample from top k returned images using the current network weights as a visual search system (Sec. 3.3). Query sketches are subject to random afne perturbation (rotation, scale, translation) during training. Although our network takes raster data as input the TU-Berlin dataset is provided in vector form, enabling the random omission of sketched strokes for further data augmentation. Note that all training is carried out on the Behance-Net-TT and sketch datasets described in Sec. 4.1.",
                                    "embedding": null,
                                    "h": null,
                                    "parent": {
                                        "py/id": 48
                                    },
                                    "py/object": "tree.TextTree"
                                },
                                {
                                    "c": null,
                                    "children": [],
                                    "content": "Figure 4. Examples sampled from image sets used to specify style within the SBIR queries evaluated in Sec. 4.3.",
                                    "embedding": null,
                                    "h": null,
                                    "parent": {
                                        "py/id": 48
                                    },
                                    "py/object": "tree.TextTree"
                                }
                            ],
                            "content": "3.2.3 Hierarchical (Multi-modal) network",
                            "embedding": null,
                            "h": null,
                            "parent": {
                                "py/id": 30
                            },
                            "py/object": "tree.TextTree"
                        }
                    ],
                    "content": "3.2. Hierarchical Network Architecture",
                    "embedding": null,
                    "h": null,
                    "parent": {
                        "py/id": 24
                    },
                    "py/object": "tree.TextTree"
                },
                {
                    "c": null,
                    "children": [
                        {
                            "c": null,
                            "children": [],
                            "content": "We index a 879k dataset (Behance-VS, Sec. 4.1) of artworks D = {d1, ..., dn} forward-passing each image di via through the hierarchical network to form a 64-D image descriptor d\u2032 i.",
                            "embedding": null,
                            "h": null,
                            "parent": {
                                "py/id": 60
                            },
                            "py/object": "tree.TextTree"
                        },
                        {
                            "c": null,
                            "children": [],
                            "content": "Descriptors are stored within a distributed (map-reduce) index hosting multiple kd-trees across several machines. Given query sketch q and set of contextual (style) images C = {c1, ..., cm} the search descriptor q\u2032 is:",
                            "embedding": null,
                            "h": null,
                            "parent": {
                                "py/id": 60
                            },
                            "py/object": "tree.TextTree"
                        },
                        {
                            "c": null,
                            "children": [],
                            "content": "We perform a k nearest-neighbor look-up ranking results by |q\u2032 \u2212 d\u2032 i| distance for relevance. Typically the context set describes a common style and so ci has weight \u03c9i = 1 m , however it is possible to blend styles (Sec. 4.4).",
                            "embedding": null,
                            "h": null,
                            "parent": {
                                "py/id": 60
                            },
                            "py/object": "tree.TextTree"
                        }
                    ],
                    "content": "3.3. Visual Search with Aesthetic Context",
                    "embedding": null,
                    "h": null,
                    "parent": {
                        "py/id": 24
                    },
                    "py/object": "tree.TextTree"
                }
            ],
            "content": "3. Methodology",
            "embedding": null,
            "h": null,
            "parent": {
                "py/id": 0
            },
            "py/object": "tree.TextTree"
        },
        {
            "c": null,
            "children": [
                {
                    "c": null,
                    "children": [
                        {
                            "c": null,
                            "children": [],
                            "content": "Our experiments make use of BAM [37], and the TU",
                            "embedding": null,
                            "h": null,
                            "parent": {
                                "py/id": 70
                            },
                            "py/object": "tree.TextTree"
                        },
                        {
                            "c": null,
                            "children": [],
                            "content": "Berlin [9] dataset of free-hand sketches:",
                            "embedding": null,
                            "h": null,
                            "parent": {
                                "py/id": 70
                            },
                            "py/object": "tree.TextTree"
                        },
                        {
                            "c": null,
                            "children": [],
                            "content": "Network Training and Test (Behance-Net-TT, 110k) Taking the outer product of style and a subset of 8 semantic attributes in BAM we form 11 \u00d7 8 sets of artwork images. Attribute scores are thresholded using per-attribute thresholds distributed with the dataset for p = 0.9 positive condence. Images showing positive for both attribute pairs only, are sorted by the sum of their scores. The top 1.25k images are taken in each case yielding a balanced dataset of",
                            "embedding": null,
                            "h": null,
                            "parent": {
                                "py/id": 70
                            },
                            "py/object": "tree.TextTree"
                        },
                        {
                            "c": null,
                            "children": [],
                            "content": "Gram / Gatys et al. [10]",
                            "embedding": null,
                            "h": null,
                            "parent": {
                                "py/id": 70
                            },
                            "py/object": "tree.TextTree"
                        },
                        {
                            "c": null,
                            "children": [],
                            "content": "Table 1. Style-only retrieval performance (mAP, 1000 queries; * indicates Behance-Net-TT trained methods.stages, the latter shows a performance gain of 7.31% mAP. A qualitative improvement in style discrimination and semantics decorrelation is also observable when visualizing the spaces before and after triplet renement (Fig. 3).",
                            "embedding": null,
                            "h": null,
                            "parent": {
                                "py/id": 70
                            },
                            "py/object": "tree.TextTree"
                        },
                        {
                            "c": null,
                            "children": [],
                            "content": "We include an early experiment performed using a semantically unbalanced version of Behance-Net-TT (styletriplet-unbal) which yielded poorer results suggesting overtting to semantic bias (certain objects became expected for certain styles) and further motivating decorrelation of style and semantics. Precision @ K curves are presented for each style for the leading (triplet) model, and for all models in Fig. 5. Emotion retrieval is evidently more challenging than media type, and strong performance is shown in visually distinctive media e.g. vector art.three techniques: Karayev et al. [16] who use pre-trained CaffeNet features (DECAF6) with no ne-tuning; GoogLeNet [32] features trained from scratch over the 11 style categories (pool5); Gatys et al. [10] where Gram matrices computed across multiple convolutional layers (conv1 1\u2212 conv5 1) of a pretrained VGG-19 network model, shown in [10] to decorrelate style from content for image stylization. The retrieval mAP (Table 1) and precision @ K=15 curves (Fig. 5) indicate signicant performance gains in the learned models, even versus contemporary texture descriptors (Gram [10]). A surprising result was the degree to which addition of the bottleneck in GoogLeNet enhanced retrieval performance (6.8% mAP). The analysis supports incorporation of the triplet rened model within the wider network.",
                            "embedding": null,
                            "h": null,
                            "parent": {
                                "py/id": 70
                            },
                            "py/object": "tree.TextTree"
                        }
                    ],
                    "content": "4.1. Dataset Descriptions",
                    "embedding": null,
                    "h": null,
                    "parent": {
                        "py/id": 68
                    },
                    "py/object": "tree.TextTree"
                },
                {
                    "c": null,
                    "children": [
                        {
                            "c": null,
                            "children": [],
                            "content": "Mechanical Turk (MTurk) was used to evaluate retrieval accuracy over the top 15 ranked results returned from 264 search queries (24 sketches \u00d711 style sets), since no annotation for structure and style relevance was available. Each query required \u223c 4k annotations over the top 15 results with three repetitions ensuring that no participant re-annotated the same result. Retrieval was performed using six experimental congurations to search the Behance-VS dataset of 879k artwork images. The congurations explored were: ss-triplet-64 the proposed combination of sketch+style features re-weighted and projected to 64-D by the learned layers of the multimodal network; ss-triplet-128 similar network but with 128-D output layer; ss-concat a degenerate case in which the 256-D concatenated sketch+style vector",
                            "embedding": null,
                            "h": null,
                            "parent": {
                                "py/id": 84
                            },
                            "py/object": "tree.TextTree"
                        },
                        {
                            "c": null,
                            "children": [],
                            "content": "Figure 5. Style retrieval performance over 1000 random queries (Precision @ K=15). Top: best performing style network (styletriplet loss, mAP 61.0%). Bottom: performance comparison for all baselines.",
                            "embedding": null,
                            "h": null,
                            "parent": {
                                "py/id": 84
                            },
                            "py/object": "tree.TextTree"
                        },
                        {
                            "c": null,
                            "children": [],
                            "content": "Visual Search Evaluation (Behance-VS, 879k) Subsets of BAM are created for each of the 11 style categories, by thresholding attribute scores at p = 0.9. Within each set, a random sample of 90k images is selected ensuring balanced semantics i.e. ensuring the same count of positive \ufb02ags are present for each semantic category. Images are excluded if they appear in Behance-Net-TT. Images collated in multiple sets are discarded. This yields a 879k test corpus for visual search. A small subset (10 images \u00d711 styles) is held out to serve as style sets for the test queries (Fig. 4).",
                            "embedding": null,
                            "h": null,
                            "parent": {
                                "py/id": 84
                            },
                            "py/object": "tree.TextTree"
                        },
                        {
                            "c": null,
                            "children": [],
                            "content": "Sketch set (TU-Berlin, 0.5k) 480 sketches from the TUBerlin dataset [9] (60\u00d78 object categories overlapping with BAM) are used to ne-tune the structural branches of the network (Sec. 3.2.2), and to train the hierarchical network. A queryset of 24 sketches are used to drive the visual search evaluation (Sec. 4.3).",
                            "embedding": null,
                            "h": null,
                            "parent": {
                                "py/id": 84
                            },
                            "py/object": "tree.TextTree"
                        }
                    ],
                    "content": "4.3. Evaluating Visual Search: Sketch+Style",
                    "embedding": null,
                    "h": null,
                    "parent": {
                        "py/id": 68
                    },
                    "py/object": "tree.TextTree"
                },
                {
                    "c": null,
                    "children": [
                        {
                            "c": null,
                            "children": [
                                {
                                    "c": null,
                                    "children": [],
                                    "content": "We compute mAP (Table 2) and precision @ K=15 (Fig.8) of the proposed method to each of the ve baselines, breaking down performance per style category. A result is considered relevant if both structure and style match.",
                                    "embedding": null,
                                    "h": null,
                                    "parent": {
                                        "py/id": 96
                                    },
                                    "py/object": "tree.TextTree"
                                },
                                {
                                    "c": null,
                                    "children": [],
                                    "content": "The best performing output layer conguration for the hierarchical network is 64-D, showing a performance lead of 4.1% over use of a 128-D layer (offering also a compactness advantage for indexing). Fig. 7 summarises the relative performance of the techniques, and a t-test was run for allconguration pairs. When considering performance across all styles, all proposed methods (ss-*) outperform existing baselines by a very signicant margin (p<0.01) and the use of 64-D triplet learning in the hierarchical network outperforms direct concatenation of the structure and style vectors (256-D) by signicant margin (p<0.15).",
                                    "embedding": null,
                                    "h": null,
                                    "parent": {
                                        "py/id": 96
                                    },
                                    "py/object": "tree.TextTree"
                                },
                                {
                                    "c": null,
                                    "children": [],
                                    "content": "All techniques that were explicitly trained on artwork (BAM) outperformed those that were not, and the trend of Table 1 is mirrored in the structure+style retrieval results (Table 2). It is an interesting result that forcing learning to explicitly de-correlate semantics and style during training of the style stream of the network (triplet renement, Sec 3.2), following by explicit learning of the projection of structure and style together in the hierarchical network, yields a performance boost, so justifying our network design. Assessing structure relevance only (i.e. considering only shape responses from MTurk) conrmed little variation (62.5 \u00b1 2.3) across methods for the 24 \u00d7 11 query set. Since this is simply evaluating prior work [4] on Behance-VS we do not",
                                    "embedding": null,
                                    "h": null,
                                    "parent": {
                                        "py/id": 96
                                    },
                                    "py/object": "tree.TextTree"
                                },
                                {
                                    "c": null,
                                    "children": [],
                                    "content": "Figure 7. Relative performance of proposed method (ss-triplet-64) versus baselines; (*) indicates learned over BAM.consider this further, beyond controlling for style. Considering style relevance only reveals performances of 64.5%, 63.3% and 58.9% for ss-triplet-64, ss-triplet-128, and ssconcat respectively against 49.0%, 47.8% and 46.5% for baselines [32], [10], [16] re\ufb02ecting Table 2. To benchmark average query time over 897k images we use a single machine (Xeon E5-2637 3.5Ghz) and achieve \u223c 700ms using (ss-triplet-64) features.",
                                    "embedding": null,
                                    "h": null,
                                    "parent": {
                                        "py/id": 96
                                    },
                                    "py/object": "tree.TextTree"
                                },
                                {
                                    "c": null,
                                    "children": [],
                                    "content": "Figs. 6,11 contain representative results from queries run under the ss-triplet-64 model. Fig. 12 highlights some incorrect top-15 results. A vector-artwork and a photo are returned for a 3D Graphics query, likely due to their \ufb02at backgrounds typical in 3D renderings (in the latter example, content matches shape but not semantics). The action sports shot of the cyclist is arguably not \u2018peaceful\u2019 but the countryside setting is a strong prior. Two photos are misidentied as oil paintings due to \ufb02aking paint visible on the wall, and an incomplete oil painting is returned as the nal example.",
                                    "embedding": null,
                                    "h": null,
                                    "parent": {
                                        "py/id": 96
                                    },
                                    "py/object": "tree.TextTree"
                                }
                            ],
                            "content": "4.3.1 Retrieval performance",
                            "embedding": null,
                            "h": null,
                            "parent": {
                                "py/id": 94
                            },
                            "py/object": "tree.TextTree"
                        },
                        {
                            "c": null,
                            "children": [
                                {
                                    "c": null,
                                    "children": [],
                                    "content": "We qualitatively explore interpolation of style in the query set (Fig. 9). Three pairs of styles (watercolor-graphite, oilpaint-penink, happy-scary) were combined by varying the weights \u03c9i (eq.4) on the averaging function using to combine style vectors from images in the context set. For example, a cat was queried using 25% watercolor and 75% graphite as the style context. The results in that case showed a sketched cat with grey watercolor wash in the background, whilst a 50:50 blend showed a half-nished watercolor (many artists upload in-progress work to Behance). We also explore interpolation within a style, here two watercolor context images are used for style: one coarse washes, the other using harsh black outlines depicting ne detail with a background wash. We observe a trend toward the more heavily weighted style (media or emotion) suggesting linear interpolation in this space exert useful control.",
                                    "embedding": null,
                                    "h": null,
                                    "parent": {
                                        "py/id": 108
                                    },
                                    "py/object": "tree.TextTree"
                                }
                            ],
                            "content": "4.3.2 Blending visual styles",
                            "embedding": null,
                            "h": null,
                            "parent": {
                                "py/id": 94
                            },
                            "py/object": "tree.TextTree"
                        }
                    ],
                    "content": "4.2. Evaluating Visual Search: Style only",
                    "embedding": null,
                    "h": null,
                    "parent": {
                        "py/id": 68
                    },
                    "py/object": "tree.TextTree"
                },
                {
                    "c": null,
                    "children": [
                        {
                            "c": null,
                            "children": [],
                            "content": "Signicant advantages of visual search over text are that no annotation of the search corpus is required, nor any ad",
                            "embedding": null,
                            "h": null,
                            "parent": {
                                "py/id": 112
                            },
                            "py/object": "tree.TextTree"
                        },
                        {
                            "c": null,
                            "children": [],
                            "content": "Figure 8. Relative performance of proposed method (ss-triplet-64) versus baselines (precision @ K=15).herence to a tag ontology. Here we contrast visual search against the use of free-text keywords for specifying aesthetic context or structure. A small portion (\u223c 2%) of the BAM data is accompanied by free-text crowd annotation, describing content and style in \u223c 3 \u2212 10 words. Approximately 4.2k images within Behance-VS are accompanied by this annotation, enabling text-based experiments.",
                            "embedding": null,
                            "h": null,
                            "parent": {
                                "py/id": 112
                            },
                            "py/object": "tree.TextTree"
                        },
                        {
                            "c": null,
                            "children": [],
                            "content": "We substituted the style stream of our network for a popular skip-gram network (Word2Vec [22]) with 128-D output trained over the text corpus in BAM (holding out BehanceVS). The resulting features were directly input to our framework in ss-concat conguration. Instead of querying with a sketch + set of style images, we queried the network using a sketch + free-text phrase: watercolor painting, oil painting, pen and ink, graphite, 3d graphics, vector art, comic, scary, gloomy, happy, peaceful. In all, 88 queries (a random subset of 8 sketched queries across 11 styles) were run on this reduced dataset. The results were evaluated through MTurk under identical protocol to Sec. 4.3. Interestingly, the results of visually specifying the aesthetic context were signicantly higher (p<0.05) than use of text (40.1% versus 18.6% mAP). We similarly explored substitution of keywords for sketches as the structural component of the query, which indicated more strongly (but without signicance) in favour of the visual query (40.1% versus 36.4% mAP). We did not pursue this further, as evaluation of [4] versus text",
                            "embedding": null,
                            "h": null,
                            "parent": {
                                "py/id": 112
                            },
                            "py/object": "tree.TextTree"
                        },
                        {
                            "c": null,
                            "children": [],
                            "content": "Figure 9. Qualitative results combining pairs of style sets A and B using different weights for a given sketched query (inset). Examples of interand intrastyle blending (view at 400% zoom).",
                            "embedding": null,
                            "h": null,
                            "parent": {
                                "py/id": 112
                            },
                            "py/object": "tree.TextTree"
                        },
                        {
                            "c": null,
                            "children": [],
                            "content": "Figure 10. Alternative query modalities. Top-1 result using (top) Behance artwork as structure; (bottom) text instead of image set as style.",
                            "embedding": null,
                            "h": null,
                            "parent": {
                                "py/id": 112
                            },
                            "py/object": "tree.TextTree"
                        },
                        {
                            "c": null,
                            "children": [],
                            "content": "Figure 11. Matrix visualising top result returned for outer-product of all style visual contexts over seven representative query sketches.search is outside the scope of our contribution. Rather, we explored substitution of the sketch for an artwork image. We swap the structure stream gs(.) for gi(.) in the anchor branch of the hierarchical network. As with sketch, we observed results to correctly disentangle content and style. For example, a comic of a cat accompanied by watercolor imagery returned watercolor cats (Fig. 10).",
                            "embedding": null,
                            "h": null,
                            "parent": {
                                "py/id": 112
                            },
                            "py/object": "tree.TextTree"
                        }
                    ],
                    "content": "4.4. Alternative query modalities",
                    "embedding": null,
                    "h": null,
                    "parent": {
                        "py/id": 68
                    },
                    "py/object": "tree.TextTree"
                }
            ],
            "content": "4. Experiments and Discussion",
            "embedding": null,
            "h": null,
            "parent": {
                "py/id": 0
            },
            "py/object": "tree.TextTree"
        },
        {
            "c": null,
            "children": [
                {
                    "c": null,
                    "children": [],
                    "content": "We demonstrated a novel visual search framework using a structural query (sketch) augmented with a set of contextual images that specify the desired visual style of results. The framework is underpinned by a learned representation for measuring visual similarity for SBIR that disentangles content and aesthetics. We rst proposed a triplet convnet comprising siamese branches adapted from GoogLeNet, showing signicant performance increase over the state of art for style retrieval alone. We then combined this network with a shape-matching network [4] to create a multi-modal network of triplet design. We demonstrated that learning a projection of structure and style features through this network further enhances retrieval accuracy, evaluating performance against baselines in a large-scale MTurk experiment. Interesting directions for search could further explore",
                    "embedding": null,
                    "h": null,
                    "parent": {
                        "py/id": 126
                    },
                    "py/object": "tree.TextTree"
                },
                {
                    "c": null,
                    "children": [],
                    "content": "Figure 12. Failure cases from top-15, discussed in Sec. 4.3.1.blending multiple styles in queries or even style extrapolation. Content recommendation systems, or relevance feedback interfaces, could harness style-space to enhance browsing and discovery. Exploring alternative modalties for structure or for style specication (Sec. 4.4) also appears an interesting avenue, although we do not believe such extensions necessary to demonstrate the novelty and promise of visual search constrained by aesthetic context.",
                    "embedding": null,
                    "h": null,
                    "parent": {
                        "py/id": 126
                    },
                    "py/object": "tree.TextTree"
                },
                {
                    "c": null,
                    "children": [],
                    "content": "We thank Aaron Hertzmann for feedback and discussions. An InnovateUK SMART grant supported the rst author.shtein distance. pages 121\u2013124, 2010. 1sketches for content based video retrieval. pages 245\u2013252, 2009. 1grouping for video retrieval. In Proc. ICPR, 2008. 1using sketched queries. In Proc. CVMP, 2014. 1, 2sonalised image search. In Proc. ICCV, 2013. 2cation with deep convnets. In Proc. NIPS, 2012. 3texture representations. In Proc. CVPR, 2016. 2",
                    "embedding": null,
                    "h": null,
                    "parent": {
                        "py/id": 126
                    },
                    "py/object": "tree.TextTree"
                },
                {
                    "c": null,
                    "children": [],
                    "content": "Sketch-based image retrieval using keyshapes. Multimedia Tools and Applications, 73(3):2033\u20132062, 2014. 2",
                    "embedding": null,
                    "h": null,
                    "parent": {
                        "py/id": 126
                    },
                    "py/object": "tree.TextTree"
                },
                {
                    "c": null,
                    "children": [],
                    "content": "Image search by color sketch. IEEE, 2013. 1similarity. arXiv preprint, arXiv:1612.02534, 2016. 2",
                    "embedding": null,
                    "h": null,
                    "parent": {
                        "py/id": 126
                    },
                    "py/object": "tree.TextTree"
                },
                {
                    "c": null,
                    "children": [],
                    "content": "Sketch-a-net that beats humans. In Proc. BMVC, 2015. 3",
                    "embedding": null,
                    "h": null,
                    "parent": {
                        "py/id": 126
                    },
                    "py/object": "tree.TextTree"
                }
            ],
            "content": "5. Conclusion",
            "embedding": null,
            "h": null,
            "parent": {
                "py/id": 0
            },
            "py/object": "tree.TextTree"
        }
    ],
    "content": "Sketching with Style: Visual Search with Sketches and Aesthetic Context John Collomosse1",
    "embedding": null,
    "h": null,
    "parent": null,
    "py/object": "tree.TextTree"
}