{
    "c": null,
    "children": [
        {
            "c": null,
            "children": [
                {
                    "c": null,
                    "children": [],
                    "content": "Metric learning has proved very successful. However, human annotations are necessary. In this paper, we propose an unsupervised method, dubbed Metric Imitation (MI), where metrics over cheap features (target features, TFs) are learned by imitating the standard metrics over more sophisticated, off-the-shelf features (source features, SFs) by transferring view-independent property manifold structures. In particular, MI consists of: 1) quantifying the properties of source metrics as manifold geometry, 2) transferring the manifold from source domain to target domain, and 3) learning a mapping of TFs so that the manifold is approximated as well as possible in the mapped feature domain. MI is useful in at least two scenarios where: 1) TFs are more efcient computationally and in terms of memory than SFs; and 2) SFs contain privileged information, but are not available during testing. For the former, MI is evaluated on image clustering, category-based image retrieval, and instance-based object retrieval, with three SFs and three TFs. For the latter, MI is tested on the task of example-based image super-resolution, where high-resolution patches are taken as SFs and low-resolution patches as TFs. Experiments show that MI is able to provide good metrics while avoiding expensive data labeling efforts and that it achieves state-of-the-art performance for image super-resolution. In addition, manifold transfer is an interesting direction of transfer learning.",
                    "embedding": null,
                    "h": null,
                    "parent": {
                        "py/id": 2
                    },
                    "py/object": "tree.TextTree"
                }
            ],
            "content": "Abstract",
            "embedding": null,
            "h": null,
            "parent": {
                "py/id": 0
            },
            "py/object": "tree.TextTree"
        },
        {
            "c": null,
            "children": [
                {
                    "c": null,
                    "children": [],
                    "content": "The problem of computing good metrics is of great theoretical and practical interest in information processing. Applications include clustering [52,53], image annotation [24], retrieval [19, 31], classication [2, 19, 51], among others. It is often addressed by metric learning [1, 24, 28, 42, 51], with great success in the past years. The drawback of metric learning is that it requires some form of human annotation (e.g. full category labels [2, 19, 37, 51], pairwise constraints [1, 28, 31, 44]), which is expensive to acquire.",
                    "embedding": null,
                    "h": null,
                    "parent": {
                        "py/id": 6
                    },
                    "py/object": "tree.TextTree"
                },
                {
                    "c": null,
                    "children": [],
                    "content": "To address this problem, this paper aims to learn goodmetrics for cheap features without using human annotation. We draw inspiration from transfer learning and propose a novel approach, coined Metric Imitation (MI). MI takes state-of-the-art, off-the-shelf features as source features (SFs) and cheap features as target features (TFs) to learn good metrics for the TFs by imitating the metrics computed over the SFs. MI is a general framework and can at least be applied to: 1) efciently learning good TF metrics when SFs are more powerful than TFs, but are computationally more expensive and/or more memory-hungry; and 2) creating good metrics for TFs when SFs contain privileged information but are not available at testing time.",
                    "embedding": null,
                    "h": null,
                    "parent": {
                        "py/id": 6
                    },
                    "py/object": "tree.TextTree"
                },
                {
                    "c": null,
                    "children": [],
                    "content": "MI comes out of a marriage of advances in metric learning and transfer learning. On the one hand, metric learning now is able to learn good metrics over general features for specic tasks [30], with human supervision. On the other hand, transfer learning can now transfer knowledge (often classiers) learned in one domain to another [41], for which no further human supervision is necessary. Observing both developments then begs the question whether metrics can be computed over one feature (i.e. SFs) to then be transferred to the domain of another feature (i.e. TFs) and automatically supervise the metric learning process there. In this paper, we demonstrate this for several vision tasks. The main advantages of the method are: 1) it performs in an unsupervised manner, i.e. without human annotation; 2) it can be efcient as only TFs are needed during test time; 3) it can inject domain knowledge carried through SFs to TFs for metric computation.",
                    "embedding": null,
                    "h": null,
                    "parent": {
                        "py/id": 6
                    },
                    "py/object": "tree.TextTree"
                },
                {
                    "c": null,
                    "children": [],
                    "content": "The metric is learned in the framework of Mahalanobis distance learning, i.e. a linear mapping function of TFs is learned and applied prior to performing the Euclidean distance metric. Specically, the method works as follows: 1) it translates the properties of metrics computed over SFs into manifold geometries; 2) it transfers the manifold to the domain of the TFs as view-independent properties; and 3) it learns a mapping function of the TFs so that the transferred manifold is approximated as well as possible in the transformed space. By doing this, the neighborhood properties of data computed over the SFs are preserved in the transformed space of TFs, i.e. close neighbors are still close. Thereason for ensuring this is that neighbors search is crucial in many vision applications, such as clustering, retrieval, and classication.",
                    "embedding": null,
                    "h": null,
                    "parent": {
                        "py/id": 6
                    },
                    "py/object": "tree.TextTree"
                },
                {
                    "c": null,
                    "children": [],
                    "content": "In accordance with our previous remarks, the usability of MI is validated in two scenarios of metric learning: 1) compute good metrics for cheap features; and 2) transfer privileged information. For the rst scenario, MI was tested on instance-based object retrieval using the INRIA Holiday dataset [27] and the UKbench dataset [38], and on category-based image retrieval and image clustering using four other datasets: Scene-15 [34], CUReT-61 [11], Caltech-101 [15], and Event-8 [35]. Three sophisticated, high-dimensional features were used as the SFs: objectbank [36], SIFT-llc [50], and the CNN feature [6], and three general, cheap features used as the TFs: GIST [40], LBP [39], and PHOG [4]. Extensive experiments show that MI consistently and signicantly outperforms the metrics computed directly over the same TFs, while getting very close to the metrics from the computationally more expensive SFs in some cases. For the second scenario, MI was evaluated on example-based image super-resolution. Patches of high-resolution images, which are not available at testing time, are used as SFs and patches of lowresolution images as TFs. Experiments show that MI is able to improve the performance of k-NN-based methods for image super-resolution.this strong assumption by dening target neighbors as the k closest samples in the same class, and maximizes margins between distances to target neighbors and to other points.",
                    "embedding": null,
                    "h": null,
                    "parent": {
                        "py/id": 6
                    },
                    "py/object": "tree.TextTree"
                },
                {
                    "c": null,
                    "children": [],
                    "content": "Pairwise Constraints correspond to another popular type of annotation used in metric learning, in which similar (dissimilar) pairs of objects are indicated. Earlier work by Xing et al. [53] formulates the clustering problem as a semidenite programming task under similarity and dissimilarity constraints. With similar annotations, Davis et al. [12] tackle the metric learning problem with an information theoretic approach, namely by minimizing the KullbackLeibler divergence between a learned and a prior matrix, expressing the pairwise constraints. Guillaumin et al. [25] offer a probabilistic view on learning distance metrics with pairwise constraints and solve the problem by MAP. Following the spirit of [12,25], Kostinger et al. [28] present the KISS framework by formulating the problem as a likelihood ratio test, which avoids complex optimization problems.",
                    "embedding": null,
                    "h": null,
                    "parent": {
                        "py/id": 6
                    },
                    "py/object": "tree.TextTree"
                },
                {
                    "c": null,
                    "children": [],
                    "content": "While all these methods perform well, human annotations have to be provided. As a result, methods requiring weaker or no supervision are desired. Our method offers this by learning metrics over cheap features by imitating the standard metrics computed over other, sophisticated off-theshelf features, which either contain privileged information or are more useful for the tasks at hand but too computationally expensive.",
                    "embedding": null,
                    "h": null,
                    "parent": {
                        "py/id": 6
                    },
                    "py/object": "tree.TextTree"
                }
            ],
            "content": "1. Introduction",
            "embedding": null,
            "h": null,
            "parent": {
                "py/id": 0
            },
            "py/object": "tree.TextTree"
        },
        {
            "c": null,
            "children": [
                {
                    "c": null,
                    "children": [],
                    "content": "Our method is generally relevant to Metric Learning,",
                    "embedding": null,
                    "h": null,
                    "parent": {
                        "py/id": 22
                    },
                    "py/object": "tree.TextTree"
                },
                {
                    "c": null,
                    "children": [],
                    "content": "Feature Embedding, and Transfer Learning. 2.1. Metric Learning",
                    "embedding": null,
                    "h": null,
                    "parent": {
                        "py/id": 22
                    },
                    "py/object": "tree.TextTree"
                },
                {
                    "c": null,
                    "children": [],
                    "content": "There has been a great deal of research devoted to metric learning to tune distance functions with human supervision. Typically, metric learning methods follow as guiding principle to learn a mapping that shrinks the distances between similar objects, while expanding the distance between dissimilar objects. Since a comprehensive overview is beyond the scope of this paper, we summarize the most relevant ones according to the types of annotation used. Readers are referred to [30] for a survey.",
                    "embedding": null,
                    "h": null,
                    "parent": {
                        "py/id": 22
                    },
                    "py/object": "tree.TextTree"
                },
                {
                    "c": null,
                    "children": [],
                    "content": "Class label is one of the most popular annotation types for metric learning. Notable examples include Neighborhood Component Analysis (NCA) [21], Collapsing Classes (CC) [20] and Large-Margin Nearest Neighbors (LMNN) [51]. NCA maximizes the expected number of correctly retrieved points under a stochastic neighbor selection rule. CC optimizes a similar stochastic neighbor selection rule while attempting to collapse each class to a single point. The idea enforces more regularity on the output space than NCA and leads to a convex optimization problem, but the assumption that entire classes can be collapsed to distinct points rarely holds in practice. LMNN [51] relaxes",
                    "embedding": null,
                    "h": null,
                    "parent": {
                        "py/id": 22
                    },
                    "py/object": "tree.TextTree"
                },
                {
                    "c": null,
                    "children": [],
                    "content": "There is a great deal of work about embedding for nonlinear dimensionality reduction, with the philosophy that many high-dimensional data can be characterized by a lowdimensional nonlinear manifold. The methods broadly fall into two categories: those providing a mapping function for out-of-sample extension and those just offering a visualization. We will brie\ufb02y overview the methods which provide mapping functions. Embedding methods proceed mainly in two steps: 1) quantify manifold properties (local geometry); and 2) seek a low-dimensional space so that the learned properties are mostly preserved. A large range of manifold properties have been considered. For instance, Multidimensional Scaling [7] and its extension Isomaps [45] are designed to capture and preserve pairwise distances between points. Locally-linear embedding (LLE) [26, 43] computes the local linearity of the manifold and attempts to preserve that in the low-dimensional space. Laplacian Eigenmaps (LapEigen) [3], and Hessian LLE (HLLE) [14]. proceed in a similar manner as LLE does, but the properties captured are the locality of the manifold, and the local curvature of the manifold. Due to space limitations interested readers are referred to the comparative overview in [48].",
                    "embedding": null,
                    "h": null,
                    "parent": {
                        "py/id": 22
                    },
                    "py/object": "tree.TextTree"
                },
                {
                    "c": null,
                    "children": [],
                    "content": "Our approach draws inspiration from and extends the traditional embedding methods. The method imitates the manifold properties obtained from SFs by learning a transformation for the TFs, trading off a slight drop in precision against a signicant gain in efciency. The method also avoids feature embedding in the high-dimensional space of SFs, which is time-consuming. 2.3. Transfer Learning and Domain Adaptation",
                    "embedding": null,
                    "h": null,
                    "parent": {
                        "py/id": 22
                    },
                    "py/object": "tree.TextTree"
                },
                {
                    "c": null,
                    "children": [],
                    "content": "Our method also is akin to transfer learning. Transfer learning addresses the problem of transferring the knowledge learned in a source domain to a different target domain. Successful applications in vision include knowledge transfer from one data source to another (e.g. videos to images) [17, 23, 32] and knowledge transfer from known classes to unseen classes [33]. The difference between such work and ours is in the form of the knowledge. These methods transfer denitions of classes (learned classiers) to a new domain where few or no training data is available, by reducing the discrepancy from source domain to target domain. Our goal, however, is to transfer the manifold structure from our source domain to a target domain to imitate the metrics computed in the source domain, where features in the source domain are kept intact. This distinction leads to different algorithms and applications.",
                    "embedding": null,
                    "h": null,
                    "parent": {
                        "py/id": 22
                    },
                    "py/object": "tree.TextTree"
                }
            ],
            "content": "2. Related Work",
            "embedding": null,
            "h": null,
            "parent": {
                "py/id": 0
            },
            "py/object": "tree.TextTree"
        },
        {
            "c": null,
            "children": [
                {
                    "c": null,
                    "children": [],
                    "content": "In this section, we will introduce Metric Imitation (MI) in detail. Like most metric learning or embedding methods, MI operates in two modes: training and mapping. Training learns the projection transformation matrix A guided by the transferred manifold, while \u2018mapping\u2019 performs the learned transformation for better distance metrics during testing. The generic problem of MI can be summarized as follows. Given a set of n training images D = {I1, I2, ..., In}, and their corresponding SFs Ds = {x1, x2, ..., xn} \u2208 Rm\u00d7n and TFs Dc = {y1, y2, ..., yn} \u2208 Rq\u00d7n (often q (cid:28) m), the goal is to nd a transformation matrix A \u2208 Rq\u00d7q that maps the n TFs y\u2019s to n transformed points \u00afDc = {\u00afy1, \u00afy2, ..., \u00afyn}, where \u00afyi = AT yi. The guiding principle of the learning is to approximate the manifold dened by all x\u2019s by the manifold dened over all \u00afy\u2019s. Note that the transformation matrix A can be a low-rank matrix for the purpose of further dimension reduction. We force it to be a full-rank matrix, as the dimensionality of y is itself quite low. 3.1. Training",
                    "embedding": null,
                    "h": null,
                    "parent": {
                        "py/id": 38
                    },
                    "py/object": "tree.TextTree"
                },
                {
                    "c": null,
                    "children": [],
                    "content": "The training part comes with two components:learning the intrinsic manifold over the input x\u2019s, and learning a transformation that has to be applied to the y\u2019s such that the \u2018intrinsic\u2019 manifold is approximated as closely as possible in the learned space of \u00afy\u2019s.",
                    "embedding": null,
                    "h": null,
                    "parent": {
                        "py/id": 38
                    },
                    "py/object": "tree.TextTree"
                }
            ],
            "content": "3. Metric Imitation",
            "embedding": null,
            "h": null,
            "parent": {
                "py/id": 0
            },
            "py/object": "tree.TextTree"
        },
        {
            "c": null,
            "children": [
                {
                    "c": null,
                    "children": [],
                    "content": "Metric Imitation (MI) learns the structure of the manifold underlying the x\u2019s and describes its local properties through the weight matrix W . The learned W is then transferred to the domain of the y\u2019s. There a linear mapping is learned, i.e. a matrix A \u2208 Rq\u00d7q to be applied to the y\u2019s in order to mimic corresponding manifold characteristics: 1) for LLE, a transformation is learned for y\u2019s so that all mapped data points \u00afy\u2019s are reconstructed well from their neighbors (dened in graph G) with the learned reconstruction weight W ; 2) for LapEigen, MI learns a projection so that all nearby points in the space of the x\u2019s are still nearby points in the mapped space of the \u00afy\u2019s.",
                    "embedding": null,
                    "h": null,
                    "parent": {
                        "py/id": 44
                    },
                    "py/object": "tree.TextTree"
                }
            ],
            "content": "1. Learning the intrinsic manifold over SFs:",
            "embedding": null,
            "h": null,
            "parent": {
                "py/id": 0
            },
            "py/object": "tree.TextTree"
        },
        {
            "c": null,
            "children": [
                {
                    "c": null,
                    "children": [],
                    "content": "The cost function is very similar to that in Eq.1, but here the weight matrix W is xed and the optimization is performed over the \u00afy. For the sake of efciency, \u00afy is constrained to be a transformed version of y by a linear transformation: \u00afy = AT y. According to the induction of [26], solving Eq.3 can be reduced to solving the following generalized eigenvector problem:",
                    "embedding": null,
                    "h": null,
                    "parent": {
                        "py/id": 48
                    },
                    "py/object": "tree.TextTree"
                },
                {
                    "c": null,
                    "children": [],
                    "content": "Y M Y T a = \u03bbY Y T a,",
                    "embedding": null,
                    "h": null,
                    "parent": {
                        "py/id": 48
                    },
                    "py/object": "tree.TextTree"
                },
                {
                    "c": null,
                    "children": [],
                    "content": "M = (I \u2212 W )T (I \u2212 W ),",
                    "embedding": null,
                    "h": null,
                    "parent": {
                        "py/id": 48
                    },
                    "py/object": "tree.TextTree"
                },
                {
                    "c": null,
                    "children": [],
                    "content": "Solving Eq.4 leads to q eigenvectors a1, ..., aq, with eigenvalues ordered from the smallest to the largest. Thus, the embedding is performed as:where the projection matrix A = (a1, a1, ..., aq).",
                    "embedding": null,
                    "h": null,
                    "parent": {
                        "py/id": 48
                    },
                    "py/object": "tree.TextTree"
                },
                {
                    "c": null,
                    "children": [],
                    "content": "During the test phase, MI only computes the TFs y\u2019s, for the test images, and then computes the distance metric over them with the learned projection matrix A:d(yi, yj) = (cid:107)\u00afyi \u2212 \u00afyj(cid:107)2 = (cid:107)AT yi \u2212 AT yj(cid:107)2,which is then used for the task at hand. Computing the Euclidean distance in this transformed space equals to computing the following Mahalanobis distance function in the original feature space:d(yi, yj) =(yi \u2212 yj)T H(yi \u2212 yj)",
                    "embedding": null,
                    "h": null,
                    "parent": {
                        "py/id": 48
                    },
                    "py/object": "tree.TextTree"
                },
                {
                    "c": null,
                    "children": [],
                    "content": "The form of Eq.6 is preferred to that of Eq.7, because many approximate, fast nearest neighbor techniques have been developed for the euclidean metric. Since the space is learned to preserve the neighborhood properties of the \u2018intrinsic\u2019 manifold, superior performance over common metrics on original TFs is expected. Although our mapping and the embedding for dimensionality reduction are similar technically, they serve totally different purposes. The advantages of MI over the embedding for dimensionality reduction of SFs are twofold: 1) computationally more efcient, as SFs are not needed by MI during testing, and 2) more robust, as fewer parameters are needed to learn the projection, as q (cid:28) m. The advantage of MI over the embedding for TFs is that the \u2018privileged\u2019 information in the source domain is injected into the target domain at little extra cost.",
                    "embedding": null,
                    "h": null,
                    "parent": {
                        "py/id": 48
                    },
                    "py/object": "tree.TextTree"
                }
            ],
            "content": "2. Approximating the manifold by using the TFs: with the learned manifold property W from SFs (in the manner of LLE or LapEigen), the aim of this step is to compute a linear projection matrix A for TFs so that the manifold properties learned over the SFs are preserved as much as possible in the transformed space. Specically, MI minimizes the following cost function:",
            "embedding": null,
            "h": null,
            "parent": {
                "py/id": 0
            },
            "py/object": "tree.TextTree"
        },
        {
            "c": null,
            "children": [
                {
                    "c": null,
                    "children": [
                        {
                            "c": null,
                            "children": [],
                            "content": "Another typical test-bed for metric learning is retrieval. In this section, we apply MI to the task of category-based image retrieval, where the goal is to retrieve images of the same category as that of the query image. The same datasets and features are used as for image clustering in Sec.4.1.",
                            "embedding": null,
                            "h": null,
                            "parent": {
                                "py/id": 64
                            },
                            "py/object": "tree.TextTree"
                        },
                        {
                            "c": null,
                            "children": [],
                            "content": "Evaluation: Again, 50% of images were used for training (without using labels) and another 50% for testing. The labels of test images were used for evaluation, where each single image was taken as the query once and the mean average precision (MAP) was computed. The recall was set to 0.1 as precision of the top images matters most.the results of the four datasets. It can be observed that MI serves its purpose well; it improves the precision of image retrieval considerably over the common metrics of the low-dimensional TFs. For instance, on CUReT-61 the precision is improved from 0.83 to 0.90, and on Caltech-101 the precision is improved from 0.35 to 0.41. These results show that MI is very helpful for retrieval, because 1) labeled training data is often not available in retrieval as the datasets are often unorganized; 2) an efcient solution is desirable as retrieval is often performed as an interactive task.",
                            "embedding": null,
                            "h": null,
                            "parent": {
                                "py/id": 64
                            },
                            "py/object": "tree.TextTree"
                        },
                        {
                            "c": null,
                            "children": [],
                            "content": "Concatenation of all TFs: We also tested the performance of MI when the concatenation of LBP, GIST, and PHOG features is used as TFs. Table 6 shows the results. As can be seen from Table 6 and Table 5 the concatenation does improve the performance of MI over that of using single TFs. The most interesting observation is that MI gets very close to or is on par with the expensive, high-dimensional SFs. This implies that the cheap, low-dimensional features contain a lot of useful information as long as the right transformation is discovered and ensures that they are \u2018read\u2019 in a more useful way. MI is designed exactly for this purpose.",
                            "embedding": null,
                            "h": null,
                            "parent": {
                                "py/id": 64
                            },
                            "py/object": "tree.TextTree"
                        }
                    ],
                    "content": "4.2. Category-based image retrieval",
                    "embedding": null,
                    "h": null,
                    "parent": {
                        "py/id": 62
                    },
                    "py/object": "tree.TextTree"
                },
                {
                    "c": null,
                    "children": [
                        {
                            "c": null,
                            "children": [],
                            "content": "MI was also tested for instance-based object retrieval, where the goal is, given an object instance, to retrieve all instances of the same object class. The latter can be captured from different views, from different distances, etc. We used the same features as for image clustering in Sec.4.1.",
                            "embedding": null,
                            "h": null,
                            "parent": {
                                "py/id": 72
                            },
                            "py/object": "tree.TextTree"
                        },
                        {
                            "c": null,
                            "children": [],
                            "content": "Datasets: Two of the most popular datasets for this task were used: the INRIA Holidays dataset [27] and the UKbench dataset [38]. Holidays provides 500 image groups with 1, 491 images in total and for a very large variety of scene types. Each group consists of photos of the same scene/object taken under different conditions: rotations, viewpoint and illumination changes. UKbench contains 10, 200 images of 2, 550 objects, 4 images for each object from different views and distances.",
                            "embedding": null,
                            "h": null,
                            "parent": {
                                "py/id": 72
                            },
                            "py/object": "tree.TextTree"
                        },
                        {
                            "c": null,
                            "children": [],
                            "content": "Results: Half of the object classes (\ufb02oored to closest integer) were used for training (to learn the mapping function) and the rest for testing. MAP was again used as the criterion. The results for LBP are listed in Table 7. It is interesting to see that even when trained on different datasets without using any labels, MI is able to learn good metrics for object retrieval. The learned metrics are signicantly better than the standard ones over the TFs. For instance, the MAP of LBP is improved from 0.38 to 0.50 on Holidays and from 0.33 to 0.44 on the UKbench dataset, when the CNN feature is used as the SFs. Yet, there is still room for improvement when compared against the performance of the state-of-theart object retrieval systems (e.g. [42]). There are two main reasons: 1) MI is trained in a fully unsupervised manner: trained on different objects and without using any human annotations; 2) MI uses cheap, low-dimensional features for the sake of efciency (the difference to [42] in terms of feature dimensionality is as large as 3 orders of magnitude). The goal of MI is different, i.e. providing an efcient solution and avoiding any human annotations. 4.4. Image Super-resolution",
                            "embedding": null,
                            "h": null,
                            "parent": {
                                "py/id": 72
                            },
                            "py/object": "tree.TextTree"
                        },
                        {
                            "c": null,
                            "children": [],
                            "content": "The goal of image super-resolution is to generate highresolution (HR) images from low-resolution (LR) ones. Example-based learning methods have proven successful in learning from a collection of patch pairs: LR patches and corresponding HR patches [5, 9, 13, 46]. In this section, we apply MI to example-based image super-resolution. In order to better show the advantage of MI, we follow the approaches which are directly based on k-NN search [5,9,18]. The very recent method JOR [9] was employed for comparison. JOR jointly learns a collection of regressors from LR patches to HR ones, which collectively yield the smallest super-resolving error for all training data, and selects the most appropriate regressor for each test patch via a voting scheme by its k nearest neighbors from the training samples. MI replaces the standard L2 metric in the k-NN search by the learned metric, and keeps the rest of the system in",
                            "embedding": null,
                            "h": null,
                            "parent": {
                                "py/id": 72
                            },
                            "py/object": "tree.TextTree"
                        },
                        {
                            "c": null,
                            "children": [],
                            "content": "Figure 1. Examples with an upscaling factor \u00d74. Best seen on the screen. Images are obtained from the Internet.tact. By the replacement, the method (JOR + MI) is now trying (via imitation) to retrieve neighbors dened over HR patches: searching for LR patches whose corresponding HR patches are similar to the desired HR patch of the test LR patch. This exactly tallies with the goal of example-based image super-resolution.",
                            "embedding": null,
                            "h": null,
                            "parent": {
                                "py/id": 72
                            },
                            "py/object": "tree.TextTree"
                        },
                        {
                            "c": null,
                            "children": [],
                            "content": "Since the number of training samples for image superresolution is much larger (often millions) than that for other vision tasks considered in this paper, solving the eigenvector problem of MI directly is intractable. We employed the eigenfunction technique [16] for an approximate solution. We tested MI with 0.5 million training patches. The method was evaluated on the two standard datasets Set5 and Set14, and MI improves the PSNR from 32.30 to 32.53 on Set5, and from 28.90 to 29.10 on Set14 for an upscaling factor of \u00d73. For a factor \u00d74, MI improves JOR from 29.94 to 30.15 on Set5 and from 27.13 to 27.25. The method JOR + MI trained with 0.5 million patches is on par with the JOR trained with 5 million patches [9], but is considerably faster both at training and testing. The method also outperforms the very recent method SRCNN [13] using deep convolutional network, in terms of both performance and speed (in terms of speed at testing, SRCNN is on par with JOR trained from 5 million patches [9]). We also trained the method with 5 million patches, but observed no further improvement. A possible reason is that once samples densely cover the space, standard metrics are sufcient to nd good neighbors. We leave the investment to learn more effectively from very large datasets as our future work. However, we believe that the case with 0.5 million patches sufces to prove the concept: MI yields an efcient solution to image super-resolution without sacricing performance. Two image examples are shown in Fig. 1. The examples and the numbers show that MI improves the results of JORby transferring domain knowledge from the space of HR patches into that of LR patches.",
                            "embedding": null,
                            "h": null,
                            "parent": {
                                "py/id": 72
                            },
                            "py/object": "tree.TextTree"
                        }
                    ],
                    "content": "4.3. Instance-based Object Retrieval",
                    "embedding": null,
                    "h": null,
                    "parent": {
                        "py/id": 62
                    },
                    "py/object": "tree.TextTree"
                }
            ],
            "content": "4. Experiments",
            "embedding": null,
            "h": null,
            "parent": {
                "py/id": 0
            },
            "py/object": "tree.TextTree"
        },
        {
            "c": null,
            "children": [
                {
                    "c": null,
                    "children": [],
                    "content": "The paper proposed the novel Metric Imitation method to learn good metrics for features in one domain (target features, TFs) by imitating the metrics computed over features of another domain (source features, SFs), and this even without supervision. MI translates the neighborhood behavior of SFs into manifold geometry, and transfers it to the domain of TFs as a guide for metric learning. MI then seeks a linear mapping function of the TFs so that the transferred manifold can be approximated well, which leads to an imitation of the metrics computed over the SFs. The method is easy to understand and easy to implement. The usefulness of MI has been corroborated by two scenarios with four popular vision tasks. Extensive experiments have shown that MI is able to learn signicantly better metrics over cheap TFs, while only slightly increasing the time complexity during testing. We hope the idea of metric imitation and manifold transfer will also prove useful for metric learning and transfer learning. The code is available at www. vision.ee.ethz.ch/\u02dcdaid/MetricImitation. Acknowledgments. The work is supported by the ERCclass specic linear projection. TPAMI, 19(7):711\u2013 720, 1997. 1",
                    "embedding": null,
                    "h": null,
                    "parent": {
                        "py/id": 86
                    },
                    "py/object": "tree.TextTree"
                },
                {
                    "c": null,
                    "children": [],
                    "content": "Hessian eigenmaps: Locally linear embedding techniques for Proc Nat Acad Sci USA, high-dimensional data. 100(10):5591\u20135596, 2003. 2, 3",
                    "embedding": null,
                    "h": null,
                    "parent": {
                        "py/id": 86
                    },
                    "py/object": "tree.TextTree"
                },
                {
                    "c": null,
                    "children": [],
                    "content": "Example-based super-resolution. Graphics and Applications, 22(2):56\u201365, 2002. 7collapsing classes. In NIPS, 2005. 2procrustean approach to learning binary codes. CVPR, 2011. 6and C. Schmid. Tagprop: Discriminative metric learning in nearest neighbor models for image auto-annotation. In ICCV, 2009. 1",
                    "embedding": null,
                    "h": null,
                    "parent": {
                        "py/id": 86
                    },
                    "py/object": "tree.TextTree"
                },
                {
                    "c": null,
                    "children": [],
                    "content": "Is that you? metric learning approaches for face identication. In ICCV, 2009. 2preserving embedding. In ICCV, 2005. 2, 3, 4",
                    "embedding": null,
                    "h": null,
                    "parent": {
                        "py/id": 86
                    },
                    "py/object": "tree.TextTree"
                },
                {
                    "c": null,
                    "children": [],
                    "content": "Imagenet classication with deep convolutional neural networks. In NIPS. 2012. 5rank. In ICML, 2010. 1, 6a vocabulary tree. In CVPR, 2006. 2, 7",
                    "embedding": null,
                    "h": null,
                    "parent": {
                        "py/id": 86
                    },
                    "py/object": "tree.TextTree"
                }
            ],
            "content": "5. Conclusion",
            "embedding": null,
            "h": null,
            "parent": {
                "py/id": 0
            },
            "py/object": "tree.TextTree"
        }
    ],
    "content": "Metric imitation by manifold transfer for efcient vision applications",
    "embedding": null,
    "h": null,
    "parent": null,
    "py/object": "tree.TextTree"
}