{
    "c": null,
    "children": [
        {
            "c": null,
            "children": [
                {
                    "c": null,
                    "children": [],
                    "content": "Visual tracking is a challenging problem in computer vision. Most state-of-the-art visual trackers either rely on luminance information or use simple color representations for image description. Contrary to visual tracking, for object recognition and detection, sophisticated color features when combined with luminance have shown to provide excellent performance. Due to the complexity of the tracking problem, the desired color feature should be computationally efcient, and possess a certain amount of photometric invariance while maintaining high discriminative power.",
                    "embedding": null,
                    "h": null,
                    "parent": {
                        "py/id": 2
                    },
                    "py/object": "tree.TextTree"
                },
                {
                    "c": null,
                    "children": [],
                    "content": "This paper investigates the contribution of color in a tracking-by-detection framework. Our results suggest that color attributes provides superior performance for visual tracking. We further propose an adaptive low-dimensional variant of color attributes. Both quantitative and attributebased evaluations are performed on 41 challenging benchmark color sequences. The proposed approach improves the baseline intensity-based tracker by 24% in median distance precision. Furthermore, we show that our approach outperforms state-of-the-art tracking methods while running at more than 100 frames per second.",
                    "embedding": null,
                    "h": null,
                    "parent": {
                        "py/id": 2
                    },
                    "py/object": "tree.TextTree"
                }
            ],
            "content": "Abstract",
            "embedding": null,
            "h": null,
            "parent": {
                "py/id": 0
            },
            "py/object": "tree.TextTree"
        },
        {
            "c": null,
            "children": [
                {
                    "c": null,
                    "children": [],
                    "content": "Visual object tracking, where the objective is to estimate locations of a target in an image sequence, is one of the most challenging problems in computer vision. It plays a crucial role in many applications, especially for human-computer interaction, surveillance and robotics. Several factors, such as illumination variations, partial occlusions, background clutter and shape deformation complicate the problem. In this paper we investigate to what extent the usage of color can alleviate some of these issues.",
                    "embedding": null,
                    "h": null,
                    "parent": {
                        "py/id": 8
                    },
                    "py/object": "tree.TextTree"
                },
                {
                    "c": null,
                    "children": [],
                    "content": "Most state-of-the-art trackers either rely on intensity or texture information [7, 27, 11, 5, 20]. While signicant progress has been made to visual tracking, the use of color information is limited to simple color space transformations [19, 17, 18]. In contrast to visual tracking, sophistiart trackers in challenging situations such as illumination variation, occlusion, deformation and in-plane rotation. The example frames are from the Ironman, Bolt and Soccer sequences respectively. The results of Struck [7], EDFT [6], CSK [9], LSHT [8] and our approach are represented by blue, grey, cyan, magenta and red boxes respectively.cated color features have shown to provide excellent performance for object recognition and detection [21, 14, 26, 22, 13]. Exploiting color information for visual tracking is a difcult challenge. Color measurements can vary signicantly over an image sequence due to variations in illuminant, shadows, shading, specularities, camera and object geometry. Robustness with respect to these factors has been studied in color imaging, and successfully applied to image classication [21, 14], and action recognition [12]. Therefore, we evaluate existing color transformations for the task of visual object tracking.",
                    "embedding": null,
                    "h": null,
                    "parent": {
                        "py/id": 8
                    },
                    "py/object": "tree.TextTree"
                },
                {
                    "c": null,
                    "children": [],
                    "content": "There exist two main approaches to handle visual tracking, namely generative and discriminative methods. The generative methods [2, 15, 16] tackle the problem by searching for regions that are most similar to the target model. The models in these methods are either based on templates or subspace models. The discriminative approaches [7, 27, 5, 9] aim at differentiating the target from",
                    "embedding": null,
                    "h": null,
                    "parent": {
                        "py/id": 8
                    },
                    "py/object": "tree.TextTree"
                }
            ],
            "content": "1. Introduction",
            "embedding": null,
            "h": null,
            "parent": {
                "py/id": 0
            },
            "py/object": "tree.TextTree"
        },
        {
            "c": null,
            "children": [
                {
                    "c": null,
                    "children": [],
                    "content": "We base our approach on the CSK tracker [9], which has shown to provide the highest speed among the top ten trackers in a recent evaluation [25]. The CSK tracker learns a kernelized least squares classier of a target from a single image patch. The key for its outstanding speed is that the CSK tracker exploits the circulant structure that appears from the periodic assumption of the local image patch. Here we provide a brief overview of this approach [9]. A classier is trained using a single grayscale image patch x of size M \u00d7 N that is centred around the target. The tracker considers all cyclic shifts xm,n,space inHere \u03c6 is duced by the kernel \u03ba, dening the inner product as (cid:104)\u03c6(f ), \u03c6(g)(cid:105) = \u03ba(f, g). The constant \u03bb \u2265 0 is a regularization parameter. The cost function in (1) is minimized by m,n a(m, n)\u03c6(xm,n), where the coefcients a are:",
                    "embedding": null,
                    "h": null,
                    "parent": {
                        "py/id": 16
                    },
                    "py/object": "tree.TextTree"
                },
                {
                    "c": null,
                    "children": [],
                    "content": "Here F is the DFT (Discrete Fourier Transform) operator. We denote the DFT:s with capital letters, i.e. Y = F{y} and Ux = F{ux}, where ux(m, n) = \u03ba(xm,n, x) is the output of the kernel function \u03ba. Eq. 2 holds if \u03ba is shift invariant, i.e. \u03ba(fm,n, gm,n) = \u03ba(f, g) for all m, n, f and g. This holds for the Gaussian RBF kernel employed by the CSK tracker. The detection step is performed by rst cropping out a grayscale patch z of size M \u00d7 N in the new frame. The detection scores are calculated as \u02c6y = F \u22121{AUz}, where Uz = F{uz} is the Fourier transformed kernel output uz(m, n) = \u03ba(zm,n, \u02c6x) of the example patch z. Here \u02c6x denotes the grayscale patch of the target appearance, which is learned over multiple frames. The target position in the new frame is then estimated by nding the translation that maximizes the score \u02c6y. The work of [9] showed that the kernel outputs ux and uz can be computed efciently using FFT:s. For more details, we refer to [9].",
                    "embedding": null,
                    "h": null,
                    "parent": {
                        "py/id": 16
                    },
                    "py/object": "tree.TextTree"
                }
            ],
            "content": "2. The CSK Tracker",
            "embedding": null,
            "h": null,
            "parent": {
                "py/id": 0
            },
            "py/object": "tree.TextTree"
        },
        {
            "c": null,
            "children": [
                {
                    "c": null,
                    "children": [],
                    "content": "To incorporate color information, we extend the CSK tracker to multi-dimensional color features by dening an appropriate kernel \u03ba. This is done by extending the L2norm in the RBF kernel to multi-dimensional features. The features extracted from an image patch are represented by a function x : {0, . . . , M \u2212 1} \u00d7 {0, . . . , N \u2212 1} \u2192 RD, where x(m, n) is a D-dimensional vector consisting of all the feature values at the location (m, n). In the conventional CSK tracker, a grayscale image patch is preprocessed by multiplying it with a Hann window. We apply the same procedure for each feature channel. The nal representation is obtained by stacking the luminance and color channels. 3.1. Color Attributes for Visual Tracking",
                    "embedding": null,
                    "h": null,
                    "parent": {
                        "py/id": 22
                    },
                    "py/object": "tree.TextTree"
                },
                {
                    "c": null,
                    "children": [],
                    "content": "The choice of color feature is crucial for the overall success of a visual tracker. Recently, color attributes [23] obtained excellent results for object recognition, object detection and action recognition [14, 13, 12]. Here, we investigate them for the visual tracking problem. Color attributes, or color names (CN), are linguistic color labels assigned by humans to represent colors in the world. In a linguistic study performed by Berlin and Kay [3], it was concluded that the English language contains eleven basic color terms: black, blue, brown, grey, green, orange, pink, purple, red, white and yellow. In the eld of computer vision, color naming is an operation that associates RGB observations with linguistic color labels. We use the mapping provided by [23], which is automatically learned from images retrieved with Google-image search. This maps the RGB values to a probabilistic 11 dimensional color representation which sums up to 1. The conventional CSK tracker normalizes the grayscale values to [\u22120.5, 0.5]. This counters the distortion due to the windowing operation, that affects the L2-distances in the kernel. We investigate two different normalization techniques for color names. In the rst case, the color names are centered by simply subtracting 1/11 from each color bin. This projects the color names to a 10-dimensional subspace, since the color bins sum up to zero. In the second case, the normalization is performed by projecting the color names to an orthonormal basis of this 10-dimensional subspace. This projection centers the color names and simultaneously reduces the dimensionality from 11 to 10. The choice of this orthonormal basis has no importance for the CSK tracker, as discussed in section 3.3. We found the second technique to obtain better performance and therefore use it to normalize the color names.till the current frame p. The cost function is constructed as the weighted average quadratic error over these frames. To keep the simplicity of the training and detection tasks, the solution is restricted to only contain one set of classier coefcients a. Each frame j is weighted with a constant \u03b2j \u2265 0. The total cost is then expressed as:m,n), wj(cid:105) \u2212 yj(m, n)|2+ (cid:19)",
                    "embedding": null,
                    "h": null,
                    "parent": {
                        "py/id": 22
                    },
                    "py/object": "tree.TextTree"
                },
                {
                    "c": null,
                    "children": [],
                    "content": "This cost function is minimized by,",
                    "embedding": null,
                    "h": null,
                    "parent": {
                        "py/id": 22
                    },
                    "py/object": "tree.TextTree"
                },
                {
                    "c": null,
                    "children": [],
                    "content": "As in (2), we dene the Fourier transformed kernel outm,n, xj). The put U j weights \u03b2j are set by using a learning rate parameter \u03b3. The total model is updated using (5). The numerator Ap N and denominator Ap D in (4) are updated separately. The object appearance \u02c6xp is updated as in the conventional CSK tracker.",
                    "embedding": null,
                    "h": null,
                    "parent": {
                        "py/id": 22
                    },
                    "py/object": "tree.TextTree"
                },
                {
                    "c": null,
                    "children": [],
                    "content": "N = (1 \u2212 \u03b3)Ap\u22121 Ap N + \u03b3Y pU p x D = (1 \u2212 \u03b3)Ap\u22121 Ap x (U p D + \u03b3U p x + \u03bb) \u02c6xp = (1 \u2212 \u03b3)\u02c6xp\u22121 + \u03b3xp",
                    "embedding": null,
                    "h": null,
                    "parent": {
                        "py/id": 22
                    },
                    "py/object": "tree.TextTree"
                },
                {
                    "c": null,
                    "children": [],
                    "content": "Note that this scheme allows the model to be updated without storing all the previous appearances. Only the current model {Ap D, \u02c6xp} needs to be saved. The model is then updated in each new frame using (5). This also ensures that the increase in computations has a negligible effect on the speed of the tracker. As in the conventional CSK, the learned appearance \u02c6xp is used to compute the detection scores \u02c6y for the next frame p + 1. 3.3. Low-dimensional Adaptive Color Attributes",
                    "embedding": null,
                    "h": null,
                    "parent": {
                        "py/id": 22
                    },
                    "py/object": "tree.TextTree"
                },
                {
                    "c": null,
                    "children": [],
                    "content": "The computational time of the CSK tracker scales linearly with the feature dimensions. This is a problem for high-dimensional color features such as color attributes. We propose to use an adaptive dimensionality reduction technique that preserves useful information while drastically reducing the number of color dimensions, thereby providing a signicant speed boost.",
                    "embedding": null,
                    "h": null,
                    "parent": {
                        "py/id": 22
                    },
                    "py/object": "tree.TextTree"
                },
                {
                    "c": null,
                    "children": [],
                    "content": "We formulate the problem of nding a suitable dimensionality reduction mapping for the current frame p, by minimizing a cost function of the form:",
                    "embedding": null,
                    "h": null,
                    "parent": {
                        "py/id": 22
                    },
                    "py/object": "tree.TextTree"
                },
                {
                    "c": null,
                    "children": [],
                    "content": "Where \u03b7p data is a data term that depends only on the current frame and \u03b7j smooth is a smoothness term associated with frame number j. The impact of the terms are controlled by the weights \u03b11, . . . , \u03b1p. Let \u02c6xp be the D1-dimensional learned appearance. The dimensionality reduction technique nds a D1 \u00d7 D2 projection matrix Bp with orthonormal column vectors. This matrix Bp is used to compute the new D2-dimensional feature map \u02dcxp of the appearance by the linear mapping p \u02c6xp(m, n),\u2200m, n. The data term consists \u02dcxp(m, n) = BT (cid:88) of the reconstruction error of the current appearance.",
                    "embedding": null,
                    "h": null,
                    "parent": {
                        "py/id": 22
                    },
                    "py/object": "tree.TextTree"
                },
                {
                    "c": null,
                    "children": [],
                    "content": "The minimization of the data term (7) corresponds to performing Principal Component Analysis (PCA) on the current appearance \u02c6xp. However, updating the projection matrix using only (7) deteriorates the quality of the target model, since the previously learned classier coefcients Ap become outdated.",
                    "embedding": null,
                    "h": null,
                    "parent": {
                        "py/id": 22
                    },
                    "py/object": "tree.TextTree"
                },
                {
                    "c": null,
                    "children": [],
                    "content": "To obtain a robust learning of the projection matrix, we add the smoothness terms in (6). Let Bj be a projection matrix that has been computed for an earlier frame (j < p). The smoothness term only adds a cost if the column vectors in the new projection matrix Bp and in the earlier projection matrix Bj do not span the same feature subspace. This is motivated by the fact that the inner product and RBF kernels are invariant under unitary operations. Therefore, the particular choice of basis is unimportant provided it spans the same feature subspace. The smoothness term is:",
                    "embedding": null,
                    "h": null,
                    "parent": {
                        "py/id": 22
                    },
                    "py/object": "tree.TextTree"
                },
                {
                    "c": null,
                    "children": [],
                    "content": "Eq. 8 is the reconstruction error of the earlier basis vectors Bj in the new basis Bp. The importance of each basis vector b(k) jtion (EVD) of the matrix Rp = \u03b1pCp +(cid:80)p\u22121in Bj is determined by a weight \u03bb(k) Using the data term (7) and smoothness terms (8), the total cost (6) is minimized under the constraint BT p Bp = I. This is done by performing an eigenvalue decomposij=1 \u03b1jBj\u039bjBT j . Here Cp is the covariance matrix of the current appearance and \u039bj is a D2 \u00d7 D2 diagonal matrix of the weights \u03bb(k) . The projection matrix Bp is selected as the D2 normalized eigenvectors of Rp that corresponds to the largest eigenvalues. We set the weight \u03bb(k) in (8) to the eigenvalue of Rj that corresponds to the basis vector b(k) . The weights \u03b1j in (6) are set using a learning rate parameter \u00b5. This ensures an efcient computation of the matrix Rp, without the need of storing all the previous matrices Bj and \u039bj. The procedure is summarized in Algorithm 1.",
                    "embedding": null,
                    "h": null,
                    "parent": {
                        "py/id": 22
                    },
                    "py/object": "tree.TextTree"
                },
                {
                    "c": null,
                    "children": [],
                    "content": "Algorithm 1 Adaptive projection matrix computation. Input:",
                    "embedding": null,
                    "h": null,
                    "parent": {
                        "py/id": 22
                    },
                    "py/object": "tree.TextTree"
                },
                {
                    "c": null,
                    "children": [],
                    "content": "Frame number p; Learned object appearance \u02c6xp Previous covariance matrix Qp\u22121; Parameters \u00b5, D2",
                    "embedding": null,
                    "h": null,
                    "parent": {
                        "py/id": 22
                    },
                    "py/object": "tree.TextTree"
                },
                {
                    "c": null,
                    "children": [],
                    "content": "Projection matrix Bp; Current covariance matrix Qp",
                    "embedding": null,
                    "h": null,
                    "parent": {
                        "py/id": 22
                    },
                    "py/object": "tree.TextTree"
                },
                {
                    "c": null,
                    "children": [],
                    "content": "Set R1 = C1 Set Rp = (1 \u2212 \u00b5)Qp\u22121 + \u00b5Cp",
                    "embedding": null,
                    "h": null,
                    "parent": {
                        "py/id": 22
                    },
                    "py/object": "tree.TextTree"
                },
                {
                    "c": null,
                    "children": [],
                    "content": "Set Q1 = B1\u039b1BT 1 Set Qp = (1 \u2212 \u00b5)Qp\u22121 + \u00b5Bp\u039bpBTp , with sorted eigenvalues in Sp",
                    "embedding": null,
                    "h": null,
                    "parent": {
                        "py/id": 22
                    },
                    "py/object": "tree.TextTree"
                }
            ],
            "content": "3. Coloring Visual Tracking",
            "embedding": null,
            "h": null,
            "parent": {
                "py/id": 0
            },
            "py/object": "tree.TextTree"
        },
        {
            "c": null,
            "children": [
                {
                    "c": null,
                    "children": [
                        {
                            "c": null,
                            "children": [],
                            "content": "In addition to evaluating tracking based on color attributes, we perform an extensive evaluation of other color representations. The motivations of these color features vary from photometric invariance and discriminative power to biologically inspired color representations. RGB: As a baseline algorithm we use the standard 3channel RGB color space. LAB: The LAB color space is perceptually uniform, meaning that colors at equal distance are also perceptually considered to be equally far apart. YCbCr: YCbCr are approximately perceptually uniform, and commonly used in image compression algorithms. rg: The rg color channels are the rst of a number of photometric invariant color representations which we consider. and They are computed with (r, g) = are invariant with respect to shadow and shading effects. HSV: In the HSV color space, H and S are invariant for shadow-shading and in addition H also for specularities.proposed learning method using median distance precision (DP) (%). Our method improves the performance on most of the color approaches. The best results are obtained with color names using the proposed learning method.",
                            "embedding": null,
                            "h": null,
                            "parent": {
                                "py/id": 60
                            },
                            "py/object": "tree.TextTree"
                        },
                        {
                            "c": null,
                            "children": [],
                            "content": "Method Dimensions median DP median CLE median FPScolor names (CN). We provide both median DP (%) and CLE (in pixels) results. Note that CN2 provides a signicant gain in speed with a minor loss in accuracy. Opponent: The image is transformed according to:",
                            "embedding": null,
                            "h": null,
                            "parent": {
                                "py/id": 60
                            },
                            "py/object": "tree.TextTree"
                        },
                        {
                            "c": null,
                            "children": [],
                            "content": "This representation is invariant with respect to specularities. C: The C color representation adds photometric invariants with respect to shadow-shading to the opponent descriptor by normalizing with the intensity. This is done according to",
                            "embedding": null,
                            "h": null,
                            "parent": {
                                "py/id": 60
                            },
                            "py/object": "tree.TextTree"
                        },
                        {
                            "c": null,
                            "children": [],
                            "content": "C =(cid:0) O1 O3 O3 (cid:1)T [21]. tion [22] of H = arctan(cid:0) O1",
                            "embedding": null,
                            "h": null,
                            "parent": {
                                "py/id": 60
                            },
                            "py/object": "tree.TextTree"
                        },
                        {
                            "c": null,
                            "children": [],
                            "content": "HUE: The hue is a 36-dimensional histogram representa",
                            "embedding": null,
                            "h": null,
                            "parent": {
                                "py/id": 60
                            },
                            "py/object": "tree.TextTree"
                        },
                        {
                            "c": null,
                            "children": [],
                            "content": "O12 + O22 to togram is done with the saturation S = counter the instabilities of the hue representation. This representation is invariant to shadow-shading and specularities. Opp-Angle: The Opp-Angle is a 36-dimensional histogram representation [22] based on angO , where the subscript x denotes the spatial derivative. It is invariant to specularities, shadow-shading and blur. SO: Finally, we consider the bio-inspired descriptor of Zhang et al. [26]. This color representation is based on center surround lters on the opponent color channels.",
                            "embedding": null,
                            "h": null,
                            "parent": {
                                "py/id": 60
                            },
                            "py/object": "tree.TextTree"
                        },
                        {
                            "c": null,
                            "children": [],
                            "content": "SCM [28] EDFT [6] CSK [9] DFT [20] CXT [5] CPF [19] LSHT [8]",
                            "embedding": null,
                            "h": null,
                            "parent": {
                                "py/id": 60
                            },
                            "py/object": "tree.TextTree"
                        },
                        {
                            "c": null,
                            "children": [],
                            "content": "Median CLE Median DP Median FPS",
                            "embedding": null,
                            "h": null,
                            "parent": {
                                "py/id": 60
                            },
                            "py/object": "tree.TextTree"
                        },
                        {
                            "c": null,
                            "children": [],
                            "content": "Struck [7] CN2 CN 13.8 81.4 78.9are reported in both median distance precision (DP) and center location error (CLE).4 We also provide the median frames per second (FPS). The best two results are shown in red and blue fonts. The two proposed approaches CN and CN2 achieve the best performance. Note that our CN2 approach is the second best both in terms of speed and accuracy.",
                            "embedding": null,
                            "h": null,
                            "parent": {
                                "py/id": 60
                            },
                            "py/object": "tree.TextTree"
                        }
                    ],
                    "content": "4.2. Color Features",
                    "embedding": null,
                    "h": null,
                    "parent": {
                        "py/id": 58
                    },
                    "py/object": "tree.TextTree"
                },
                {
                    "c": null,
                    "children": [
                        {
                            "c": null,
                            "children": [],
                            "content": "Table 1 shows the results5 of the color features discussed in section 4.2. All color representations are appropriately normalized. We add an intensity channel to color representations with no luminance component. The intensity channel is computed using the Matlab\u2019s \u201crgb2gray\u201d function. The conventional CSK tracker with intensity alone provides a median distance precision (DP) of 54.5%. The 36 dimensional HUE and Opp-Angle obtain inferior results. The best results are achieved by using the 10 dimensional color names (CN) with a signicant gain of 19.5% over the conventional CSK tracker. Similarly, the intensity-based CSK tracker provides a median center location error (CLE) of 50.3 pixels. Again, the best results are obtained using color names with a median CLE of 16.9 pixels.",
                            "embedding": null,
                            "h": null,
                            "parent": {
                                "py/id": 80
                            },
                            "py/object": "tree.TextTree"
                        },
                        {
                            "c": null,
                            "children": [],
                            "content": "In summary, color does improve the performance when combined with luminance. However, a careful choice of color features is crucial to obtain a signicant performance gain. The best results are obtained using CN. 4.4. Experiment 2: Robust Update Scheme",
                            "embedding": null,
                            "h": null,
                            "parent": {
                                "py/id": 80
                            },
                            "py/object": "tree.TextTree"
                        },
                        {
                            "c": null,
                            "children": [],
                            "content": "This experiment shows the impact of the proposed update scheme for multi-channel color features. We refer to the color features as a combination of color and intensity channels from here onwards. Figure 2 shows the performance gain in median distance precision obtained using the proposed update scheme5. In 9 out of 11 evaluated color features, the proposed update scheme improves the performance of the tracker. The improvement is especially apparent for high dimensional color features such as HUE and opp-Angle. Consequently, the best performance is again achieved using CN, where the results are improved from 74% to 81.4% with the new update scheme. 4.5. Experiment 3: Low-dimensional Adaptive",
                            "embedding": null,
                            "h": null,
                            "parent": {
                                "py/id": 80
                            },
                            "py/object": "tree.TextTree"
                        },
                        {
                            "c": null,
                            "children": [],
                            "content": "As mentioned earlier, the computational cost of a tracker is a crucial factor for most real-world applications. However, a low computational cost is desirable without a significant loss in accuracy. In this paper, we also propose lowdimensional adaptive color attributes. The dimensionalitysequences. Per video results are provided in the supplementary material.reduction technique introduced in section 3.3, is applied to compress the 10 dimensional color names to only 2 dimensions6. Table 2 shows the results obtained using the proposed low-dimensional adaptive color attributes (CN2) and its comparison with the color names. The results clearly show that CN2 provides a signicant gain in speed while maintaining competitive performance. 4.6. Comparison with State-of-the-art",
                            "embedding": null,
                            "h": null,
                            "parent": {
                                "py/id": 80
                            },
                            "py/object": "tree.TextTree"
                        },
                        {
                            "c": null,
                            "children": [],
                            "content": "We compare our method with 15 different state-of-theart trackers shown to provide excellent results in literature. The trackers used for comparison are: CT [27], TLD [11], DFT [20], EDFT [6], ASLA [10], L1APG [2], CSK [9], SCM [28], LOT [18], CPF [19], CXT [5], Frag [1], Struck [7], LSHT [8] and LSST [24]. The code or binaries for all trackers except LSST, LSHT and EDFT, are provided with the benchmark evaluation2.",
                            "embedding": null,
                            "h": null,
                            "parent": {
                                "py/id": 80
                            },
                            "py/object": "tree.TextTree"
                        },
                        {
                            "c": null,
                            "children": [],
                            "content": "Table 3 shows a comparison with the mentioned state-ofthe-art methods on 41 challenging sequences using median CLE and DP. We also report the speed in median frames per second (FPS). The best two results are shown in red and blue fonts respectively. Our approach CN signicantly improves the baseline intensity-based CSK tracker with a relative reduction in the median CLE by 72%. Moreover, our CN tracker improves the median DP of the baseline methodfrom 54.5% to 81.4%. Struck, which has shown to obtain the best performance in a recent evaluation [25], also outperforms the other existing methods in our evaluation. Despite the simplicity of our CN tracker, it outperforms Struck by 10% in median DP while operating at more than 7 times higher frame rate. Finally, the results also show that our CN2 tracker further improves the speed (over 100 in median FPS) without signicant loss in accuracy.",
                            "embedding": null,
                            "h": null,
                            "parent": {
                                "py/id": 80
                            },
                            "py/object": "tree.TextTree"
                        },
                        {
                            "c": null,
                            "children": [],
                            "content": "Figure 3 shows the precision and success plots containing the mean distance and overlap precision over all the 41 sequences. The values in the legend are the mean DP at 20 pixels and the AUC respectively. Only the top 10 trackers are displayed for clarity. In the precision plot, the two best methods are CN and CN2 proposed in this paper. Our CN method outperforms Struck by 3.5% and the baseline CSK tracker by 14.8% in mean distance precision at the threshold of 20 pixels. It is worthy to mention that the baseline CSK tracker does not estimate scale variations. Despite this inherent limitation, our two approaches provide promising results compared to state-of-the-art methods in mean overlap precision (success plot). Figure 4 shows a frame-byframe comparison of our CN2 tracker with existing trackers in terms of central-pixel errors on 5 example sequences. Our approach performs favorably compared to other trackers on these sequences. Robustness to Initialization: It is known that visual trackers can be sensitive to initialization. To evaluate the initialization robustness, we follow the protocol proposed in the benchmark evaluation [25]. The trackers are evaluated by initializing both at different frames (referred to as temporal robustness, TRE) and at different positions (referred to as spatial robustness, SRE). For SRE, 12 different initializations are evaluated for each sequence, where as for TRE each sequence is partitioned into 20 segments.",
                            "embedding": null,
                            "h": null,
                            "parent": {
                                "py/id": 80
                            },
                            "py/object": "tree.TextTree"
                        },
                        {
                            "c": null,
                            "children": [],
                            "content": "We select the top 5 existing trackers in the distance and overlap precision plots (Figure 3) for TRE and SRE experiments. The results comparing our approach with the selected trackers are shown in Figure 5. In both evaluations, our CN and CN2 trackers obtain the best results.",
                            "embedding": null,
                            "h": null,
                            "parent": {
                                "py/id": 80
                            },
                            "py/object": "tree.TextTree"
                        },
                        {
                            "c": null,
                            "children": [],
                            "content": "We also evaluated the trackers according to the VOT challenge7 evaluation methodology, which is similar to theachieve the best performance in both evaluations.",
                            "embedding": null,
                            "h": null,
                            "parent": {
                                "py/id": 80
                            },
                            "py/object": "tree.TextTree"
                        },
                        {
                            "c": null,
                            "children": [],
                            "content": "TRE criterion. On the 41 sequences, the mean number of tracking failures is lower (1.05) for our approach than for Struck (2.64). Attribute-based Evaluation: Several factors can affect the performance of a visual tracker. In the recent benchmark evaluation [25], the sequences are annotated with 11 different attributes, namely: illumination variation, scale variation, occlusion, deformation, motion blur, fast motion, in-plane rotation, out-of-plane rotation, out-of-view, background clutter and low resolution. We perform a comparison with other methods on the 35 sequences annotated with respect to the aforementioned attributes [25]. Our approach performs favorably on 7 out of 11 attributes: background clutter, motion blur, deformation, illumination variation, inplane rotation, out-of-plane rotation and occlusions.",
                            "embedding": null,
                            "h": null,
                            "parent": {
                                "py/id": 80
                            },
                            "py/object": "tree.TextTree"
                        },
                        {
                            "c": null,
                            "children": [],
                            "content": "Figure 6 shows example precision plots of different attributes. Only the top 10 trackers are displayed for clarity. For illumination variation sequences, both CN and CN2 provide superior results compared to existing methods. This is due to the fact that color attributes possess a certain degree of photometric invariance while preserving discriminative power. Currently our tracker does not account for out-ofview cases, where the LOT tracker provides the best results.",
                            "embedding": null,
                            "h": null,
                            "parent": {
                                "py/id": 80
                            },
                            "py/object": "tree.TextTree"
                        }
                    ],
                    "content": "4.3. Experiment 1: Color Feature Evaluation",
                    "embedding": null,
                    "h": null,
                    "parent": {
                        "py/id": 58
                    },
                    "py/object": "tree.TextTree"
                }
            ],
            "content": "4. Experiments",
            "embedding": null,
            "h": null,
            "parent": {
                "py/id": 0
            },
            "py/object": "tree.TextTree"
        },
        {
            "c": null,
            "children": [
                {
                    "c": null,
                    "children": [],
                    "content": "We propose to use color attributes for tracking. We extend the learning scheme for the CSK tracker to multichannel color features. Furthermore, we propose a lowdimensional adaptive extension of color attributes. Several existing trackers provide promising accuracy at the cost ofsignicantly lower frame-rates. However, speed is a crucial factor for many real-world applications such as robotics and real-time surveillance. Our approach maintains stateof-the-art accuracy while operating at over 100 FPS. This makes it especially suitable for real-time applications.",
                    "embedding": null,
                    "h": null,
                    "parent": {
                        "py/id": 104
                    },
                    "py/object": "tree.TextTree"
                },
                {
                    "c": null,
                    "children": [],
                    "content": "Even though color was frequently used in early tracking literature, most recent works predominantly apply simple color transformations. This paper demonstrates the importance of carefully selecting the color transformation and we hope that this work motivates researchers to see the incorporation of color as an integral part of their tracker design. Acknowledgments: This work has been supported by SSF through a grant for the project CUAS, by VR through a grant for the project ETT, through the Strategic Area for ICT research ELLIIT, and CADICS. References [1] A. Adam, E. Rivlin, and Shimshoni. Robust fragments-basedtracking using the integral histogram. In CVPR, 2006. 6using accelerated proximal gradient approach. 2012. 1, 6and Evolution. UC Press, Berkeley, CA, 1969. 3channel representations. In ICCV Workshop, 2013. 1, 6tracking with kernels. In ICCV, 2011. 1, 2, 6strapping binary classiers by structural constraints. CVPR, 2010. 1, 6tive color-based particle lter. IVC, 21(1):99\u2013110, 2003. 1derless tracking. In CVPR, 2012. 1, 6probabilistic tracking. In ECCV, 2002. 1, 6for tracking. In CVPR, 2012. 1, 6traction. In ECCV, 2006. 1, 5squares tracking. In CVPR, 2013. 6benchmark. In CVPR, 2013. 2, 4, 5, 7spired color image descriptor. In ECCV, 2012. 1, 5tracking. In ECCV, 2012. 1, 6via sparsity-based collaborative model. In CVPR, 2012. 6",
                    "embedding": null,
                    "h": null,
                    "parent": {
                        "py/id": 104
                    },
                    "py/object": "tree.TextTree"
                }
            ],
            "content": "5. Conclusions",
            "embedding": null,
            "h": null,
            "parent": {
                "py/id": 0
            },
            "py/object": "tree.TextTree"
        }
    ],
    "content": "Adaptive Color Attributes for Real-Time Visual Tracking",
    "embedding": null,
    "h": null,
    "parent": null,
    "py/object": "tree.TextTree"
}