{
    "c": null,
    "children": [
        {
            "c": null,
            "children": [
                {
                    "c": null,
                    "children": [],
                    "content": "Robust and accurate visual tracking is one of the most challenging computer vision problems. Due to the inherent lack of training data, a robust approach for constructing a target appearance model is crucial. Recently, discriminatively learned correlation lters (DCF) have been successfully applied to address this problem for tracking. These methods utilize a periodic assumption of the training samples to efciently learn a classier on all patches in the target neighborhood. However, the periodic assumption also introduces unwanted boundary effects, which severely degrade the quality of the tracking model.",
                    "embedding": null,
                    "h": null,
                    "parent": {
                        "py/id": 2
                    },
                    "py/object": "tree.TextTree"
                },
                {
                    "c": null,
                    "children": [],
                    "content": "We propose Spatially Regularized Discriminative Correlation Filters (SRDCF) for tracking. A spatial regularization component is introduced in the learning to penalize correlation lter coefcients depending on their spatial location. Our SRDCF formulation allows the correlation lters to be learned on a signicantly larger set of negative training samples, without corrupting the positive samples. We further propose an optimization strategy, based on the iterative Gauss-Seidel method, for efcient online learning of our SRDCF. Experiments are performed on four benchmark datasets: OTB-2013, ALOV++, OTB-2015, and VOT2014. Our approach achieves state-of-the-art results on all four datasets. On OTB-2013 and OTB-2015, we obtain an absolute gain of 8.0% and 8.2% respectively, in mean overlap precision, compared to the best existing trackers.",
                    "embedding": null,
                    "h": null,
                    "parent": {
                        "py/id": 2
                    },
                    "py/object": "tree.TextTree"
                }
            ],
            "content": "Abstract",
            "embedding": null,
            "h": null,
            "parent": {
                "py/id": 0
            },
            "py/object": "tree.TextTree"
        },
        {
            "c": null,
            "children": [
                {
                    "c": null,
                    "children": [],
                    "content": "Visual tracking is a classical computer vision problem with many applications. In generic tracking the task is to estimate the trajectory of a target in an image sequence, given only its initial location. This problem is especially challenging. The tracker must generalize the target appearance from a very limited set of training samples to achieve robustness against, e.g. occlusions, fast motion and deformations. Here, we investigate the key problem of learning a robust appearance model under these conditions.",
                    "embedding": null,
                    "h": null,
                    "parent": {
                        "py/id": 8
                    },
                    "py/object": "tree.TextTree"
                },
                {
                    "c": null,
                    "children": [],
                    "content": "Figure 1. Example image (a) and the underlying periodic assumption (b) employed in the standard DCF methods. The periodic assumption (b) leads to a limited set of negative training samples, that fails to capture the true image content (a). As a consequence, an inaccurate tracking model is learned.approaches [5, 8, 10, 19, 20, 24] have successfully been applied to the tracking problem [23]. These methods learn a correlation lter from a set of training samples. The correlation lter is trained to perform a circular sliding window operation on the training samples. This corresponds to assuming a periodic extension of these samples (see gure 1). The periodic assumption enables efcient training and detection by utilizing the Fast Fourier Transform (FFT).",
                    "embedding": null,
                    "h": null,
                    "parent": {
                        "py/id": 8
                    },
                    "py/object": "tree.TextTree"
                },
                {
                    "c": null,
                    "children": [],
                    "content": "As discussed above, the computational efciency of the standard DCF originates from the periodic assumption at both training and detection. However, this underlying assumption produces unwanted boundary effects. This leads to an inaccurate representation of the image content, since the training patches contain periodic repetitions. The induced boundary effects mainly limit the standard DCF formulation in two important aspects. Firstly, inaccurate negative training patches reduce the discriminative power of the learned model. Secondly, the detection scores are only accurate near the center of the region, while the remaining scores are heavily in\ufb02uenced by the periodic repetitions of the detection sample. This leads to a very restricted target search region at the detection step.",
                    "embedding": null,
                    "h": null,
                    "parent": {
                        "py/id": 8
                    },
                    "py/object": "tree.TextTree"
                },
                {
                    "c": null,
                    "children": [],
                    "content": "Recently, Discriminative Correlation Filter (DCF) based",
                    "embedding": null,
                    "h": null,
                    "parent": {
                        "py/id": 8
                    },
                    "py/object": "tree.TextTree"
                },
                {
                    "c": null,
                    "children": [],
                    "content": "The aforementioned limitations of the standard DCF formulation hamper the tracking performance in several ways. (a) The DCF based trackers struggle in cases with fast target motion due to the restricted search region. (b) The lack of negative training patches leads to over-tting of the learned model, signicantly affecting the performance in cases with e.g. target deformations. (c) The mentioned limitations in training and detection also reduce the potential of the tracker to re-detect the target after an occlusion. (d) A naive expansion of the image area used for training the correlation lter corresponds to using a larger periodicity (see gure 1). Such an expansion results in an inclusion of substantial amount of background information within the positive training samples. These corrupted training samples severely degrade the discriminative power of the model, leading to inferior tracking results. In this work, we tackle these inherent problems by re-visiting the standard DCF formulation.",
                    "embedding": null,
                    "h": null,
                    "parent": {
                        "py/id": 8
                    },
                    "py/object": "tree.TextTree"
                },
                {
                    "c": null,
                    "children": [],
                    "content": "In this paper, we propose Spatially Regularized Discriminative Correlation Filters (SRDCF) for tracking. We introduce a spatial regularization component within the DCF formulation, to address the problems induced by the periodic assumption. The proposed regularization weights penalize the correlation lter coefcients during learning. The spatial weights are based on the a priori information about the spatial extent of the lter. Due to the spatial regularization, the correlation lter can be learned on larger image regions. This enables a larger set of negative patches to be included in the training, leading to a more discriminative model.",
                    "embedding": null,
                    "h": null,
                    "parent": {
                        "py/id": 8
                    },
                    "py/object": "tree.TextTree"
                },
                {
                    "c": null,
                    "children": [],
                    "content": "Due to the online nature of the tracking problem, a computationally efcient learning scheme is crucial. Therefore, we introduce a suitable optimization strategy for the proposed SRDCF. The online capability is achieved by exploiting the sparsity of the spatial regularization function in the Fourier domain. We propose to apply the iterative GaussSeidel method to solve the resulting normal equations. Additionally, we introduce a strategy to maximize the detection scores with sub-grid precision.",
                    "embedding": null,
                    "h": null,
                    "parent": {
                        "py/id": 8
                    },
                    "py/object": "tree.TextTree"
                },
                {
                    "c": null,
                    "children": [],
                    "content": "We perform comprehensive experiments on four benchmark datasets: OTB-2013 [33] with 50 videos, ALOV++ [30] with 314 videos, VOT2014 [23] with 25 videos and OTB-2015 [34] with 100 videos. Compared to the best existing trackers, our approach obtains an absolute gain of 8.0% and 8.2% on OTB-2013 and OTB-2015 respectively, in mean overlap precision. Our method also achieves the best overall results on ALOV++ and VOT2014. Additionally, our tracker won the OpenCV State of the Art Vision Challenge in tracking [25] (there termed DCFSIR).",
                    "embedding": null,
                    "h": null,
                    "parent": {
                        "py/id": 8
                    },
                    "py/object": "tree.TextTree"
                }
            ],
            "content": "1. Introduction",
            "embedding": null,
            "h": null,
            "parent": {
                "py/id": 0
            },
            "py/object": "tree.TextTree"
        },
        {
            "c": null,
            "children": [
                {
                    "c": null,
                    "children": [
                        {
                            "c": null,
                            "children": [],
                            "content": "In the DCF formulation, the aim is to learn a multichannel convolution1 lter f from a set of training examples {(xk, yk)}t k=1. Each training sample xk consists of a d-dimensional feature map extracted from an image re",
                            "embedding": null,
                            "h": null,
                            "parent": {
                                "py/id": 28
                            },
                            "py/object": "tree.TextTree"
                        },
                        {
                            "c": null,
                            "children": [],
                            "content": "Figure 2. Visualization of the spatial regularization weights w employed in the learning of our SRDCF, and the corresponding image region used for training. Filter coefcients residing in the background region are penalized by assigning higher weights in w. This signicantly mitigates the emphasis on background information in the learned classier.",
                            "embedding": null,
                            "h": null,
                            "parent": {
                                "py/id": 28
                            },
                            "py/object": "tree.TextTree"
                        }
                    ],
                    "content": "2.1. Standard DCF Training and Detection",
                    "embedding": null,
                    "h": null,
                    "parent": {
                        "py/id": 26
                    },
                    "py/object": "tree.TextTree"
                },
                {
                    "c": null,
                    "children": [
                        {
                            "c": null,
                            "children": [],
                            "content": "The desired lter f consists of one M \u00d7 N convolution lter f l per feature layer. The convolution response of the lter f on a M \u00d7 N sample x is given by xl \u2217 f l.",
                            "embedding": null,
                            "h": null,
                            "parent": {
                                "py/id": 34
                            },
                            "py/object": "tree.TextTree"
                        },
                        {
                            "c": null,
                            "children": [],
                            "content": "Here, \u2217 denotes circular convolution. The lter is obtained by minimizing the L2-error between the responses Sf (xk) on the training samples xk, and the labels yk,",
                            "embedding": null,
                            "h": null,
                            "parent": {
                                "py/id": 34
                            },
                            "py/object": "tree.TextTree"
                        },
                        {
                            "c": null,
                            "children": [],
                            "content": "Here, the weights \u03b1k \u2265 0 determine the impact of each training sample and \u03bb \u2265 0 is the weight of the regularization term. Eq. 2 is a linear least squares problem. Using Parseval\u2019s formula, it can be transformed to the Fourier domain, where the resulting normal equations have a block diagonal structure. The Discrete Fourier Transformed (DFT)lters \u02c6f l = F{f l} can then be obtained by solving M N number of d \u00d7 d linear equation systems [13]. For efciency reasons, the learned DCF is typically applied in a sliding-window-like manner by evaluating the classication scores on all cyclic shifts of a test sample. Let z denote the M \u00d7 N feature map extracted from an image region. The classication scores Sf (z) at all locations in this image region can be computed using the convolution property of the DFT,",
                            "embedding": null,
                            "h": null,
                            "parent": {
                                "py/id": 34
                            },
                            "py/object": "tree.TextTree"
                        },
                        {
                            "c": null,
                            "children": [],
                            "content": "Sf (z) = F \u22121( d Xl=1",
                            "embedding": null,
                            "h": null,
                            "parent": {
                                "py/id": 34
                            },
                            "py/object": "tree.TextTree"
                        },
                        {
                            "c": null,
                            "children": [],
                            "content": "Here, \u00b7 denotes point-wise multiplication, the hat denotes the DFT of a function and F \u22121 denotes the inverse DFT. The FFT hence allows the detection scores to be computedin O(dM N log M N ) complexity instead of O(dM 2N 2). Note that the operation Sf (x) in (1) corresponds to applying the linear classier f , in a sliding window fashion, to the periodic extension of the sample x (see gure 1). This introduces unwanted periodic boundary effects in the training (2) and detection (3) steps.",
                            "embedding": null,
                            "h": null,
                            "parent": {
                                "py/id": 34
                            },
                            "py/object": "tree.TextTree"
                        }
                    ],
                    "content": "3.1. Spatial Regularization",
                    "embedding": null,
                    "h": null,
                    "parent": {
                        "py/id": 26
                    },
                    "py/object": "tree.TextTree"
                }
            ],
            "content": "2. Discriminative Correlation Filters",
            "embedding": null,
            "h": null,
            "parent": {
                "py/id": 0
            },
            "py/object": "tree.TextTree"
        },
        {
            "c": null,
            "children": [
                {
                    "c": null,
                    "children": [],
                    "content": "We propose to use a spatial regularization component in the standard DCF formulation. The resulting optimization problem is solved in the Fourier domain, by exploiting the sparse nature of the proposed regularization.",
                    "embedding": null,
                    "h": null,
                    "parent": {
                        "py/id": 46
                    },
                    "py/object": "tree.TextTree"
                },
                {
                    "c": null,
                    "children": [],
                    "content": "To alleviate the problems induced by the circular convolution in (1), we replace the regularization term in (2) with a more general Tikhonov regularization. We introduce a spatial weight function w : \u2126 \u2192 R used to penalize the magnitude of the lter coefcients in the learning. The regularization weights w determine the importance of the lter coefcients f l, depending on their spatial locations. Coefcients in f l residing outside the target region are suppressed by assigning higher weights in w and vice versa. The resulting optimization problem is expressed as,",
                    "embedding": null,
                    "h": null,
                    "parent": {
                        "py/id": 46
                    },
                    "py/object": "tree.TextTree"
                },
                {
                    "c": null,
                    "children": [],
                    "content": "The regularization weights w in (4) are visualized in gure 2. Visual features close to the target edge are often less reliable than those close to the target center, due to e.g. target rotations and occlusions. We therefore let the regularization weights change smoothly from the target region to the background. This also increases the sparsity of w in the Fourier domain. Note that (4) simplies to the standard DCF (2) for uniform weights w(m, n) = \u221a\u03bb.",
                    "embedding": null,
                    "h": null,
                    "parent": {
                        "py/id": 46
                    },
                    "py/object": "tree.TextTree"
                },
                {
                    "c": null,
                    "children": [],
                    "content": "By applying Parseval\u2019s theorem to (4), the lter f can equivalently be obtained by minimizing the resulting loss function (5) over the DFT coefcients \u02c6f ,",
                    "embedding": null,
                    "h": null,
                    "parent": {
                        "py/id": 46
                    },
                    "py/object": "tree.TextTree"
                },
                {
                    "c": null,
                    "children": [],
                    "content": "The second term in (5) follows from the convolution property of the inverse DFT. A vectorization of (5) gives,k\u00b7 \u02c6f l\u2212 \u02c6yk(cid:13)(cid:13)(cid:13)(cid:13)(cid:13) k)\u02c6f l\u2212\u02c6yk(cid:13)(cid:13)(cid:13)(cid:13)(cid:13)",
                    "embedding": null,
                    "h": null,
                    "parent": {
                        "py/id": 46
                    },
                    "py/object": "tree.TextTree"
                },
                {
                    "c": null,
                    "children": [],
                    "content": "Xl=1(cid:13)(cid:13)(cid:13)(cid:13)(cid:13) M N \u2217 \u02c6f l(cid:13)(cid:13)(cid:13)(cid:13)(cid:13) \u02c6f l(cid:13)(cid:13)(cid:13)(cid:13)(cid:13) Xl=1(cid:13)(cid:13)(cid:13)(cid:13)(cid:13)",
                    "embedding": null,
                    "h": null,
                    "parent": {
                        "py/id": 46
                    },
                    "py/object": "tree.TextTree"
                },
                {
                    "c": null,
                    "children": [],
                    "content": "Figure 3. Visualization of the lter coefcients learned using the standard DCF (a) and our approach (b). The surface plots show the lter values f l and the corresponding image region used for training. In the standard DCF, high values are assigned to the background region. The larger in\ufb02uence of background information at the detection stage deteriorates tracking performance. In our approach, the regularization weights penalizes lter values corresponding to features in the background. This increases the discriminative power of the learned model, by emphasizing the appearance information within the target region (green box).",
                    "embedding": null,
                    "h": null,
                    "parent": {
                        "py/id": 46
                    },
                    "py/object": "tree.TextTree"
                },
                {
                    "c": null,
                    "children": [],
                    "content": "Here, bold letters denote a vectorization of the corresponding scalar valued functions and D(v) denotes the diagonal matrix with the elements of the vector v in its diagonal. The M N \u00d7 M N matrix C( \u02c6w) represents circular 2Dconvolution with the function \u02c6w, i.e. C( \u02c6w)\u02c6f l = vec( \u02c6w\u2217 \u02c6f l). Each row in C( \u02c6w) thus contains a cyclic permutation of \u02c6w. The DFT of a real-valued function is known to be Hermitian symmetric. Therefore, minimizing (4) over the set of real-valued lters f l, corresponds to minimizing (5) over the set of Hermitian symmetric DFT coefcients \u02c6f l. We reformulate (6) to an equivalent real-valued optimization problem, to ensure faster convergence by preserving the Hermitian symmetry. Let \u03c1 : \u2126 \u2192 \u2126 be the point-re\ufb02ection \u03c1(m, n) = (\u2212m mod M,\u2212n mod N ). The domain \u2126 can be partitioned into \u21260, \u2126+ and \u2126\u2212, where \u21260 = \u03c1(\u21260) and \u2126\u2212 = \u03c1(\u2126+). Thus, \u21260 denote the part of the spectrum with no corresponding re\ufb02ected frequency, and \u2126\u2212 contains the re\ufb02ected frequencies in \u2126+. We dene,such that \u02dcf l is real-valued by the Hermitian symmetry of \u02c6f l. Here, i denotes the imaginary unit. Eq. 7 can be expressed by a unitary M N \u00d7 M N matrix B such that \u02dcf l = B\u02c6f l. By (7), B contains at most two non-zero entries in each row. The reformulated variables from (6) are dened as \u02dcyk = B\u02c6yk, Dl M N BC( \u02c6w)BH, where H denotes the conjugate transpose of a matrix. Since B is unitary, (6) can equivalently be expressed as,",
                    "embedding": null,
                    "h": null,
                    "parent": {
                        "py/id": 46
                    },
                    "py/object": "tree.TextTree"
                },
                {
                    "c": null,
                    "children": [],
                    "content": "All variables in (8) are real-valued. The loss function (8) isthen simplied by dening the fully vectorized real-valuedlter as the concatenation \u02dcf =(cid:0)(\u02dcf 1)T \u00b7\u00b7\u00b7 (\u02dcf d)T(cid:1)T W\u02dcf(cid:13)(cid:13)(cid:13)",
                    "embedding": null,
                    "h": null,
                    "parent": {
                        "py/id": 46
                    },
                    "py/object": "tree.TextTree"
                },
                {
                    "c": null,
                    "children": [],
                    "content": "Here we have dened the concatenation Dk = (D1 k \u00b7\u00b7\u00b7 Dd k) and W to be the dM N \u00d7 dM N block diagonal matrix with each diagonal block being equal to C. Finally, (9) is minimized by solving the normal equations At",
                    "embedding": null,
                    "h": null,
                    "parent": {
                        "py/id": 46
                    },
                    "py/object": "tree.TextTree"
                },
                {
                    "c": null,
                    "children": [],
                    "content": "Here, (10) denes a real dM N \u00d7 dM N linear system of equations. The fraction of non-zero elements in At is smaller than 2d+K 2 dM N , where K is the number of non-zero Fourier coefcients in \u02c6w. Thus, At is sparse if w has a sparse spectrum. The DFT coefcients for the lters are obtained by solving the system (10) and applying \u02c6f l = BH\u02dcf l. Figure 3 visualizes the lter learned by optimizing the standard DCF loss (2) and the proposed formulation (4), using the spatial regularization weights w in gure 2. In the standard DCF, large values are spatially distributed over the whole lter. By penalizing lter coefcients corresponding to background, our approach learns a classier that emphasizes visual information within the target region.",
                    "embedding": null,
                    "h": null,
                    "parent": {
                        "py/id": 46
                    },
                    "py/object": "tree.TextTree"
                },
                {
                    "c": null,
                    "children": [],
                    "content": "A direct application of a sparse solver to the normal \u02dcf = \u02dcbt is computationally very demanding equations At (even when the standard regularization W TW = \u03bbI is used and the number of features is small (d > 2)). Next, we propose an efcient optimization scheme to solve the normal equations for online learning scenarios, such as tracking.",
                    "embedding": null,
                    "h": null,
                    "parent": {
                        "py/id": 46
                    },
                    "py/object": "tree.TextTree"
                },
                {
                    "c": null,
                    "children": [],
                    "content": "For the standard DCF formulation (2) the normal equations have a block diagonal structure [13]. However, this block structure is not attainable in our case due to the structure of the regularization matrix W TW in (10a). We propose an iterative approach, based on the Gauss-Seidel, for efcient online computation of the lter coefcients.",
                    "embedding": null,
                    "h": null,
                    "parent": {
                        "py/id": 46
                    },
                    "py/object": "tree.TextTree"
                },
                {
                    "c": null,
                    "children": [],
                    "content": "The Gauss-Seidel method decomposes the matrix At into a lower triangular part Lt and a strictly upper triangular part Ut such that At = Lt + Ut. The algorithm then proceeds by solving the following triangular system for \u02dcf (j) in each iteration j = 1, 2, . . .,",
                    "embedding": null,
                    "h": null,
                    "parent": {
                        "py/id": 46
                    },
                    "py/object": "tree.TextTree"
                },
                {
                    "c": null,
                    "children": [],
                    "content": "This lower triangular equation system is solved efciently using forward substitution and by exploiting the sparsity of Lt and Ut. The Gauss-Seidel recursion (11) converges to \u02dcf = \u02dcb whenever the matrix At is symmetthe solution of At ric and positive denite. The construction of the weights w (see section 5.1) ensures that both conditions are satised.",
                    "embedding": null,
                    "h": null,
                    "parent": {
                        "py/id": 46
                    },
                    "py/object": "tree.TextTree"
                }
            ],
            "content": "3. Spatially Regularized Correlation Filters",
            "embedding": null,
            "h": null,
            "parent": {
                "py/id": 0
            },
            "py/object": "tree.TextTree"
        },
        {
            "c": null,
            "children": [
                {
                    "c": null,
                    "children": [],
                    "content": "Here, we describe our tracking framework, based on the Spatially Regularized Discriminative Correlation Filters (SRDCF) proposed in section 3.",
                    "embedding": null,
                    "h": null,
                    "parent": {
                        "py/id": 78
                    },
                    "py/object": "tree.TextTree"
                },
                {
                    "c": null,
                    "children": [],
                    "content": "At the training stage, the model is updated by rst extracting a new training sample xt centered at the target location. Here, t denotes the current frame number. We then update At and \u02dcbt in (10) with a learning rate \u03b3 \u2265 0,",
                    "embedding": null,
                    "h": null,
                    "parent": {
                        "py/id": 78
                    },
                    "py/object": "tree.TextTree"
                },
                {
                    "c": null,
                    "children": [],
                    "content": "At = (1 \u2212 \u03b3)At\u22121 + \u03b3(cid:0)DT \u02dcbt = (1 \u2212 \u03b3)\u02dcbt\u22121 + \u03b3DT",
                    "embedding": null,
                    "h": null,
                    "parent": {
                        "py/id": 78
                    },
                    "py/object": "tree.TextTree"
                }
            ],
            "content": "4. Our Tracking Framework",
            "embedding": null,
            "h": null,
            "parent": {
                "py/id": 0
            },
            "py/object": "tree.TextTree"
        },
        {
            "c": null,
            "children": [
                {
                    "c": null,
                    "children": [],
                    "content": "This corresponds to using exponentially decaying weights \u03b1k in the loss function (4). In the rst frame, we set A1 = DT 1 \u02dcy1. Note that the regularization matrix W TW can be precomputed once for the entire sequence. The update strategy (12) ensures memory efciency, since it does not require storage of all samples xk. After the model update (12), we perform a xed number NGS of Gauss-Seidel iterations (11) per frame to compute the new lter coefcients.",
                    "embedding": null,
                    "h": null,
                    "parent": {
                        "py/id": 86
                    },
                    "py/object": "tree.TextTree"
                },
                {
                    "c": null,
                    "children": [],
                    "content": "For the initial iteration \u02dcf (0)computed in the previous frame, i.e. \u02dcf (0) rst frame, the initial estimate \u02dcf (0) the M N \u00d7 M N linear system,in frame t, we use the lter t\u22121 . In the is obtained by solvingfor l = 1, . . . , d. This provides a starting point for the Gauss-Seidel optimization in the rst frame. The systems in (13) share the same sparse coefcients and can be solved efciently with a direct sparse solver.",
                    "embedding": null,
                    "h": null,
                    "parent": {
                        "py/id": 86
                    },
                    "py/object": "tree.TextTree"
                },
                {
                    "c": null,
                    "children": [],
                    "content": "At the detection stage, the location of the target in a newframe t is estimated by applying the lter \u02c6ft\u22121 that has beenupdated in the previous frame. Similar to [24], we apply the lter at multiple resolutions to estimate changes in the targetsize. The samples {zr}r\u2208{\u230a 1\u2212S 2 \u230b} are extracted centered at the previous target location and at the scales ar relative to the current target scale. Here, S denotes the number of scales and a is the scale increment factor. The sample zr is constructed by resizing the image according to ar before the feature computation. Fast Sub-grid Detection: Generally, the training and detection samples xk and zk are constructed using a grid strategy with a stride greater than one pixel. This leads to only computing the detection scores (3) on a coarser grid. We employ an interpolation approach that allows computation of pixel-dense detection scores. The detection scores (3) are efciently interpolated with trigonometric polynomials by utilizing the computed DFT coefcients.l=1 \u02c6zl \u00b7 \u02c6f l be the DFT of the Let \u02c6s := F{Sf (z)} = Pd detection scores Sf (z) evaluated at the sample z. The detection scores s(u, v) at the continuous locations (u, v) \u2208 [0, M ) \u00d7 [0, N ) in z are interpolated as,",
                    "embedding": null,
                    "h": null,
                    "parent": {
                        "py/id": 86
                    },
                    "py/object": "tree.TextTree"
                },
                {
                    "c": null,
                    "children": [],
                    "content": "Here, i denotes the imaginary unit. We aim to nd the sub-grid location that corresponds to the maximum score: (u\u2217, v\u2217) = arg max(u,v)\u2208[0,M )\u00d7[0,N ) s(u, v). The scores s are rst evaluated at all grid locations s(m, n) using (3). The location of the maximal score (u(0), v(0)) \u2208 \u2126is used as the initial estimate. We then iteratively maximize (14) using Newton\u2019s method, by starting at the location (u(0), v(0)). The gradient and Hessian in each iteration are computed by analytically differentiating (14). We found that only a few iterations is sufcient for convergence.",
                    "embedding": null,
                    "h": null,
                    "parent": {
                        "py/id": 86
                    },
                    "py/object": "tree.TextTree"
                },
                {
                    "c": null,
                    "children": [],
                    "content": "We apply the sub-grid interpolation strategy to maximize the classication scores sr computed at the sample zr. The procedure is applied for each scale level independently. The scale level with the highest maximal detection score is then used to update target location and scale.",
                    "embedding": null,
                    "h": null,
                    "parent": {
                        "py/id": 86
                    },
                    "py/object": "tree.TextTree"
                },
                {
                    "c": null,
                    "children": [],
                    "content": "Excluding the feature extraction, the total computational complexity of our tracker sums up to O(dSM N log M N + SM N NNe + (d + K 2)dM N NGS). Here, NNe denotes the number of iterations in the sub-grid detection. In our case, the expression is dominated by the last term, which originates from the lter optimization.",
                    "embedding": null,
                    "h": null,
                    "parent": {
                        "py/id": 86
                    },
                    "py/object": "tree.TextTree"
                }
            ],
            "content": "1 D1 + W TW and \u02dcb1 = DT",
            "embedding": null,
            "h": null,
            "parent": {
                "py/id": 0
            },
            "py/object": "tree.TextTree"
        },
        {
            "c": null,
            "children": [
                {
                    "c": null,
                    "children": [
                        {
                            "c": null,
                            "children": [],
                            "content": "The weight function w is constructed by starting from a quadratic function w(m, n) = \u00b5 + \u03b7(m/P )2 + \u03b7(n/Q)2 with the minimum located at the sample center. Here P \u00d7Q denotes the target size, while \u00b5 and \u03b7 are parameters. The minimum value of w is set to \u00b5 = 0.1 and the impact of the regularizer is set to \u03b7 = 3. In practice, only a few DFT coefcients in the resulting function have a signicant magnitude. We simply remove all DFT coefcients smaller than a threshold to ensure a sparse spectrum \u02c6w, containing about 10 non-zero coefcients. Figure 1 visualizes the resulting weight function w used in the optimization.",
                            "embedding": null,
                            "h": null,
                            "parent": {
                                "py/id": 102
                            },
                            "py/object": "tree.TextTree"
                        },
                        {
                            "c": null,
                            "children": [],
                            "content": "Similar to recent DCF based trackers [8, 20, 24], we also employ HOG features, using a cell size of 4\u00d74 pixels. Samples are represented by a square M \u00d7 N grid of cells (i.e. M = N ), such that the corresponding image area is proportional to the area of the target bounding box. We set the image region area of the samples to 42 times the target area and set the initial scale to ensure a maximum sample size of M = 50 cells. Samples are multiplied by a Hann window [5]. We set the label function yt to a sampled Gaussian with a standard deviation proportional to the target size [8, 19]. The learning rate is set to \u03b3 = 0.025 and we use NGS = 4 Gauss-Seidel iterations. All parameters remain xed for all videos and datasets. Our Matlab implementation2 runs at 5 frames per second on a standard desktop computer.",
                            "embedding": null,
                            "h": null,
                            "parent": {
                                "py/id": 102
                            },
                            "py/object": "tree.TextTree"
                        },
                        {
                            "c": null,
                            "children": [],
                            "content": "Conventional sample size Expanded sample size",
                            "embedding": null,
                            "h": null,
                            "parent": {
                                "py/id": 102
                            },
                            "py/object": "tree.TextTree"
                        },
                        {
                            "c": null,
                            "children": [],
                            "content": "Table 1. A comparison of tracking performance on OTB-2013 when using the standard regularization (2) and the proposed spatial regularization (4), in our tracking framework. The comparison is performed both with a conventional sample size (used in existing DCF based trackers) and our expanded sample size.",
                            "embedding": null,
                            "h": null,
                            "parent": {
                                "py/id": 102
                            },
                            "py/object": "tree.TextTree"
                        },
                        {
                            "c": null,
                            "children": [],
                            "content": "LSHT ASLA Struck ACT TGPR KCF DSST SAMF MEEM SRDCF",
                            "embedding": null,
                            "h": null,
                            "parent": {
                                "py/id": 102
                            },
                            "py/object": "tree.TextTree"
                        },
                        {
                            "c": null,
                            "children": [],
                            "content": "Table 2. A comparison with state-of-the-art trackers on the OTB2013 and OTB-2015 datasets using mean overlap precision (in percent). The best two results for each dataset are shown in red and blue fonts respectively. Our SRDCF achieves a gain of 8.0% and 8.2% on OTB-2013 and OTB-2015 respectively compared to the second best tracker on each dataset.tion. On the other hand, the proposed spatial regularization enables an expansion of the image region used for training the lter, without corrupting the target model. This leads to a more discriminative model, resulting in a gain of 7.0% in mean OP compared to the standard DCF formulation.",
                            "embedding": null,
                            "h": null,
                            "parent": {
                                "py/id": 102
                            },
                            "py/object": "tree.TextTree"
                        },
                        {
                            "c": null,
                            "children": [],
                            "content": "Additionally, we compare our method with Correlation Filters with Limited Boundaries (CFLB) [14]. For a fair comparison, we use the same settings as in [14] for our approach: single grayscale channel, no scale estimation, no sub-grid detection and the same sample size. On the OTB2013, the CFLB achieves a mean OP of 48.6%. Whereas the mentioned baseline version of our tracker obtains a mean OP of 54.3%, outperforming [14] by 5.7%.",
                            "embedding": null,
                            "h": null,
                            "parent": {
                                "py/id": 102
                            },
                            "py/object": "tree.TextTree"
                        }
                    ],
                    "content": "5.1. Details and Parameters",
                    "embedding": null,
                    "h": null,
                    "parent": {
                        "py/id": 100
                    },
                    "py/object": "tree.TextTree"
                },
                {
                    "c": null,
                    "children": [],
                    "content": "5.2. Baseline Comparison",
                    "embedding": null,
                    "h": null,
                    "parent": {
                        "py/id": 100
                    },
                    "py/object": "tree.TextTree"
                },
                {
                    "c": null,
                    "children": [
                        {
                            "c": null,
                            "children": [
                                {
                                    "c": null,
                                    "children": [],
                                    "content": "Table 2 shows a comparison with state-of-the-art methods on the OTB-2013 dataset, using mean overlap precision (OP) over all 50 videos. Only the results for the top 10 trackers are reported. The MEEM tracker, based on an online SVM, provides the second best results with a mean OP of 70.1%. The best result on this dataset is obtained by our tracker with a mean OP of 78.1%, leading to a signicant gain of 8.0% compared to MEEM.",
                                    "embedding": null,
                                    "h": null,
                                    "parent": {
                                        "py/id": 122
                                    },
                                    "py/object": "tree.TextTree"
                                },
                                {
                                    "c": null,
                                    "children": [],
                                    "content": "Figure 4a shows the success plot over all the 50 videos in OTB-2013. The success plot shows the mean overlap precin o s c e r P p a l r e v O",
                                    "embedding": null,
                                    "h": null,
                                    "parent": {
                                        "py/id": 122
                                    },
                                    "py/object": "tree.TextTree"
                                },
                                {
                                    "c": null,
                                    "children": [],
                                    "content": "SRDCF [63.3] SAMF [57.7] MEEM [57.1] DSST [56.0] KCF [51.8] TGPR [50.7] Struck [49.2] ASLA [48.4] ACT [46.1] SCM [44.2]n o s c e r P p a l r e v O",
                                    "embedding": null,
                                    "h": null,
                                    "parent": {
                                        "py/id": 122
                                    },
                                    "py/object": "tree.TextTree"
                                },
                                {
                                    "c": null,
                                    "children": [],
                                    "content": "SRDCF [60.5] SAMF [54.8] MEEM [53.8] DSST [52.3] KCF [47.9] Struck [46.3] TGPR [45.9] ACT [44.0] ASLA [43.2] LSHT [37.3]",
                                    "embedding": null,
                                    "h": null,
                                    "parent": {
                                        "py/id": 122
                                    },
                                    "py/object": "tree.TextTree"
                                },
                                {
                                    "c": null,
                                    "children": [],
                                    "content": "Figure 4. Success plots showing a comparison with state-of-the-art methods on OTB-2013 (a) and OTB-2015 (b). For clarity, only the top 10 trackers are displayed. Our SRDCF achieves a gain of 5.6% and 5.7% on OTB-2013 and OTB-2015 respectively, compared to the second best methods.",
                                    "embedding": null,
                                    "h": null,
                                    "parent": {
                                        "py/id": 122
                                    },
                                    "py/object": "tree.TextTree"
                                },
                                {
                                    "c": null,
                                    "children": [],
                                    "content": "Success plot of SRE on OTB-2013",
                                    "embedding": null,
                                    "h": null,
                                    "parent": {
                                        "py/id": 122
                                    },
                                    "py/object": "tree.TextTree"
                                },
                                {
                                    "c": null,
                                    "children": [],
                                    "content": "Success plot of TRE on OTB-2013n o s c e r P p a l r e v O",
                                    "embedding": null,
                                    "h": null,
                                    "parent": {
                                        "py/id": 122
                                    },
                                    "py/object": "tree.TextTree"
                                },
                                {
                                    "c": null,
                                    "children": [],
                                    "content": "SRDCF [59.5] SAMF [54.5] MEEM [53.6] DSST [51.7] TGPR [49.6] KCF [47.7] Struck [44.3]n o s c e r P p a l r e v O",
                                    "embedding": null,
                                    "h": null,
                                    "parent": {
                                        "py/id": 122
                                    },
                                    "py/object": "tree.TextTree"
                                },
                                {
                                    "c": null,
                                    "children": [],
                                    "content": "SRDCF [65.2] SAMF [61.4] MEEM [59.3] DSST [58.1] KCF [56.1] TGPR [55.0] Struck [51.6]",
                                    "embedding": null,
                                    "h": null,
                                    "parent": {
                                        "py/id": 122
                                    },
                                    "py/object": "tree.TextTree"
                                },
                                {
                                    "c": null,
                                    "children": [],
                                    "content": "Figure 5. Comparison with respect to robustness to initialization on OTB-2013. We show success plots for both the spatial (SRE) and temporal (TRE) robustness. Our approach clearly demonstrates robustness in both scenarios.sion (OP), plotted over the range of intersection-over-union thresholds. The trackers are ranked using the area under the curve (AUC), displayed in the legend. Among previous DCF based trackers, DSST and SAMF provides the best performance, with an AUC score of 56.0% and 57.7%. Our approach obtains an AUC score of 63.3% and signicantly outperforms the best existing tracker (SAMF) by 5.6%.",
                                    "embedding": null,
                                    "h": null,
                                    "parent": {
                                        "py/id": 122
                                    },
                                    "py/object": "tree.TextTree"
                                }
                            ],
                            "content": "5.3.1 State-of-the-art Comparison",
                            "embedding": null,
                            "h": null,
                            "parent": {
                                "py/id": 120
                            },
                            "py/object": "tree.TextTree"
                        },
                        {
                            "c": null,
                            "children": [
                                {
                                    "c": null,
                                    "children": [],
                                    "content": "Visual tracking methods are known to be sensitive to initialization. We evaluate the robustness of our tracker by following the protocol proposed in [33]. Two different types of initialization criteria, namely: temporal robustness (TRE) and spatial robustness (SRE), are evaluated. The SRE corresponds to tracker initialization at different positions close to the ground-truth in the rst frame. The procedure is repeated with 12 different initializations for each video in the dataset. The TRE criteria evaluates the tracker by initializations at 20 different frames, with the ground-truth.",
                                    "embedding": null,
                                    "h": null,
                                    "parent": {
                                        "py/id": 144
                                    },
                                    "py/object": "tree.TextTree"
                                },
                                {
                                    "c": null,
                                    "children": [],
                                    "content": "Figure 5 shows the success plots for TRE and SRE on the OTB-2013 dataset with 50 videos. We include all the top 7 trackers in gure 4a for this experiment. Among the existing methods, SAMF and MEEM provide the best results. Our SRDCF achieves a consistent gain in performance over these trackers on both robustness evaluations.",
                                    "embedding": null,
                                    "h": null,
                                    "parent": {
                                        "py/id": 144
                                    },
                                    "py/object": "tree.TextTree"
                                },
                                {
                                    "c": null,
                                    "children": [],
                                    "content": "Figure 6. Qualitative comparison of our approach with state-ofthe-art trackers on the Soccer, Human6 and Tiger2 videos. Our approach provides consistent results in challenging scenarios, such as occlusions, fast motion, background clutter and target rotations.",
                                    "embedding": null,
                                    "h": null,
                                    "parent": {
                                        "py/id": 144
                                    },
                                    "py/object": "tree.TextTree"
                                }
                            ],
                            "content": "5.3.2 Robustness to Initialization",
                            "embedding": null,
                            "h": null,
                            "parent": {
                                "py/id": 120
                            },
                            "py/object": "tree.TextTree"
                        },
                        {
                            "c": null,
                            "children": [
                                {
                                    "c": null,
                                    "children": [],
                                    "content": "We perform an attribute based analysis of our approach on the OTB-2013 dataset. All the 50 videos in OTB-2013 are annotated with 11 different attributes, namely: illumination variation, scale variation, occlusion, deformation, motion blur, fast motion, in-plane rotation, out-of-plane rotation, out-of-view, background clutter and low resolution. Our approach outperforms existing trackers on 10 attributes.",
                                    "embedding": null,
                                    "h": null,
                                    "parent": {
                                        "py/id": 152
                                    },
                                    "py/object": "tree.TextTree"
                                },
                                {
                                    "c": null,
                                    "children": [],
                                    "content": "Figure 7 shows example success plots of four different attributes. Only the top 10 trackers in each plot are displayed for clarity. In case of out-of-plane rotations, (MEEM) achieves an AUC score of 57.2%. Our tracker provides a gain of 3.3% compared to MEEM. Among the existing methods, the two DCF based trackers DSST and SAMF provide the best results in case of scale variation. Both these trackers are designed to handle scale variations. Our approach achieves a signicant gain of 4.1% over DSST. Note that the standard DCF trackers struggle in the cases of motion blur and fast motion due to the restricted search area. This is caused by the induced boundary effects in the detection samples of the standard DCF trackers. Our approach signicantly improves the performance compared to the standard DCF based trackers in these cases. Figure 6 shows a qualitative comparison of our approach with existing methods on challenging example videos. Despite no explicit occlusion handling component, our tracker performs favorably in cases with occlusion.",
                                    "embedding": null,
                                    "h": null,
                                    "parent": {
                                        "py/id": 152
                                    },
                                    "py/object": "tree.TextTree"
                                }
                            ],
                            "content": "5.3.3 Attribute Based Comparison",
                            "embedding": null,
                            "h": null,
                            "parent": {
                                "py/id": 120
                            },
                            "py/object": "tree.TextTree"
                        }
                    ],
                    "content": "5.3. OTB(cid:173)2013 Dataset",
                    "embedding": null,
                    "h": null,
                    "parent": {
                        "py/id": 100
                    },
                    "py/object": "tree.TextTree"
                },
                {
                    "c": null,
                    "children": [
                        {
                            "c": null,
                            "children": [],
                            "content": "We provide a comparison of our approach on the recently introduced OTB-2015. The dataset extends OTB-2013 and contains 100 videos. Table 2 shows the comparison with the top 10 methods, using mean overlap precision (OP) over all 100 videos. Among the existing methods, SAMF and MEEM provide the best results with mean OP of 64.7%",
                            "embedding": null,
                            "h": null,
                            "parent": {
                                "py/id": 158
                            },
                            "py/object": "tree.TextTree"
                        },
                        {
                            "c": null,
                            "children": [],
                            "content": "Success plot of out-of-plane rotation (39)",
                            "embedding": null,
                            "h": null,
                            "parent": {
                                "py/id": 158
                            },
                            "py/object": "tree.TextTree"
                        },
                        {
                            "c": null,
                            "children": [],
                            "content": "Success plot of scale variation (28)",
                            "embedding": null,
                            "h": null,
                            "parent": {
                                "py/id": 158
                            },
                            "py/object": "tree.TextTree"
                        },
                        {
                            "c": null,
                            "children": [],
                            "content": "Success plot of motion blur (12)n o s c e r P p a l r e v O",
                            "embedding": null,
                            "h": null,
                            "parent": {
                                "py/id": 158
                            },
                            "py/object": "tree.TextTree"
                        },
                        {
                            "c": null,
                            "children": [],
                            "content": "SRDCF [60.5] MEEM [57.2] SAMF [56.0] DSST [54.1] KCF [49.9] TGPR [48.6] ASLA [46.9] ACT [46.3] Struck [45.3] SCM [42.4]n o s c e r P p a l r e v O",
                            "embedding": null,
                            "h": null,
                            "parent": {
                                "py/id": 158
                            },
                            "py/object": "tree.TextTree"
                        },
                        {
                            "c": null,
                            "children": [],
                            "content": "SRDCF [59.3] DSST [55.2] SAMF [52.0] MEEM [50.7] ASLA [49.7] SCM [48.1] Struck [43.1] KCF [42.8] TGPR [42.4] ACT [41.0]n o s c e r P p a l r e v O",
                            "embedding": null,
                            "h": null,
                            "parent": {
                                "py/id": 158
                            },
                            "py/object": "tree.TextTree"
                        },
                        {
                            "c": null,
                            "children": [],
                            "content": "SRDCF [60.8] MEEM [56.8] SAMF [52.4] KCF [50.0] Struck [47.7] ACT [46.8] DSST [45.8] TGPR [42.5] EDFT [40.5] CFLB [36.5]n o s c e r P p a l r e v O",
                            "embedding": null,
                            "h": null,
                            "parent": {
                                "py/id": 158
                            },
                            "py/object": "tree.TextTree"
                        },
                        {
                            "c": null,
                            "children": [],
                            "content": "SRDCF [63.4] SAMF [62.8] MEEM [57.5] DSST [53.8] KCF [51.7] TGPR [47.0] ACT [45.2] Struck [44.9] ASLA [44.7] SCM [42.1]",
                            "embedding": null,
                            "h": null,
                            "parent": {
                                "py/id": 158
                            },
                            "py/object": "tree.TextTree"
                        },
                        {
                            "c": null,
                            "children": [],
                            "content": "Figure 7. Attribute-based analysis of our approach on the OTB-2013 dataset with 50 videos. Success plots are shown for four attributes. Each plot title includes the number of videos associated with the respective attribute. Only the top 10 trackers for each attribute are displayed for clarity. Our approach demonstrates superior performance compared to existing trackers in these scenarios.e r o c s F",
                            "embedding": null,
                            "h": null,
                            "parent": {
                                "py/id": 158
                            },
                            "py/object": "tree.TextTree"
                        },
                        {
                            "c": null,
                            "children": [],
                            "content": "SRDCF [0.787] SAMF [0.772] DSST [0.759] MEEM [0.708] KCF [0.704] TGPR [0.690] STR [0.662] FBT [0.636] TST [0.618] TLD [0.614]",
                            "embedding": null,
                            "h": null,
                            "parent": {
                                "py/id": 158
                            },
                            "py/object": "tree.TextTree"
                        },
                        {
                            "c": null,
                            "children": [],
                            "content": "Figure 8. Survival curves comparing our approach with 24 trackers on ALOV++. The mean F-scores for the top 10 trackers are shown in the legend. Our approach achieves the best overall results.and 63.4% respectively. Our tracker outperforms the best existing tracker by 8.2% in mean OP.",
                            "embedding": null,
                            "h": null,
                            "parent": {
                                "py/id": 158
                            },
                            "py/object": "tree.TextTree"
                        },
                        {
                            "c": null,
                            "children": [],
                            "content": "Figure 4b shows the success plot over all the 100 videos. Among the standard DCF trackers, SAMF provides the best results with an AUC score of 54.8%. The MEEM tracker achieves an AUC score of 53.8%. Our tracker obtains an AUC score of 60.5%, outperforming SAMF by 5.7%.",
                            "embedding": null,
                            "h": null,
                            "parent": {
                                "py/id": 158
                            },
                            "py/object": "tree.TextTree"
                        }
                    ],
                    "content": "5.4. OTB(cid:173)2015 Dataset",
                    "embedding": null,
                    "h": null,
                    "parent": {
                        "py/id": 100
                    },
                    "py/object": "tree.TextTree"
                },
                {
                    "c": null,
                    "children": [
                        {
                            "c": null,
                            "children": [],
                            "content": "We also perform experiments on the ALOV++ dataset [30], containing 314 videos with 89364 frames in total. The evaluation protocol employs survival curves based on Fscore, where a higher F-score indicates better performance. The survival curve is constructed by plotting the sorted Fscores of all 314 videos. We refer to [30] for details.",
                            "embedding": null,
                            "h": null,
                            "parent": {
                                "py/id": 184
                            },
                            "py/object": "tree.TextTree"
                        },
                        {
                            "c": null,
                            "children": [],
                            "content": "Our approach is compared with the 19 trackers evaluated in [30]. We also add the top 5 methods from our OTB comparison. Figure 8 shows the survival curves and the average F-scores of the trackers. MEEM obtains a mean F-score of 0.708. Our approach obtains the best overall performance compared to 24 trackers with a mean F-score of 0.787.",
                            "embedding": null,
                            "h": null,
                            "parent": {
                                "py/id": 184
                            },
                            "py/object": "tree.TextTree"
                        },
                        {
                            "c": null,
                            "children": [],
                            "content": "Table 3. Results for the top 3 trackers on VOT2014. The mean overlap and failure rate is reported in the rst two columns. The accuracy rank, robustness rank and the combined nal rank are shown in the remaining columns. Our tracker obtains the best performance on this dataset.",
                            "embedding": null,
                            "h": null,
                            "parent": {
                                "py/id": 184
                            },
                            "py/object": "tree.TextTree"
                        }
                    ],
                    "content": "5.5. ALOV++ Dataset",
                    "embedding": null,
                    "h": null,
                    "parent": {
                        "py/id": 100
                    },
                    "py/object": "tree.TextTree"
                },
                {
                    "c": null,
                    "children": [
                        {
                            "c": null,
                            "children": [],
                            "content": "Finally, we present results on VOT2014 [23]. Our approach is compared with the 38 participating trackers in the challenge. We also add MEEM in the comparison. In VOT2014, the trackers are evaluated both in terms of accuracy and robustness. The accuracy score is based on the overlap with ground truth, while the robustness is determined by the failure rate. The trackers are restarted at each failure. The nal rank is based on the accuracy and robustness in each video. We refer to [23] for details.",
                            "embedding": null,
                            "h": null,
                            "parent": {
                                "py/id": 192
                            },
                            "py/object": "tree.TextTree"
                        },
                        {
                            "c": null,
                            "children": [],
                            "content": "Table 3 shows the nal ranking scores over all the videos in VOT2014. Among the existing methods, the DSST approach provides the best results. Our tracker achieves the top nal rank of 8.26, outperforming DSST and SAMF.",
                            "embedding": null,
                            "h": null,
                            "parent": {
                                "py/id": 192
                            },
                            "py/object": "tree.TextTree"
                        }
                    ],
                    "content": "5.6. VOT2014 Dataset",
                    "embedding": null,
                    "h": null,
                    "parent": {
                        "py/id": 100
                    },
                    "py/object": "tree.TextTree"
                }
            ],
            "content": "5. Experiments",
            "embedding": null,
            "h": null,
            "parent": {
                "py/id": 0
            },
            "py/object": "tree.TextTree"
        },
        {
            "c": null,
            "children": [
                {
                    "c": null,
                    "children": [],
                    "content": "We propose Spatially Regularized Discriminative Correlation Filters (SRDCF) to address the limitations of the standard DCF. The introduced spatial regularization component enables the correlation lter to be learned on larger image regions, leading to a more discriminative appearance model. By exploiting the sparsity of the regularization operation in the Fourier domain, we derive an efcient optimization strategy for learning the lter. The proposed learning procedure employs the Gauss-Seidel method to solve for the lter in the Fourier domain. We perform comprehensive experiments on four benchmark datasets. Our SRDCF outperforms existing trackers on all four datasets. Acknowledgments: This work has been supported by SSF (CUAS) and VR (VIDI, EMC2, ELLIIT, and CADICS).tracking using the integral histogram. In CVPR, 2006.with online multiple instance learning. In CVPR, 2009.using accelerated proximal gradient approach. 2012.lters for object alignment. In CVPR, 2013.",
                    "embedding": null,
                    "h": null,
                    "parent": {
                        "py/id": 198
                    },
                    "py/object": "tree.TextTree"
                },
                {
                    "c": null,
                    "children": [],
                    "content": "Adaptive color attributes for real-time visual tracking. CVPR, 2014.channel representations. In ICCV Workshop, 2013.with limited boundaries. In CVPR, 2015.tracking with kernels. In ICCV, 2011.tracking via locality sensitive histograms. In CVPR, 2013.structural local sparse appearance model. In CVPR, 2012.strapping binary classiers by structural constraints. CVPR, 2010.",
                    "embedding": null,
                    "h": null,
                    "parent": {
                        "py/id": 198
                    },
                    "py/object": "tree.TextTree"
                },
                {
                    "c": null,
                    "children": [],
                    "content": "The visual object tracking vot2014 challenge results. ECCV Workshop, 2014.tracker with feature integration. In ECCV Workshop, 2014.learning for robust visual tracking. 2008.via sparsity-based collaborative model. In CVPR, 2012.",
                    "embedding": null,
                    "h": null,
                    "parent": {
                        "py/id": 198
                    },
                    "py/object": "tree.TextTree"
                }
            ],
            "content": "6. Conclusions",
            "embedding": null,
            "h": null,
            "parent": {
                "py/id": 0
            },
            "py/object": "tree.TextTree"
        }
    ],
    "content": "Learning Spatially Regularized Correlation Filters for Visual Tracking",
    "embedding": null,
    "h": null,
    "parent": null,
    "py/object": "tree.TextTree"
}