{
    "c": null,
    "children": [
        {
            "c": null,
            "children": [
                {
                    "c": null,
                    "children": [],
                    "content": "Plenoptic cameras are gaining attention for their unique light gathering and post-capture processing capabilities. We describe a decoding, calibration and rectication procedure for lenselet-based plenoptic cameras appropriate for a range of computer vision applications. We derive a novel physically based 4D intrinsic matrix relating each recorded pixel to its corresponding ray in 3D space. We further propose a radial distortion model and a practical objective function based on ray reprojection. Our 15-parameter camera model is of much lower dimensionality than camera array models, and more closely represents the physics of lenselet-based cameras. Results include calibration of a commercially available camera using three calibration grid sizes over ve datasets. Typical RMS ray reprojection errors are 0.0628, 0.105 and 0.363 mm for 3.61, 7.22 and 35.1 mm calibration grids, respectively. Rectication examples include calibration targets and real-world imagery.",
                    "embedding": null,
                    "h": null,
                    "parent": {
                        "py/id": 2
                    },
                    "py/object": "tree.TextTree"
                }
            ],
            "content": "Abstract",
            "embedding": null,
            "h": null,
            "parent": {
                "py/id": 0
            },
            "py/object": "tree.TextTree"
        },
        {
            "c": null,
            "children": [
                {
                    "c": null,
                    "children": [],
                    "content": "Plenoptic cameras [17] measure both colour and geometric information, and can operate under conditions prohibitive to other RGB-D cameras, e.g. in bright sunlight or underwater. With increased depth of eld and light gathering relative to conventional cameras, and post-capture capabilities ranging from refocus to occlusion removal and closed-form visual odometry [1, 16, 4, 9, 19, 6], plenoptic cameras are poised to play a signicant role in computer vision applications. As such, accurate plenoptic calibration and rectication will become increasingly important.",
                    "embedding": null,
                    "h": null,
                    "parent": {
                        "py/id": 6
                    },
                    "py/object": "tree.TextTree"
                },
                {
                    "c": null,
                    "children": [],
                    "content": "Prior work in this area has largely dealt with camera arrays [20, 18], with very little work going toward the calibration of lenselet-based cameras. By exploiting the physical characteristics of a lenselet-based plenoptic camera, we impose signicant constraints beyond those present in a multiple-camera scenario. In so doing, we increase therobustness and accuracy of the calibration process, while simultaneously decreasing the complexity of the model.",
                    "embedding": null,
                    "h": null,
                    "parent": {
                        "py/id": 6
                    },
                    "py/object": "tree.TextTree"
                },
                {
                    "c": null,
                    "children": [],
                    "content": "In this work we present a novel 15-parameter plenoptic camera model relating pixels to rays in 3D space, including a 4D intrinsic matrix based on a projective pinhole and thin-lens model, and a radial direction-dependent distortion model. We present a practical method for decoding a camera\u2019s 2D lenselet images into 4D light elds without prior knowledge of its physical parameters, and describe an efcient projected-ray objective function and calibration scheme. We use these to accurately calibrate and rectify images from a commercially available Lytro plenoptic camera. The remainder of this paper is organized as follows: Section 2 reviews relevant work; Section 3 provides a practical method for decoding images; Section 4 derives the 4D intrinsic and distortion models; Section 5 describes the calibration and rectication procedures; Section 6 provides validation results; and nally, Section 7 draws conclusions and indicates directions for future work.",
                    "embedding": null,
                    "h": null,
                    "parent": {
                        "py/id": 6
                    },
                    "py/object": "tree.TextTree"
                }
            ],
            "content": "1. Introduction",
            "embedding": null,
            "h": null,
            "parent": {
                "py/id": 0
            },
            "py/object": "tree.TextTree"
        },
        {
            "c": null,
            "children": [
                {
                    "c": null,
                    "children": [],
                    "content": "Plenoptic cameras come in several varieties, including mask-based cameras, planar arrays, freeform collections of cameras [13, 22, 21, 18], and of course lenticular arraybased cameras. The latter include the \u201coriginal\u201d plenoptic camera as described by Ng et al. [17], with which the present work is concerned, and the \u201cfocused\u201d plenoptic camera described by Lumsdaine and Georgiev [14]. Each camera has unique characteristics, and so the optimal model and calibration approach for each will differ.",
                    "embedding": null,
                    "h": null,
                    "parent": {
                        "py/id": 14
                    },
                    "py/object": "tree.TextTree"
                },
                {
                    "c": null,
                    "children": [],
                    "content": "Previous work has addressed calibration of grids or freeform collections of multiple cameras [20, 18]. Similar to this is the case of a moving camera in a static scene, for which structure-from-motion can be extended for plenoptic modelling [12]. These approaches introduce more degrees of freedom in their models than are necessary to describe the lenselet-based plenoptic camera. Our work introduces a more constrained intrinsic model based on the physical properties of the camera, yielding a more robust, physicallygrounded, and general calibration.nearest pixel, gathering statistics over the entire image mitigates the impact of quantization. Grid parameters are estimated by traversing lenselet image centers, nding the mean horizontal and vertical spacing and offset, and performing line ts to estimate rotation. An optimization of the estimated grid parameters is possible by maximizing the brightness under estimated grid centers, but in practice we have found this to yield a negligible renement.",
                    "embedding": null,
                    "h": null,
                    "parent": {
                        "py/id": 14
                    },
                    "py/object": "tree.TextTree"
                },
                {
                    "c": null,
                    "children": [],
                    "content": "From the estimated grid parameters there are many potential methods for decoding the lenselet image to a 4D light eld. The method we present was chosen for its ease of implementation. The process begins by demosaicing the raw lenselet image, then correcting vignetting by dividing by the white image. At this point the lenselet images, depicted in blue in Fig. 2, are on a non-integer spaced, rotated grid relative to the image\u2019s pixels (green). We therefore resample the image, rotating and scaling so all lenselet centers fall on pixel centers, as depicted in the second frame of the gure. The required scaling for this step will not generally be square, and so the resulting pixels are rectangular.",
                    "embedding": null,
                    "h": null,
                    "parent": {
                        "py/id": 14
                    },
                    "py/object": "tree.TextTree"
                },
                {
                    "c": null,
                    "children": [],
                    "content": "Aligning the lenselet images to an integer pixel grid allows a very simple slicing scheme: the light eld is broken into identically sized, overlapping rectangles centered on the lenselet images, as depicted in the top-right and bottomleft frames of Fig. 2. The spacing in the bottom-left frame represents the hexagonal sampling in the lenselet indices k, l, as well as non-square pixels in the pixel indices i, j.",
                    "embedding": null,
                    "h": null,
                    "parent": {
                        "py/id": 14
                    },
                    "py/object": "tree.TextTree"
                },
                {
                    "c": null,
                    "children": [],
                    "content": "Converting hexagonally sampled data to an orthogonal grid is a well-explored topic; see [2] for a reversible conversion based on 1D lters. We implemented both a 2D interpolation scheme operating in k, l, and a 1D scheme interpolating only along k, and have found the latter approach, depicted in the bottom middle frame of Fig. 2, to be a good approximation. For rectangular lenselet arrays, this interpolation step is omitted. As we interpolate in k to compensate for the hexagonal grid\u2019s offsets, we simultaneously compensate for the unequal vertical and horizontal sample rates. The nal stage of the decoding process cor",
                    "embedding": null,
                    "h": null,
                    "parent": {
                        "py/id": 14
                    },
                    "py/object": "tree.TextTree"
                },
                {
                    "c": null,
                    "children": [],
                    "content": "Figure 1. Crop of a raw lenselet image after demosaicing and without vignetting correction; pictured is a rainbow lorikeet",
                    "embedding": null,
                    "h": null,
                    "parent": {
                        "py/id": 14
                    },
                    "py/object": "tree.TextTree"
                },
                {
                    "c": null,
                    "children": [],
                    "content": "In other relevant work, Georgiev et al. [7] derive a plenoptic camera model using ray transfer matrix analysis. Our model is more detailed, accurately describing a real-world camera by including the effects of lens distortion and projection through the lenticular array. Unlike previous models, ours also allows for continuous variation in the positions of rays, rather than unrealistically constraining them to pass through a set of pinholes.",
                    "embedding": null,
                    "h": null,
                    "parent": {
                        "py/id": 14
                    },
                    "py/object": "tree.TextTree"
                },
                {
                    "c": null,
                    "children": [],
                    "content": "Finally, our ray model draws inspiration from the work of Grossberg and Nayar [8], who introduce a generalized imaging model built from virtual sensing elements. However, their piecewise-continuous pixel-ray mapping does not apply to the plenoptic camera, and so our camera model and calibration procedure differ signicantly from theirs.",
                    "embedding": null,
                    "h": null,
                    "parent": {
                        "py/id": 14
                    },
                    "py/object": "tree.TextTree"
                }
            ],
            "content": "2. Prior Work",
            "embedding": null,
            "h": null,
            "parent": {
                "py/id": 0
            },
            "py/object": "tree.TextTree"
        },
        {
            "c": null,
            "children": [
                {
                    "c": null,
                    "children": [],
                    "content": "Light elds are conventionally represented and processed in 4D, and so we begin by presenting a practical scheme for decoding raw 2D lenselet images to a 4D light eld representation. Note that we do not address the question of demosaicing Bayer-pattern plenoptic images \u2013 we instead refer the reader to [23] and related work. For the purposes of this work, we employ conventional linear demosaicing applied directly to the raw 2D lenselet image. This yields undesired effects in pixels near lenselet edges, and we therefore ignore edge pixels during calibration.",
                    "embedding": null,
                    "h": null,
                    "parent": {
                        "py/id": 32
                    },
                    "py/object": "tree.TextTree"
                },
                {
                    "c": null,
                    "children": [],
                    "content": "In general the exact placement of the lenselet array is unknown, with lenselet spacing being a non-integer multiple of pixel pitch, and unknown translational and rotational offsets further complicating the decode process. A crop of a typical raw lenselet image is shown in Fig. 1 \u2013 note that the lenselet grid is hexagonally packed, further complicating the decoding process. To locate lenselet image centers we employ an image taken through a white diffuser, or of a white scene. Because of vignetting, the brightest spot in each white lenselet image approximates its center.",
                    "embedding": null,
                    "h": null,
                    "parent": {
                        "py/id": 32
                    },
                    "py/object": "tree.TextTree"
                },
                {
                    "c": null,
                    "children": [],
                    "content": "A crop of a typical white image taken from the Lytro is shown in Fig. 7a. A low-pass lter is applied to reduce sensor noise prior to nding the local maximum within each lenselet image. Though this result is only accurate to thewhere F\u2217 and c\u2217 are the spatial frequencies in samples/m, and offsets in samples, of the pixels and lenselets.",
                    "embedding": null,
                    "h": null,
                    "parent": {
                        "py/id": 32
                    },
                    "py/object": "tree.TextTree"
                },
                {
                    "c": null,
                    "children": [],
                    "content": "Next we express the ray as position and direction via H \u03a6 \u03c6where d\u2217 are the lens separations as depicted in Fig. 3. Note that in the conventional plenoptic camera, d\u03bc = f\u03bc, the lenselet focal length.",
                    "embedding": null,
                    "h": null,
                    "parent": {
                        "py/id": 32
                    },
                    "py/object": "tree.TextTree"
                },
                {
                    "c": null,
                    "children": [],
                    "content": "Next we apply the main lens using a thin lens and small angle approximation (below), and convert back to a light eld ray representation, with the main lens as the s, t plane, and the u, v plane at an arbitrary plane separation D:",
                    "embedding": null,
                    "h": null,
                    "parent": {
                        "py/id": 32
                    },
                    "py/object": "tree.TextTree"
                }
            ],
            "content": "3. Decoding to an Unrectied Light Field",
            "embedding": null,
            "h": null,
            "parent": {
                "py/id": 0
            },
            "py/object": "tree.TextTree"
        },
        {
            "c": null,
            "children": [],
            "content": "1 D 0 0 1 0 0 0 1",
            "embedding": null,
            "h": null,
            "parent": {
                "py/id": 0
            },
            "py/object": "tree.TextTree"
        },
        {
            "c": null,
            "children": [],
            "content": "0 H1,3",
            "embedding": null,
            "h": null,
            "parent": {
                "py/id": 0
            },
            "py/object": "tree.TextTree"
        },
        {
            "c": null,
            "children": [],
            "content": "0 H3,3",
            "embedding": null,
            "h": null,
            "parent": {
                "py/id": 0
            },
            "py/object": "tree.TextTree"
        },
        {
            "c": null,
            "children": [],
            "content": "0 H1,5 0 H2,4 H2,5 0 H3,5 0 H4,4 H4,5 0",
            "embedding": null,
            "h": null,
            "parent": {
                "py/id": 0
            },
            "py/object": "tree.TextTree"
        },
        {
            "c": null,
            "children": [],
            "content": "0 H2,2",
            "embedding": null,
            "h": null,
            "parent": {
                "py/id": 0
            },
            "py/object": "tree.TextTree"
        },
        {
            "c": null,
            "children": [
                {
                    "c": null,
                    "children": [],
                    "content": "In a model with pixel or lenselet skew we would expect more non-zero terms. In Section 5 we show that two of these parameters are redundant with camera pose, leaving only 10 free intrinsic parameters. 4.1. Projection Through the Lenselets",
                    "embedding": null,
                    "h": null,
                    "parent": {
                        "py/id": 54
                    },
                    "py/object": "tree.TextTree"
                },
                {
                    "c": null,
                    "children": [],
                    "content": "We have hidden some complexity in deriving the 4D intrinsic matrix by assuming prior knowledge of the lenselet associated with each pixel. As depicted by the gray lines in Fig. 3, the projected image centers will deviate from the lenselet centers, and as a result a pixel will not necessarily associate with its nearest lenselet. Furthermore, the decoding process presented in Section 3 includes several manipulations which will change the effective camera parameters. By resizing, rotating, interpolating, and centering on the projected lenselet images, we have created a virtual light eld camera with its own parameters. In this section we compensate for these effects through the application of correction coefcients to the physical camera parameters.",
                    "embedding": null,
                    "h": null,
                    "parent": {
                        "py/id": 54
                    },
                    "py/object": "tree.TextTree"
                },
                {
                    "c": null,
                    "children": [],
                    "content": "Lenselet-based plenoptic cameras are constructed with careful attention to the coplanarity of the lenselet array and image plane [17]. As a consequence, projection through the lenselets is well-approximated by a single scaling factor, Mproj. Scaling and adjusting for hexagonal sampling can similarly be modelled as scaling factors. We therefore correct the pixel sample rates using \u221a Mproj = [1 + d\u03bc/dM ]-1, Ms = N A/N S , Mhex = 2/",
                    "embedding": null,
                    "h": null,
                    "parent": {
                        "py/id": 54
                    },
                    "py/object": "tree.TextTree"
                },
                {
                    "c": null,
                    "children": [],
                    "content": "Figure 3. The main lens is modelled as a thin lens and the lenselets as an array of pinholes; gray lines depict lenselet image centersrects for the rectangular pixels in i, j through a 1D interpolation along i. In every interpolation step we increase the effective sample rate in order to avoid loss of information. The nal step, not shown, is to mask off pixels that fall outside the hexagonal lenselet image. We denote the result of the decode process the \u201caligned\u201d light eld LA(i, j, k, l).",
                    "embedding": null,
                    "h": null,
                    "parent": {
                        "py/id": 54
                    },
                    "py/object": "tree.TextTree"
                }
            ],
            "content": "0 H4,2 0",
            "embedding": null,
            "h": null,
            "parent": {
                "py/id": 0
            },
            "py/object": "tree.TextTree"
        },
        {
            "c": null,
            "children": [
                {
                    "c": null,
                    "children": [],
                    "content": "In this section we derive the relationship between the indices of each pixel and its corresponding spatial ray. Though each pixel of a plenoptic camera integrates light from a volume, we approximate each as integrating along a single ray [8]. We model the main lens as a thin lens, and the lenselets as an array of pinholes, as depicted in Fig. 3. Our starting point is an index resulting from the decoding scheme described above, expressed in homogeneous coordinates n = [i, j, k, l, 1], where k, l are the zero-based absolute indices of the lenselet through which a ray passes, and i, j are the zero-based relative pixel indices within each lenselet image. For lenselet images of N \u00d7 N pixels, i and j each range from 0 to N \u2212 1. 5\u00d75 by applying a series of transformations, rst converting the index n to a ray representation suitable for ray transfer matrix analysis, then propagating it through the optical system, and nally converting to a light eld ray representation. The full sequence of transformations is given by",
                    "embedding": null,
                    "h": null,
                    "parent": {
                        "py/id": 64
                    },
                    "py/object": "tree.TextTree"
                },
                {
                    "c": null,
                    "children": [],
                    "content": "We derive a homogeneous intrinsic matrix H \u2208 R",
                    "embedding": null,
                    "h": null,
                    "parent": {
                        "py/id": 64
                    },
                    "py/object": "tree.TextTree"
                },
                {
                    "c": null,
                    "children": [],
                    "content": "We will derive each component of this process in the 2D plane, starting with the homogenous relative index n2D = [i, k, 1], and later generalize the result to 4D.",
                    "embedding": null,
                    "h": null,
                    "parent": {
                        "py/id": 64
                    },
                    "py/object": "tree.TextTree"
                },
                {
                    "c": null,
                    "children": [],
                    "content": "The conversion from relative to absolute indices, H abs rel is straightforwardly found from the number of pixels per lenselet N and a translational pixel offset cpix (below). We next convert from absolute coordinates to a light eld ray, with the imaging and lenselet planes as the reference planes. We accomplish this using H \u03c6",
                    "embedding": null,
                    "h": null,
                    "parent": {
                        "py/id": 64
                    },
                    "py/object": "tree.TextTree"
                }
            ],
            "content": "4. Pinhole and Thin Lens Model",
            "embedding": null,
            "h": null,
            "parent": {
                "py/id": 0
            },
            "py/object": "tree.TextTree"
        },
        {
            "c": null,
            "children": [
                {
                    "c": null,
                    "children": [],
                    "content": "The physical alignment and characteristics of the lenselet array as well as all the elements of the main lens potentially contribute to lens distortion. In the results section we show that the consumer plenoptic camera we employ suffers primarily from directionally dependent radial distortion,s + \u03b82 \u03b82 t ,where b captures decentering, k are the radial distortion coefcients, and \u03b8u and \u03b8d are the undistorted and distorted 2D ray directions, respectively. Note that we apply the small angle assumption, such that \u03b8 \u2248 [dx/dz, dy/dz]. We dene the complete distortion vector as d = [b, k]. Extension to more complex distortion models is left as future work. 5. Calibration and Rectication",
                    "embedding": null,
                    "h": null,
                    "parent": {
                        "py/id": 74
                    },
                    "py/object": "tree.TextTree"
                },
                {
                    "c": null,
                    "children": [],
                    "content": "The plenoptic camera gathers enough information to perform calibration from unstructured and unknown environments. However, as a rst pass we take a more conventional approach familiar from projective camera calibration [10, 24], in which the locations of a set of 3D features are known \u2013 we employ the corners of a checkerboard pattern of known dimensions, with feature locations expressed in the frame of reference of the checkerboard. As depicted in Fig. 4a, projective calibration builds an objective function from the 2D distance between observed and expected projected feature locations, n and \u02c6n, forming the basis for optimization over the camera\u2019s poses and intrinsics.",
                    "embedding": null,
                    "h": null,
                    "parent": {
                        "py/id": 74
                    },
                    "py/object": "tree.TextTree"
                },
                {
                    "c": null,
                    "children": [],
                    "content": "Plenoptic calibration is complicated by the fact that a single feature will appear in the imaging plane multiple times, as depicted in Fig. 4b. A tempting line of reasoning is to again formulate an error metric based on the 2D distance between observed and expected feature locations. The problem arises that the observed and expected features do not generally appear in the same lenselet images \u2013 indeed the number of expected and observed features is not generally equal. As such, a meaningful way of nding the \u201cclosest\u201d distance between each observation and the set of expected features is required. We propose two practical methods. In the rst, each known 3D feature location P is transformed to its corresponding 4D light eld plane \u03bb using the pointplane correspondence [5]. The objective function is then taken as the point-to-plane distance between each observation n and the plane \u03bb. The second approach generates a",
                    "embedding": null,
                    "h": null,
                    "parent": {
                        "py/id": 74
                    },
                    "py/object": "tree.TextTree"
                },
                {
                    "c": null,
                    "children": [],
                    "content": "Figure 4. In conventional projective calibration (a) a 3D feature P has one projected image, and a convenient error metric is the 2D distance between the expected and observed image locations | \u02c6n \u2212 n|. In the plenoptic camera (b) each feature has multiple expected and observed images \u02c6nj, ni \u2208 R 4, which generally do not appear beneath the same lenselets; we propose the per-observation ray reprojection metric |Ei| taken as the 3D distance between the reprojected ray \u02c6\u03c6i and the feature location P .projected ray \u02c6\u03c6 from each observation n. The error metric, which we denote the \u201cray reprojection error\u201d, is taken as the point-to-ray distance between \u02c6\u03c6 and P , as depicted in Fig. 4b. The two methods are closely related, and we pursue the second, as it is computationally simpler. The observed feature locations are extracted by treating the decoded light eld from Section 3 as an array of Ni\u00d7Nj 2D images in k and l, applying a conventional feature detection scheme [11] to each. If the plenoptic camera takes on M poses in the calibration dataset and there are nc features on the calibration target, the total feature set over which we optimize is of size ncM NiNj. Our goal is to nd the intrinsic matrix H, camera poses T , and distortion parameters d which minimize the error across all features,c (H, T m, d), Pc||pt-ray, (8) where ||\u00b7||pt-ray is the ray reprojection error described above. Each of the M camera poses has 6 degrees of freedom, and from Eq. 5 the intrinsic model H has 12 free parameters. However, there is a redundancy between H1,5, H2,5, which effect horizontal translation within the intrinsic model, and the translational components of the poses T . Were this redundancy left in place, the intrinsic model could experience unbounded translational drift and fail to converge. We therefore force the intrinsic parameters H1,5 and H2,5 such that pixels at the center of i, j map to rays at s, t = 0. Because of this forcing, the physical location of s, t = 0 on the camera will remain unknown, and if it is required must be measured by alternative means.",
                    "embedding": null,
                    "h": null,
                    "parent": {
                        "py/id": 74
                    },
                    "py/object": "tree.TextTree"
                },
                {
                    "c": null,
                    "children": [],
                    "content": "The number of parameters over which we optimize is now reduced to 10 for intrinsics, 5 for lens distortion, and 6 for each of the M camera poses, for a total of 6M + 15. Note the signicant simplication relative to multiplecamera approaches, which grow with sample count in i and j \u2013 this is discussed further in Results.",
                    "embedding": null,
                    "h": null,
                    "parent": {
                        "py/id": 74
                    },
                    "py/object": "tree.TextTree"
                },
                {
                    "c": null,
                    "children": [],
                    "content": "As in monocular camera calibration, a LevenbergMarquardt or similar optimization algorithm can be employed which exploits knowledge of the Jacobian. Rather than deriving the Jacobian here we describe its sparsity pattern and show results based on the trust region re\ufb02ective algorithm implemented in MATLAB\u2019s lsqnonlin function [3]. In practice we have found this to run quickly on modern hardware, nishing in tens of iterations and taking in the order of minutes to complete.",
                    "embedding": null,
                    "h": null,
                    "parent": {
                        "py/id": 74
                    },
                    "py/object": "tree.TextTree"
                },
                {
                    "c": null,
                    "children": [],
                    "content": "The Jacobian sparsity pattern is easy to derive: each of the M pose estimates will only in\ufb02uence that pose\u2019s ncNiNj error terms, while all of the 15 intrinsic and distortion parameters will affect every error term. As a practical example, for a checkerboard with 256 corners, viewed from 16 poses by a camera with Ni = Nj = 8 spatial samples, there will be Ne = ncM NiNj = (16)(8)(8)(256) = 262,144 error terms and Nv = 6M + 15 = 123 optimization variables. Of the NeNv = 32,243,712 possible interactions, (15 + 6)Ne = 5,505,024, or about 17% will be non-zero. 5.1. Initialization",
                    "embedding": null,
                    "h": null,
                    "parent": {
                        "py/id": 74
                    },
                    "py/object": "tree.TextTree"
                },
                {
                    "c": null,
                    "children": [],
                    "content": "The calibration process proceeds in stages: rst initial pose and intrinsic estimates are formed, then an optimization is carried out with no distortion parameters, and nally a full optimization is carried out with distortion parameters. To form initial pose estimates, we again treat the decoded light elds across M poses each as an array of Ni \u00d7 Nj 2D images. By passing all the images through a conventional camera calibration process, for example that proposed by Heikkil\u00a8a [10], we obtain a per-image pose estimate. Taking the mean or median within each light eld\u2019s Ni \u00d7 Nj per-image pose estimates yields M physical pose estimates. Note that distortion parameters are excluded from this process, and the camera intrinsics that it yields are ignored.",
                    "embedding": null,
                    "h": null,
                    "parent": {
                        "py/id": 74
                    },
                    "py/object": "tree.TextTree"
                },
                {
                    "c": null,
                    "children": [],
                    "content": "In Section 4 we derived a closed-form expression for the intrinsic matrix H based on the plenoptic camera\u2019s physical parameters and the parameters of the decoding process (1), (6). We use these expressions to form the initial estimate of the camera\u2019s intrinsics. We have found the optimization process to be insensitive to errors in these initial estimates, and in cases where the physical parameters of the camera are unknown, rough estimates may sufce. Automatic estimation of the initial parameters is left as future work. 5.2. Rectication",
                    "embedding": null,
                    "h": null,
                    "parent": {
                        "py/id": 74
                    },
                    "py/object": "tree.TextTree"
                },
                {
                    "c": null,
                    "children": [],
                    "content": "We wish to rectify the light eld imagery, reversing the effects of lens distortion and yielding square pixels in i, j and k, l. Our approach is to interpolate from the decoded light eld LA at a set of continuous-domain indices \u02dcnA such that the interpolated light eld approximates a distortionfree rectied light eld LR. In doing so, we must select an ideal intrinsic matrix H R, bearing in mind that deviating",
                    "embedding": null,
                    "h": null,
                    "parent": {
                        "py/id": 74
                    },
                    "py/object": "tree.TextTree"
                },
                {
                    "c": null,
                    "children": [],
                    "content": "Figure 5. Reversing lens distortion: tracing from the desired pixel location nR through the ideal optical system, reversing lens distortion, then returning through the physical optical system to the measured pixel \u02dcnAtoo far from the physical camera parameters will yield black pixels near the edges of the captured light eld, where no information is available. At the same time, we wish to force horizontal and vertical sample rates to be equal \u2013 i.e. we wish to force H1,1 = H2,2, H1,3 = H2,4, H3,1 = H4,2 and H3,3 = H4,4. As a starting point, we replace each of these four pairs with the mean of its members, simultaneously readjusting H1,5 and H2,5 so as to maintain the centering described earlier.",
                    "embedding": null,
                    "h": null,
                    "parent": {
                        "py/id": 74
                    },
                    "py/object": "tree.TextTree"
                },
                {
                    "c": null,
                    "children": [],
                    "content": "The rectication process is depicted in Fig. 5, with the optical system treated as a black box. To nd \u02dcnA we begin with the indices of the rectied light eld nR, and project through the ideal optical system by applying H R, yielding the ideal ray \u03c6R. Referring to the distortion model (7), the desired ray \u03c6R is arrived at by applying the forward model to some unknown undistorted ray \u03c6A. Assuming we can nd \u03c6A, shown below, the desired index \u02dcnA is arrived at by applying the inverse of the estimated intrinsic matrix \u02c6H-1 . There is no closed-form solution to the problem of reversing the distortion model (7), and so we propose an iterative approach similar to that of Melen [15]. Starting with an estimate of r taken from the desired ray \u03c6R, we solve for 1 using (7), then update r from the the rst-pass estimate \u03c6A new estimate and iterate. In practice we have found as few as two iterations to produce acceptable results.",
                    "embedding": null,
                    "h": null,
                    "parent": {
                        "py/id": 74
                    },
                    "py/object": "tree.TextTree"
                }
            ],
            "content": "1 N -cpix 0 1 0 0",
            "embedding": null,
            "h": null,
            "parent": {
                "py/id": 0
            },
            "py/object": "tree.TextTree"
        },
        {
            "c": null,
            "children": [
                {
                    "c": null,
                    "children": [],
                    "content": "We carried out calibration on ve datasets collected with the commercially available Lytro plenoptic camera. The same camera was used for all datasets, but the optical conguration was changed between datasets by adjusting the camera\u2019s focal settings \u2013 care was taken not to change settings within a dataset. Three calibration grids of differing sizes were used: a 19 \u00d7 19 grid of 3.61 mm cells, a 19 \u00d7 19 grid of 7.22 mm cells, and an 8 \u00d7 6 grid of 35.1 \u00d7 35.0 mm cells. Images within each dataset were taken over a range of depths and orientations. In Datasets A and B, range did not exceed 20 cm, in C and D it did not exceed 50 cm, and in E it did not exceed 2 m. Close ranges were favoured in all datasets so as to maximize accuracy in light of limited effective baseline",
                    "embedding": null,
                    "h": null,
                    "parent": {
                        "py/id": 100
                    },
                    "py/object": "tree.TextTree"
                },
                {
                    "c": null,
                    "children": [],
                    "content": "Table 1. Virtual \u201cAligned\u201d Camera ParameterscM , c\u03bc, cpix dM , d\u03bc, fM",
                    "embedding": null,
                    "h": null,
                    "parent": {
                        "py/id": 100
                    },
                    "py/object": "tree.TextTree"
                },
                {
                    "c": null,
                    "children": [],
                    "content": "Table 2. Estimated Parameters, Dataset B",
                    "embedding": null,
                    "h": null,
                    "parent": {
                        "py/id": 100
                    },
                    "py/object": "tree.TextTree"
                },
                {
                    "c": null,
                    "children": [],
                    "content": "H1,1 H1,3 H1,5 H2,2 H2,4 H2,5 H3,1 H3,3 H3,5 H4,2 H4,4 H4,5",
                    "embedding": null,
                    "h": null,
                    "parent": {
                        "py/id": 100
                    },
                    "py/object": "tree.TextTree"
                },
                {
                    "c": null,
                    "children": [],
                    "content": "Distortion 4.0003e-04 3.6974e-04 -8.6736e-19 -5.6301e-05 -9.3810e-05 1.5871e-02 -1.5862e-03 3.6974e-04 3.9680e-04 -8.6736e-19 -5.3831e-05 -9.3704e-05 -1.5862e-03 1.5867e-02 -1.5194e-03 -1.1888e-03 -1.1833e-03 1.8167e-03 1.8105e-03 -3.3897e-01 -3.3681e-01 -3.3175e-01 -1.5194e-03 -1.1657e-03 -1.1583e-03 1.8167e-03 1.8077e-03 -3.3897e-01 -3.2501e-01 -3.2230e-01 1.5258e-01 -1.1840e-01 2.9771e+00 -3.4308e-03 -5.5949e-03",
                    "embedding": null,
                    "h": null,
                    "parent": {
                        "py/id": 100
                    },
                    "py/object": "tree.TextTree"
                },
                {
                    "c": null,
                    "children": [],
                    "content": "Table 3. RMS Ray Reprojection Error (mm)",
                    "embedding": null,
                    "h": null,
                    "parent": {
                        "py/id": 100
                    },
                    "py/object": "tree.TextTree"
                },
                {
                    "c": null,
                    "children": [],
                    "content": "Dataset/grid A/3.61 B/3.61 C/7.22 D/7.22 E/35.1",
                    "embedding": null,
                    "h": null,
                    "parent": {
                        "py/id": 100
                    },
                    "py/object": "tree.TextTree"
                },
                {
                    "c": null,
                    "children": [],
                    "content": "Initial 3.20 5.06 8.63 5.92 13.8",
                    "embedding": null,
                    "h": null,
                    "parent": {
                        "py/id": 100
                    },
                    "py/object": "tree.TextTree"
                },
                {
                    "c": null,
                    "children": [],
                    "content": "Intrin. Dist. 0.146 0.148 0.255 0.247 0.471",
                    "embedding": null,
                    "h": null,
                    "parent": {
                        "py/id": 100
                    },
                    "py/object": "tree.TextTree"
                },
                {
                    "c": null,
                    "children": [],
                    "content": "Multi295 Multi631 0.198 0.178 0.220 0.382 2.22in the s, t plane. This did not limit the applicability of each calibration to longer-range imagery.",
                    "embedding": null,
                    "h": null,
                    "parent": {
                        "py/id": 100
                    },
                    "py/object": "tree.TextTree"
                },
                {
                    "c": null,
                    "children": [],
                    "content": "The datasets each contained between 10 and 18 poses, and are available online1. Investigating the minimum number of poses required to obtain good calibration results is left as future work, but from the results obtained it is clear that 10 is sufcient for appropriately diverse poses.",
                    "embedding": null,
                    "h": null,
                    "parent": {
                        "py/id": 100
                    },
                    "py/object": "tree.TextTree"
                },
                {
                    "c": null,
                    "children": [],
                    "content": "The decoding process requires a white image for locating lenselet image centers and correcting for vignetting. For this purpose, we used white images provided with the camera. Fig. 7a shows a crop of a typical white image, with the grid model overlaid. A closeup of one of the checkerboard images after demosaicing and correcting for vignetting is shown in Fig. 7b. We decoded to a 10-pixel aligned intermediary image yielding, after interpolations, 11 \u00d7 11 \u00d7 380 \u00d7 380 pixels. We ignored a border of two pixels in i, j due to demosaicing and edge artefacts.",
                    "embedding": null,
                    "h": null,
                    "parent": {
                        "py/id": 100
                    },
                    "py/object": "tree.TextTree"
                },
                {
                    "c": null,
                    "children": [],
                    "content": "An initial estimate of the camera\u2019s intrinsics was formed from its physical parameters, adjusted to re\ufb02ect the parameters of the decode process using Eq. 6. The adjusted parameters for Dataset B are shown in Table 1, and the resulting intrinsics appear in the \u201cInitial\u201d column of Table 2.",
                    "embedding": null,
                    "h": null,
                    "parent": {
                        "py/id": 100
                    },
                    "py/object": "tree.TextTree"
                },
                {
                    "c": null,
                    "children": [],
                    "content": "For feature detection we used the Robust Automatic Detection Of Calibration Chessboards [11] toolbox2. All features appear in all images, simplifying the task of associating them. Each calibration stage converged within 15 iterations in all cases, with the longer-range datasets generally taking longer to converge. Table 2 shows the estimated parameters for Dataset B at the three stages of the calibration process: initial estimate, intrinsics without distortion, and intrinsics with distortion. Table 3 summarizes the root mean square (RMS) ray reprojection error, as described in Section 5, at the three calibration stages and across the ve datasets. Results are also shown for two conventional multiple-camera calibration models, Multi295 and Multi631. The rst represents the plenoptic camera as an array of projective sub-cameras with independent relative poses and identical intrinsics and distortion parameters, while the second also includes per-sub-camera intrinsic and distortion parameters. Both camera array models grow in complexity with sample count in i and j, and for 7\u00d7 7 samples require 295 and 631 parameters, respectively.",
                    "embedding": null,
                    "h": null,
                    "parent": {
                        "py/id": 100
                    },
                    "py/object": "tree.TextTree"
                },
                {
                    "c": null,
                    "children": [],
                    "content": "From Table 3, the Multi295 model performs poorly, while Multi631 approaches the performance of our proposed 15parameter model. Referring to Table 2, we observe that the calibrated H1,3 and H2,4 terms converged to nonzero values. These represent the dependence of a ray\u2019s position on the lenselet through which it passes, and a consequence of these nonzero values is that rays take on a wide variety of rational-valued positions in the s, t plane. This raises an important problem with the multiple-camera models, which unrealistically constrain rays to pass through a small set of sub-camera apertures, rather than allowing them to vary smoothly in position. We take this to explain the poor performance of the Multi295 model. The Multi631 model performed well despite this limitation, which we attribute to its very high dimensionality. Aside from the obvious tradeoff in complexity \u2013 compare with our proposed 15-parameter model \u2013 this model presents a risk of overtting and correspondingly reduced generality.",
                    "embedding": null,
                    "h": null,
                    "parent": {
                        "py/id": 100
                    },
                    "py/object": "tree.TextTree"
                },
                {
                    "c": null,
                    "children": [],
                    "content": "Fig. 6 depicts typical ray reprojection error in our proposed model as a function of direction and position. The top row depicts error with no distortion model, and clearly shows a radial pattern as a function of both direction (left) and position (right). The bottom row shows error with the proposed distortion model in place \u2013 note the order of magnitude reduction in the error scale, and the absence of any evident radial pattern. This shows the proposed distortion model to account for most lens distortion for this camera.",
                    "embedding": null,
                    "h": null,
                    "parent": {
                        "py/id": 100
                    },
                    "py/object": "tree.TextTree"
                },
                {
                    "c": null,
                    "children": [],
                    "content": "We have carried out decoding and rectication on a wide range of images \u2013 more than 700 at the time of writing.",
                    "embedding": null,
                    "h": null,
                    "parent": {
                        "py/id": 100
                    },
                    "py/object": "tree.TextTree"
                },
                {
                    "c": null,
                    "children": [],
                    "content": "Figure 6. Ray reprojection error for Dataset B. Left: error vs. ray direction; right: error vs. ray position; top: no distortion model; bottom: the proposed ve-parameter distortion model \u2013 note the order of magnitude difference in the error scale. The proposed model has accounted for most lens distortion for this camera.",
                    "embedding": null,
                    "h": null,
                    "parent": {
                        "py/id": 100
                    },
                    "py/object": "tree.TextTree"
                },
                {
                    "c": null,
                    "children": [],
                    "content": "Examples of decoded and rectied light elds are shown in Figs. 7c\u2013h, as 2D slices in k, l \u2013 i.e. with i and j xed \u2013 and further examples are available online. Rectication used a four-iteration inverse distortion model. The straight red rulings aid visual conrmation that rectication has signicantly reduced the effects of lens distortion. The two last images are also shown in Fig. 8 as slices in the horizontal i, k plane passing through the center of the lorikeet\u2019s eye. The straight lines display minimal distortion, and that they maintain their slopes conrms that rectication has not destroyed the 3D information captured by the light eld.",
                    "embedding": null,
                    "h": null,
                    "parent": {
                        "py/id": 100
                    },
                    "py/object": "tree.TextTree"
                }
            ],
            "content": "6. Results",
            "embedding": null,
            "h": null,
            "parent": {
                "py/id": 0
            },
            "py/object": "tree.TextTree"
        },
        {
            "c": null,
            "children": [
                {
                    "c": null,
                    "children": [],
                    "content": "We have presented a 15-parameter camera model and method for calibrating a lenselet-based plenoptic camera. This included derivation of a novel physically based 4D intrinsic matrix and distortion model which relate the indices of a pixel to its corresponding spatial ray. We proposed a practical objective function based on ray reprojection, and presented an optimization framework for carrying out calibration. We also presented a method for decoding hexagonal lenselet-based plenoptic images without prior knowledge of the camera\u2019s parameters, and related the resulting images to the camera model. Finally, we showed a method for rectifying the decoded images, reversing the effects of lens distortion and yielding square pixels in i, j and k, l. In the rectied images, the ray corresponding to each pixel is easily found through a single matrix multiplication (5).",
                    "embedding": null,
                    "h": null,
                    "parent": {
                        "py/id": 140
                    },
                    "py/object": "tree.TextTree"
                },
                {
                    "c": null,
                    "children": [],
                    "content": "Figure 7. a) Crop of a white image overlaid with the estimated grid, and b) the demosaiced and vignetting-corrected raw checkerboard image; c\u2013h) examples of (left) unrectied and (right) rectied light elds; red rulings aid conrmation that rectication has signicantly reduced the effect of lens distortion.",
                    "embedding": null,
                    "h": null,
                    "parent": {
                        "py/id": 140
                    },
                    "py/object": "tree.TextTree"
                },
                {
                    "c": null,
                    "children": [],
                    "content": "Validation included ve datasets captured with a commercially available plenoptic camera, over three calibration grid sizes. Typical RMS ray reprojection errors were 0.0628, 0.105 and 0.363 mm for 3.61, 7.22 and 35.1 mm calibration grids, respectively. Real-world rectied imagery",
                    "embedding": null,
                    "h": null,
                    "parent": {
                        "py/id": 140
                    },
                    "py/object": "tree.TextTree"
                },
                {
                    "c": null,
                    "children": [],
                    "content": "Figure 8. Slices in the horizontal plane i, k of the a) unrectied and b) rectied lorikeet images from Figs. 7g and h; i is on the vertical axis, and k on the horizontaldemonstrated a signicant reduction in lens distortion. Future work includes automating initial estimation of the camera\u2019s physical parameters, more complex distortion models, and autocalibration from arbitrary scenes.",
                    "embedding": null,
                    "h": null,
                    "parent": {
                        "py/id": 140
                    },
                    "py/object": "tree.TextTree"
                },
                {
                    "c": null,
                    "children": [],
                    "content": "Acknowledgments This work is supported in part by the Australian Research Council (ARC), the New South Wales State Government, the Australian Centre for Field Robotics, The University of Sydney, and the Australian Government\u2019s International Postgraduate Research Scholarship (IPRS).",
                    "embedding": null,
                    "h": null,
                    "parent": {
                        "py/id": 140
                    },
                    "py/object": "tree.TextTree"
                },
                {
                    "c": null,
                    "children": [],
                    "content": "References [1] T. Bishop and P. Favaro. The light eld camera: Extended depth of eld, aliasing, and superresolution. Pattern Analysis and Machine Intelligence, IEEE Trans. on, 34(5):972\u2013986, May 2012.ume 1. Society for Industrial Mathematics, 1987.ics (TOG), volume 24, pages 735\u2013744. ACM, Jul 2005.",
                    "embedding": null,
                    "h": null,
                    "parent": {
                        "py/id": 140
                    },
                    "py/object": "tree.TextTree"
                }
            ],
            "content": "7. Conclusions and Future Work",
            "embedding": null,
            "h": null,
            "parent": {
                "py/id": 0
            },
            "py/object": "tree.TextTree"
        }
    ],
    "content": "Decoding, Calibration and Rectication for Lenselet-Based Plenoptic Cameras",
    "embedding": null,
    "h": null,
    "parent": null,
    "py/object": "tree.TextTree"
}