{
    "c": null,
    "children": [
        {
            "c": null,
            "children": [],
            "content": "Abstract",
            "embedding": null,
            "h": null,
            "parent": {
                "py/id": 0
            },
            "py/object": "tree.TextTree"
        },
        {
            "c": null,
            "children": [
                {
                    "c": null,
                    "children": [],
                    "content": "Our goal is to estimate contour flow (the contour pairs with consistent point correspondence) from inconsistent contours extracted independently in two video frames. We formulate the contour flow estimation locally as a motion segmentation problem where motion patterns grouped from optical flow field are exploited for local correspondence measurement. To solve local ambiguities, contour flow estimation is further formulated globally as a contour alignment problem. We propose a novel two-staged strategy to obtain global consistent point correspondence under various contour transitions such as splitting, merging and branching. The goal of the first stage is to obtain possible accurate contour-to-contour alignments, and the second stage aims to make a consistent fusion of many partial alignments. Such a strategy can properly balance the accuracy and the consistency, which enables a middle-level motion representation to be constructed by just concatenating frame-by-frame contour flow estimation. Experiments prove the effectiveness of our method. 1",
                    "embedding": null,
                    "h": null,
                    "parent": {
                        "py/id": 4
                    },
                    "py/object": "tree.TextTree"
                },
                {
                    "c": null,
                    "children": [],
                    "content": "This work was supported in part by National Natural Science Foundation of China (No. 61003098, 61273273, and 61271374), the Specialized Fund for Joint Building Program of Beijing Municipal Education Commission, and research Fund for Doctoral Program of Higher Education of China (No. 20121101110043).",
                    "embedding": null,
                    "h": null,
                    "parent": {
                        "py/id": 4
                    },
                    "py/object": "tree.TextTree"
                },
                {
                    "c": null,
                    "children": [],
                    "content": "General-purpose motion estimation is a long-standing research topic in computer vision, due to its potential difficulties and broad applications. Optical flow estimation (e.g. [1]-[3], to name a few) and point tracking [4]-[7] are two representative methods, which have found their wide usages in motion/video segmentation [8][9], object tracking [10], human pose estimation [11]-[13] and action recognition [7], etc. Despite the widespread utility, these methods provide only low level motion information, making further motion analysis or recognition from their results challenging. The related results lack compact yet descriptive information about the shape and the motion of objects in the scene, where optical flow is too dense to explicitly reflect structures, while point trajectories are too sparse or unorganized to represent sophisticated structures.",
                    "embedding": null,
                    "h": null,
                    "parent": {
                        "py/id": 4
                    },
                    "py/object": "tree.TextTree"
                },
                {
                    "c": null,
                    "children": [],
                    "content": "Aiming at complementing these methods, this paper addresses a problem of contour flow estimation. As shown in Fig. 1a and 1c, the edge pixels in each video frame are linked independently into several contours. And the goal of this paper is to find consistent correspondence of the points on the contours between two consecutive frames (see Fig. 1d). According to motion consistency the original contours from two frames are dismembered and regrouped into coincident ones (see Fig. 1b and 1d). Such coincident contour pairs with point correspondence are called contour",
                    "embedding": null,
                    "h": null,
                    "parent": {
                        "py/id": 4
                    },
                    "py/object": "tree.TextTree"
                },
                {
                    "c": null,
                    "children": [],
                    "content": "Contour flow offers a valuable middle-level motion representation which helps to bridge the gap between high level concepts and low level motion cues. By linking adjacent edge pixels into ordered point sets, image contours possess two important characteristics: orderly connectivity and good boundary localization. Contour flow further extends these two characteristics into space-time domain:that such motion grouping results are",
                    "embedding": null,
                    "h": null,
                    "parent": {
                        "py/id": 4
                    },
                    "py/object": "tree.TextTree"
                },
                {
                    "c": null,
                    "children": [],
                    "content": "However, contour flow estimation is not an easy task. Previous work [14]-[23] had dealt with related problems (see Section 2), but no available practically useful methods can be applied in our problem domain. The key of contour flow estimation is to establish the consistent point correspondence among the inconsistent contours from two video frames under practical conditions such as cluttered environment. A successful estimation of contour flow requires simultaneously tackling two coupled difficulties. One is that the clutter of environment could give rise to highly competitive candidates for point correspondence. It is challenging to design a measurement to locally pick correct correspondence. The other is that the inconsistent linkage of edges in different frames will lead to various contour transitions (such as splitting, merging and branching, see Fig. 1c), which bring troubles in carrying out proper global reasoning to solve the local ambiguities.",
                    "embedding": null,
                    "h": null,
                    "parent": {
                        "py/id": 4
                    },
                    "py/object": "tree.TextTree"
                },
                {
                    "c": null,
                    "children": [],
                    "content": "By tackling these difficulties, this paper makes two distinct contributions. First, in contrast to the previous work which measures the correspondence based on static image information, we propose a parallel idea for correspondence measurement that uses motion information from optical flow. Our motivation draws from the observation that the motion of a contour locating on a physical surface is usuallyconsistent with the motion of surface's interiors. In this regard, we view contour flow estimation locally as a motion segmentation problem, i.e. picking the right motion label for each contour point from its surrounding motion patterns which are extracted from optical flow field. The success of this idea is on the basis of impressive progress of optical flow. On the contrary, purely relying on static image information makes previous work isolated and brittle under practical conditions.",
                    "embedding": null,
                    "h": null,
                    "parent": {
                        "py/id": 4
                    },
                    "py/object": "tree.TextTree"
                },
                {
                    "c": null,
                    "children": [],
                    "content": "Our second contribution is that we propose a novel two-staged strategy for global reasoning which can handle the above mentioned difficulties caused by various contour transitions. The goal of the first stage is to obtain possible accurate contour-to-contour alignments, and the second stage aims to make a consistent fusion of many partial alignments from the first stage.",
                    "embedding": null,
                    "h": null,
                    "parent": {
                        "py/id": 4
                    },
                    "py/object": "tree.TextTree"
                },
                {
                    "c": null,
                    "children": [],
                    "content": "The strength of the proposed strategy is that it can properly balance the accuracy and the consistency. At the first stage, we consider the tentative alignment of only one pair of contours at a time. This helps to make the situation clear, and the accuracy of alignment can be ensured by enforcing tight shape constraints (e.g. to penalize disordering, bending, stretching or shrinking). At the second stage, the contour flow is finally obtained by selecting consistent portions of the alignments from the first stage. The selection is achieved by solving a labeling problem as a whole under loose constraints of piecewise motion continuity.",
                    "embedding": null,
                    "h": null,
                    "parent": {
                        "py/id": 4
                    },
                    "py/object": "tree.TextTree"
                },
                {
                    "c": null,
                    "children": [],
                    "content": "There are two advantages of such a balance between the accuracy and the consistency. The first one is that sufficient accuracy allows meaningful long-term motion information to be generated by just concatenating frame-by-frame contour flow. The second one is that sufficient consistency ensures stable contour trajectories to be obtained; otherwise only the short ones may be generated. Owing to these advantages, a meaningful and stable mesh-based middle-level motion representation is able to be constructed.",
                    "embedding": null,
                    "h": null,
                    "parent": {
                        "py/id": 4
                    },
                    "py/object": "tree.TextTree"
                },
                {
                    "c": null,
                    "children": [],
                    "content": "The paper is organized as following. Related work is reviewed in Section 2. The formal problem formulation and contour flow algorithm are presented in Section 3. We dedicate Section 4 to discuss how to concatenate contour flow into mesh-based motion representation and long-term trajectories. Experiments and applications are reported in Section 5, and Section 6 gives the conclusion.",
                    "embedding": null,
                    "h": null,
                    "parent": {
                        "py/id": 4
                    },
                    "py/object": "tree.TextTree"
                }
            ],
            "content": "1. Introduction",
            "embedding": null,
            "h": null,
            "parent": {
                "py/id": 0
            },
            "py/object": "tree.TextTree"
        },
        {
            "c": null,
            "children": [
                {
                    "c": null,
                    "children": [],
                    "content": "We discuss the related work on motion/correspondence estimation of contours or edges [14]-[23] from two aspects: correspondence measurement to locally score the candidates of point correspondence, and proper global reasoning to solve the local ambiguities.",
                    "embedding": null,
                    "h": null,
                    "parent": {
                        "py/id": 28
                    },
                    "py/object": "tree.TextTree"
                },
                {
                    "c": null,
                    "children": [],
                    "content": "Previous work had investigated various descriptors for correspondence measurement, such as color gradients at edge pixels [16], image statistics on the two sides of edges",
                    "embedding": null,
                    "h": null,
                    "parent": {
                        "py/id": 28
                    },
                    "py/object": "tree.TextTree"
                },
                {
                    "c": null,
                    "children": [],
                    "content": "The work in [3] also views motion estimation as a motion segmentation problem. The difference between their idea and ours is that they combine motion segmentation with optical flow formulation, whereas we combine motion segmentation with contour alignment. In their work, motion segmentation provides solution space for optical flow formulation. While in this paper, motion segmentation provides correspondence measurement for contour alignment, and our data term can be purely based on the motion cues from pre-estimated optical flow field. However our results are not the reproductions of the motion information from the optical flow field. Experiments provide the evidence that contour alignment could help to resist certain noises in the flow field.",
                    "embedding": null,
                    "h": null,
                    "parent": {
                        "py/id": 28
                    },
                    "py/object": "tree.TextTree"
                },
                {
                    "c": null,
                    "children": [],
                    "content": "In terms of how global reasoning is carried out, relatedmethods can be roughly classified into three categories:contours: the input contours in two frames may be inconsistent. To handle various contour transitions, our algorithm consists of three steps which are illustrated in (b)~(d). (b) Contour to contour alignment: for each contour in frame a, to find its all possible partial alignments in frame b. (c) Confliction analysis: for each contour in frame a, by analyzing how its partial alignments are overlapped, break it into several fragments the alignments of which do not conflict with each other. For instance, for the blackcontour shown in (c), its two partial alignments ((cid:1829)(cid:2869)~(cid:1829)(cid:2869)(cid:4593) and (cid:1829)(cid:2870)~(cid:1829)(cid:2870)(cid:4593) ) are overlapped. After confliction analysis, the black which are (cid:312)(cid:3404)(cid:1829)(cid:2869)\u2229(cid:1829)(cid:2870), (cid:311)(cid:3404)(cid:1829)(cid:2869)-(cid:312), and (cid:313)(cid:3404)(cid:1829)(cid:2870)-(cid:312). (d) Global optimization: to obtain globally consistent contour flow, the fragments from the previous step will serve as the target nodes of global optimization, and the goal is to solve a labeling problem under a tree neighborhood structure of the nodes.consider only joining the contour fragments, but do not carry out a global optimization of the correspondence.contour is broken down into three non-overlapped fragments",
                    "embedding": null,
                    "h": null,
                    "parent": {
                        "py/id": 28
                    },
                    "py/object": "tree.TextTree"
                }
            ],
            "content": "2. Related Work and Discussions",
            "embedding": null,
            "h": null,
            "parent": {
                "py/id": 0
            },
            "py/object": "tree.TextTree"
        },
        {
            "c": null,
            "children": [
                {
                    "c": null,
                    "children": [
                        {
                            "c": null,
                            "children": [],
                            "content": "To apply motion segmentation for correspondence measurement, we first extract a set of local motion patterns which are about the motions of small portions on physical surfaces. Then the correspondence of each contour point can be measured by the extent of the consistency between the motion reflected by the correspondence and the local motion patterns near that point.",
                            "embedding": null,
                            "h": null,
                            "parent": {
                                "py/id": 40
                            },
                            "py/object": "tree.TextTree"
                        },
                        {
                            "c": null,
                            "children": [],
                            "content": "A small overlapped sliding window (e.g. with size of 20 pixels and 10 pixels overlapping) is scanned over the optical flow field, where the local motion patterns are identified independently in each window. We use similarity motion transformation to extract the motion patterns. RANSAC algorithm is applied to estimate the parameters of the similarity transformations. When one motion pattern is found, we remove the inlier points which are sufficiently close to the current motion pattern. Then, the remaining points are used to find other motion patterns. This procedure is repeated until no point left.",
                            "embedding": null,
                            "h": null,
                            "parent": {
                                "py/id": 40
                            },
                            "py/object": "tree.TextTree"
                        },
                        {
                            "c": null,
                            "children": [],
                            "content": "Given one contour point (say p) in frame a, its surrounding motion patterns within a circular region of radius Rmo are used to measure the quality of its correspondence candidate (say q) in frame b. The measurement is based on local motion segmentation:",
                            "embedding": null,
                            "h": null,
                            "parent": {
                                "py/id": 40
                            },
                            "py/object": "tree.TextTree"
                        }
                    ],
                    "content": "3.1. Correspondence Measurement",
                    "embedding": null,
                    "h": null,
                    "parent": {
                        "py/id": 38
                    },
                    "py/object": "tree.TextTree"
                },
                {
                    "c": null,
                    "children": [
                        {
                            "c": null,
                            "children": [],
                            "content": "Given the contours in frame a and b, we carry out a tentative contour-to-contour alignment for all possible contour pairs inside a certain search range Rsrh (more specifically, the contour pairs with at least two points p and q where the distance DMo(p, q)\u2264Rsrh). By such alignments, we can obtain a pool of hypotheses of contour flow which contains all possible pieces of correspondence under various contour transitions.",
                            "embedding": null,
                            "h": null,
                            "parent": {
                                "py/id": 48
                            },
                            "py/object": "tree.TextTree"
                        },
                        {
                            "c": null,
                            "children": [],
                            "content": "Suppose we are aligning a contour Ca at frame a to a contour Cb at frame b, where the two contours are defined as ordered point sets Ca={pi; i=1, 2, \u2026, Na} and Cb={qj; j=1, 2, \u2026, Nb} respectively. The primary goal of the alignment is to find an optimal correspondence assignment mi for each point pi in Ca w.r.t. the points in Cb. When mi=j, it means that pi is aligned to qj. As two contours might not be aligned completely, partial alignment must be considered. Therefore, a binary variable vi is introduced, which indicates the visibility of pi in frame b. When vi=0/1, it indicates that the correspondence of pi cannot/can be found. As we are aligning two ordered point sets, the ordering can be useful constraint to enable consistent correspondence. To handle possible descend or ascend alignments of two contours, another binary variable oi (takes 1 or -1) is defined for each point pi in Ca. When oi = -1, it implies that the point pair {pi-1, pi} is aligned to Cb in reversed order, i.e. mi<mi-1; otherwise the vice. The ultimate goal of the alignment is to obtain an optimal state Ui\u2261{mi, vi, oi} for each point pi, such that Ca can be best aligned to Cb under tight shape constraints.",
                            "embedding": null,
                            "h": null,
                            "parent": {
                                "py/id": 48
                            },
                            "py/object": "tree.TextTree"
                        },
                        {
                            "c": null,
                            "children": [],
                            "content": "The energy function of the alignment can be generallywhere we also consider the use of image-based measureurement from data is ignored when pi is invisible in frame bsmoothness term. The optimal alignment can be obtained by minimizing E(U) w.r.t. U. D(Ui) measures the quality of the correspondence defined by Ui, where the motion basedwhere Sco is an order constraint term, Scs is a scale constraint term, and Scb is a bending constraint term. These three terms ensure the smoothness of the correspondence of the point pair pi-1 and pi, by penalizing disordering, stretching orgive the decision of vi=0. In the sense of giving the samevi from data term. When the data term for all possible valamong these parameters, there's one free parameter that cantune/learn the other parameters for proper thresholding.",
                            "embedding": null,
                            "h": null,
                            "parent": {
                                "py/id": 48
                            },
                            "py/object": "tree.TextTree"
                        },
                        {
                            "c": null,
                            "children": [],
                            "content": "The order constraint term Sco is defined as",
                            "embedding": null,
                            "h": null,
                            "parent": {
                                "py/id": 48
                            },
                            "py/object": "tree.TextTree"
                        },
                        {
                            "c": null,
                            "children": [],
                            "content": "When pi-1 or pi is invisible, the order constraint will not be considered (i.e. Sco takes zero when vi-1=0 or vi=0). And disordering will be forbidden when the correspondencethe expected order (oi = 1 but mi<mi-1, or oi = -1 but mi>mi-1).",
                            "embedding": null,
                            "h": null,
                            "parent": {
                                "py/id": 48
                            },
                            "py/object": "tree.TextTree"
                        },
                        {
                            "c": null,
                            "children": [],
                            "content": "Although Sco describes the order constraint on mi-1 and mi, it totally relies on the value of oi. In other words, Sco alone cannot provide the expected order constraint. Given any values of mi-1 and mi, one can freely find a certain value of oi that makes Sco zero. Therefore additional constraint of oi is required and So in (4) plays such a role. So is a continuity constraint term of the order, and defined as",
                            "embedding": null,
                            "h": null,
                            "parent": {
                                "py/id": 48
                            },
                            "py/object": "tree.TextTree"
                        },
                        {
                            "c": null,
                            "children": [],
                            "content": "Together with (5), by minimizing the energy in (2), one can obtain proper order information oi as well as enforce order constraint on mi-1 and mi.",
                            "embedding": null,
                            "h": null,
                            "parent": {
                                "py/id": 48
                            },
                            "py/object": "tree.TextTree"
                        },
                        {
                            "c": null,
                            "children": [],
                            "content": "To penalize large stretching or shrinking, the scale constraint term Scs in (4) is defined as",
                            "embedding": null,
                            "h": null,
                            "parent": {
                                "py/id": 48
                            },
                            "py/object": "tree.TextTree"
                        },
                        {
                            "c": null,
                            "children": [],
                            "content": "The extent of stretching or shrinking is measured by the ratio of change of the distance between the (i-1)th and the ith points under the correspondence mi-1 and mi. The function f imposes the related penalty, given the signed ratio of change (positive value for stretching and negative value for shrinking) as argument. One can choose suitable f to enforce desired penalty. A simple f can beconstant (cid:2022) (i.e., the (cid:2022) in this paper are all the same) is again greater than (cid:2022)), it will be very likely that pi-1 or pi is invisibleused in (7) as a local threshold to partially determine vi-1 and vi from the scale term. That is, when all possible correspondence cause large stretching or shrinking (the values of f under possible combinations of mi-1 and mi are all",
                            "embedding": null,
                            "h": null,
                            "parent": {
                                "py/id": 48
                            },
                            "py/object": "tree.TextTree"
                        },
                        {
                            "c": null,
                            "children": [],
                            "content": "The bending constraint term Scb in (4) penalizes large non-rigid deformation. Although at least three points are required to describe locally the deformation of a contour, a two-point translation-based bending constraint is used here for the sake of simplicity. The Scb is defined as",
                            "embedding": null,
                            "h": null,
                            "parent": {
                                "py/id": 48
                            },
                            "py/object": "tree.TextTree"
                        },
                        {
                            "c": null,
                            "children": [],
                            "content": "This term will penalize any kind of motion of a contour except for translation. It might be an over restriction, but a",
                            "embedding": null,
                            "h": null,
                            "parent": {
                                "py/id": 48
                            },
                            "py/object": "tree.TextTree"
                        }
                    ],
                    "content": "3.2. Tentative Contour-to-Contour Alignment",
                    "embedding": null,
                    "h": null,
                    "parent": {
                        "py/id": 38
                    },
                    "py/object": "tree.TextTree"
                },
                {
                    "c": null,
                    "children": [
                        {
                            "c": null,
                            "children": [],
                            "content": "For the visibility, D(Ui) provides unitary data term for each vi. Sco, Scs, and Scb provide pairwise data term for one pair of vi-1 and vi. The smoothness term of visibility is captured by Sv in (4), which is defined as",
                            "embedding": null,
                            "h": null,
                            "parent": {
                                "py/id": 72
                            },
                            "py/object": "tree.TextTree"
                        },
                        {
                            "c": null,
                            "children": [],
                            "content": "Based on all above definitions, one can minimize the energy in (2) to determine the optimal alignment from contour Ca to contour Cb. And dynamic programing (DP) can be applied to achieve a global optimization efficiently.",
                            "embedding": null,
                            "h": null,
                            "parent": {
                                "py/id": 72
                            },
                            "py/object": "tree.TextTree"
                        },
                        {
                            "c": null,
                            "children": [],
                            "content": "By the contour-to-contour alignment discussed in previous subsection, we can obtain a pool of hypotheses which contains all possible pieces of correspondence under various contour transitions. To solve the confliction among the correspondence in the pool, a final contour flow optimization is considered here.",
                            "embedding": null,
                            "h": null,
                            "parent": {
                                "py/id": 72
                            },
                            "py/object": "tree.TextTree"
                        },
                        {
                            "c": null,
                            "children": [],
                            "content": "For the target nodes, suppose we have a set of labels",
                            "embedding": null,
                            "h": null,
                            "parent": {
                                "py/id": 72
                            },
                            "py/object": "tree.TextTree"
                        },
                        {
                            "c": null,
                            "children": [],
                            "content": "As shown in Fig. 2c, by analyzing the confliction in the hypotheses pool, one can split the original input contours into several non-overlapping fragments which will serve as the target nodes for contour flow optimization. The goal of contour flow optimization is to solve a labeling problem, by globally selecting consistent flow hypotheses from the pool under loose constraint of piecewise motion continuity.the nodes and Lk is an integer variable whose domain are the indexes of the correspondence hypotheses of the kth node. The flow optimization is achieved by minimizing following energyneighborhood structure of the nodes (see Fig. 2d), for the ease of optimization (DP can be applied again). The tree can be obtained by generating a minimum spanning tree from the graph defined on the target nodes with Euclideanunder practical conditions. We are continuously extending this dataset, and intend to release it to promote related researches.",
                            "embedding": null,
                            "h": null,
                            "parent": {
                                "py/id": 72
                            },
                            "py/object": "tree.TextTree"
                        },
                        {
                            "c": null,
                            "children": [],
                            "content": "Currently, there are total 12 image sequences with 100+ contour annotated in the dataset. The image sequences are selected from video segmentation dataset BVSD [24], human pose estimation dataset VideoPose2.0 [11], and action recognition dataset UT-Interaction [25]. Our experiments are carried out on this dataset with fixed parameters for all the image sequences. The parameters setting are: the radius Rmo is set as 20 pixels, and the search range",
                            "embedding": null,
                            "h": null,
                            "parent": {
                                "py/id": 72
                            },
                            "py/object": "tree.TextTree"
                        },
                        {
                            "c": null,
                            "children": [],
                            "content": "Rsrh is chosen as 5 pixels. The threshold (cid:2022) is fixed as 0.6. The sigma\t\u03c3(cid:3014)(cid:3042), \u03c3(cid:3010)(cid:3040) and (cid:2026)(cid:3021) are set as 3, 0.5, and 2 respectively. The penalty (cid:2009), (cid:2010) and (cid:2011) are selected as 1, 0.4, and 0.3 respectively. The parameter (cid:2025) is set as 0.2. In subsection 5.2, (cid:2019) for calculating D(U) is set as 1, which means that method in [1]). In subsection 5.3, (cid:2019) is adjusted for quanticorrespondence measurement D(U) is purely based on the motion information from optical flow (generated via thetative analyses. How to choose above parameters is also discussed in subsection 5.3.",
                            "embedding": null,
                            "h": null,
                            "parent": {
                                "py/id": 72
                            },
                            "py/object": "tree.TextTree"
                        }
                    ],
                    "content": "3.3. Flow Optimization from Many Alignments",
                    "embedding": null,
                    "h": null,
                    "parent": {
                        "py/id": 38
                    },
                    "py/object": "tree.TextTree"
                },
                {
                    "c": null,
                    "children": [
                        {
                            "c": null,
                            "children": [],
                            "content": "By minimizing the energy in (11), the final estimation of contour flow can be obtained, where according to motion consistency the original contours from two frames are dismembered and regrouped into coincident ones.",
                            "embedding": null,
                            "h": null,
                            "parent": {
                                "py/id": 88
                            },
                            "py/object": "tree.TextTree"
                        }
                    ],
                    "content": "5.2. The Capabilities of Contour Flow",
                    "embedding": null,
                    "h": null,
                    "parent": {
                        "py/id": 38
                    },
                    "py/object": "tree.TextTree"
                }
            ],
            "content": "3. Contour Flow Algorithm",
            "embedding": null,
            "h": null,
            "parent": {
                "py/id": 0
            },
            "py/object": "tree.TextTree"
        },
        {
            "c": null,
            "children": [
                {
                    "c": null,
                    "children": [],
                    "content": "There are two goals of contour flow concatenation: 1) to obtain the S-T connectivity of the contour pairs, 2) to obtain the long-term motion information. The concatenation can be achieved in a very simple way: 1) The S-T connectivity can be obtained by just reading the connectivity information from the frame-by-frame contour flow and connecting the contour pairs (see Fig. 3). 2) For the points on the contours, the long-term motion can be obtained by directly concatenating the frame-by-frame motion information from contour flow. This is similar to the way of generating point trajectories from optical flow [6].",
                    "embedding": null,
                    "h": null,
                    "parent": {
                        "py/id": 92
                    },
                    "py/object": "tree.TextTree"
                }
            ],
            "content": "4. Contour Flow Concatenation",
            "embedding": null,
            "h": null,
            "parent": {
                "py/id": 0
            },
            "py/object": "tree.TextTree"
        },
        {
            "c": null,
            "children": [
                {
                    "c": null,
                    "children": [],
                    "content": "5.1. Datasets and Parameters Setting",
                    "embedding": null,
                    "h": null,
                    "parent": {
                        "py/id": 96
                    },
                    "py/object": "tree.TextTree"
                },
                {
                    "c": null,
                    "children": [
                        {
                            "c": null,
                            "children": [],
                            "content": "As there is no related public dataset to evaluate the performance of contour flow estimation, we introduce a dataset with the annotations of contours and point correspondence (see Fig. 4). This is also an additional contribution of this paper. Our dataset can be used for other purposes as well, such as the evaluation of motion estimation at object boundaries, or the evaluation of shape registration",
                            "embedding": null,
                            "h": null,
                            "parent": {
                                "py/id": 100
                            },
                            "py/object": "tree.TextTree"
                        },
                        {
                            "c": null,
                            "children": [],
                            "content": "The quantitative analysis is carried out by comparing related results with the annotated ground truth of the long-term point correspondence on the contours in the dataset (see Fig. 4c). The comparison is accomplished by calculating how much portion of the ground truth can be covered by the results under different error threshold. And the coverage is counted only under sufficient temporal",
                            "embedding": null,
                            "h": null,
                            "parent": {
                                "py/id": 100
                            },
                            "py/object": "tree.TextTree"
                        },
                        {
                            "c": null,
                            "children": [],
                            "content": "Fig. 7 shows the results of quantitative analysis. We compare the performances of correspondence measurement based on different source of information: motion segmentation only (\u03bb(cid:3404)(cid:883), CFMo), static image information only (\u03bb(cid:3404)(cid:882), gradient [20] CFSG and intensity [17] CFSI), and a formation (\u03bb(cid:3404)(cid:882).9 , CFMo+SI). The significant improvements of CFMo can be proved, if compared with the ones of CFSG and CFSI. And further improvements achieved by CFMo+SI can be observed.combination of motion segmentation and static image in",
                            "embedding": null,
                            "h": null,
                            "parent": {
                                "py/id": 100
                            },
                            "py/object": "tree.TextTree"
                        },
                        {
                            "c": null,
                            "children": [],
                            "content": "Fig. 7 also shows the results obtained without carrying out contour alignment (Median OF, the motion of contours are driven directly by the median-filtered optical flow field), and demonstrates the necessity of contour alignment. This also provides the evidence that the output of our method is not the reproduction of the motion information from the optical flow field, and contour alignment could help to resist certain noises in the flow field.",
                            "embedding": null,
                            "h": null,
                            "parent": {
                                "py/id": 100
                            },
                            "py/object": "tree.TextTree"
                        },
                        {
                            "c": null,
                            "children": [],
                            "content": "To justify how the parameters are chosen, we test the impacts of the different parameter settings. The parameter testing is carried out by adjusting one parameter each time. The impacts of the parameters are shown in Fig. 8. The horizontal axis represents different testing, and five different values for each parameter are examined. The valuesexamined are as following:\t\u03c3(cid:3014)(cid:3042) and (cid:2026)(cid:3021)~ [0.1, 0.5, 1, 5, 7], (cid:2010) ~[0, 0.2, 0.6, 0.8, 1], (cid:2009)~[0, 0.2, 0.5, 2, 4], (cid:2025)~[0, 0.1, 0.4, 1, 2], (cid:2011)~[0, 0.1, 0.6, 1, 2].the side effect of the translation motion model. But when",
                            "embedding": null,
                            "h": null,
                            "parent": {
                                "py/id": 100
                            },
                            "py/object": "tree.TextTree"
                        },
                        {
                            "c": null,
                            "children": [],
                            "content": "From Fig. 8, one can observe that only two parametersmuch restriction. But when the value is less than 0.5, its impact is changed smoothly. Therefore, these two parameters are not necessary to be tuned precisely. And the value of other less sensitive parameters can also be chosen easily.",
                            "embedding": null,
                            "h": null,
                            "parent": {
                                "py/id": 100
                            },
                            "py/object": "tree.TextTree"
                        }
                    ],
                    "content": "5.3. Quantitative Analysis",
                    "embedding": null,
                    "h": null,
                    "parent": {
                        "py/id": 96
                    },
                    "py/object": "tree.TextTree"
                },
                {
                    "c": null,
                    "children": [
                        {
                            "c": null,
                            "children": [],
                            "content": "To demonstrate the benefit from the motion representation based on contour flow, we consider the problem of refining the imperfect results of video segmentation method (e.g. [27], a method with intermediate performance). As our S-T meshes could provide spatial-temporal connectivity and boundary constraint which help to complete and shear the object, our idea is to first select those meshes belonging to the object, and then determine the object's boundary based on the selected meshes.",
                            "embedding": null,
                            "h": null,
                            "parent": {
                                "py/id": 114
                            },
                            "py/object": "tree.TextTree"
                        },
                        {
                            "c": null,
                            "children": [],
                            "content": "The mesh selection is formulated as a binary labeling problem, and the goal is to determine whether each point in",
                            "embedding": null,
                            "h": null,
                            "parent": {
                                "py/id": 114
                            },
                            "py/object": "tree.TextTree"
                        },
                        {
                            "c": null,
                            "children": [],
                            "content": "Method birdfall cheetah girl monkeydog parchute",
                            "embedding": null,
                            "h": null,
                            "parent": {
                                "py/id": 114
                            },
                            "py/object": "tree.TextTree"
                        },
                        {
                            "c": null,
                            "children": [],
                            "content": "Ours 177 466 1360 294 224e g a r e v o Calong contours. Left: coverage score under different error threshold. Right: coverage score under error threshold 6.e g a r e v o Ce g a r e v o C",
                            "embedding": null,
                            "h": null,
                            "parent": {
                                "py/id": 114
                            },
                            "py/object": "tree.TextTree"
                        },
                        {
                            "c": null,
                            "children": [],
                            "content": "Figure 8: Impact on the performance (measured under error threshold 6) of different parameters. Left: all the parameters. Right: enlarged view for the three insensitive parameters.the S-T meshes belongs to the object or background. In order to do this, a set of labels are defined for the meshthe number of frames in the video, and Nt is the number of the point at frame t of the mesh. The labeling problem is treated as an inference problem, and the distribution ispoints: (cid:1838)\u2261(cid:4668)(cid:1838)(cid:3047)(cid:3036),(cid:1861)(cid:3404)(cid:883),(cid:884),\u2026,(cid:1840)(cid:3047);(cid:1872)(cid:3404)(cid:883),(cid:884),\u2026,(cid:1846)(cid:4669), where T is \u220f \u220f (cid:1842)(cid:3435)(cid:1835)(cid:3047)(cid:3627)(cid:1838)(cid:3047)(cid:3036)(cid:3439) (cid:3021)(cid:3047)(cid:2880)(cid:2869) meshes. The likelihood (cid:1842)(cid:4666)(cid:1835)(cid:3047)|(cid:1838)(cid:3047)(cid:3036)(cid:4667) is measured based on the",
                            "embedding": null,
                            "h": null,
                            "parent": {
                                "py/id": 114
                            },
                            "py/object": "tree.TextTree"
                        },
                        {
                            "c": null,
                            "children": [],
                            "content": "The NbrST in (14) denotes the neighborhood relationship according to the spatial-temporal connectivity in theextent how the meshes are closed to the guessed object's regions. The guessed object's regions come from the initial results of the video segmentation method [27] and from the color segmentation based on logistic regression. The logistic regression is carried out on the features of color intensity, and with positive samples provided by the initial results of video segmentation. The continuity term",
                            "embedding": null,
                            "h": null,
                            "parent": {
                                "py/id": 114
                            },
                            "py/object": "tree.TextTree"
                        },
                        {
                            "c": null,
                            "children": [],
                            "content": "Loopy belief propagation is applied to solve the inference problem. Once the label is solved, the object's boundary is simply extracted by fitting a curve that encloses the mesh points of the object in each frame.",
                            "embedding": null,
                            "h": null,
                            "parent": {
                                "py/id": 114
                            },
                            "py/object": "tree.TextTree"
                        },
                        {
                            "c": null,
                            "children": [],
                            "content": "Some examples of the refinement are shown in Fig. 9, and the average number of error pixels is also compared against state-of-art methods on the SegTrack dataset [26] (see Table 1). Remarkable improvements w.r.t. [27] are achieved. If compared with the state-of-art, our simple refinement achieves the best result for one sequence, the second best on two sequences, and the second best on average. Such results prove the power of the middle-leveleach frame: 1) Visualization of the mesh points, 2) The results of [27] (green channel) superimposed with ground truth (red channel, similar way of superposition hereinafter), 3) Labeling results of the mesh points, 4) Our refinement results.motion representation based on contour flow.",
                            "embedding": null,
                            "h": null,
                            "parent": {
                                "py/id": 114
                            },
                            "py/object": "tree.TextTree"
                        }
                    ],
                    "content": "5.4. Application to Video Segmentation",
                    "embedding": null,
                    "h": null,
                    "parent": {
                        "py/id": 96
                    },
                    "py/object": "tree.TextTree"
                }
            ],
            "content": "5. Experiments",
            "embedding": null,
            "h": null,
            "parent": {
                "py/id": 0
            },
            "py/object": "tree.TextTree"
        },
        {
            "c": null,
            "children": [
                {
                    "c": null,
                    "children": [],
                    "content": "This paper proposes a novel contour flow algorithm which is capable of establishing global consistent point correspondence among the inconsistent input contours between two video frames. We propose to use motion segmentation for local correspondence measurement, and experiments show the significant improved performance, if comparing with the ones purely based on static image information. To solve local ambiguities, a novel two-staged strategy is introduced to perform global reasoning, which can balance properly the accuracy and the consistency. Finally, a meaningful and stable mesh-based middle-level motion representation can be constructed by just concatenating frame-by-frame contour flow.",
                    "embedding": null,
                    "h": null,
                    "parent": {
                        "py/id": 132
                    },
                    "py/object": "tree.TextTree"
                },
                {
                    "c": null,
                    "children": [],
                    "content": "Several topics can be considered in the future. For instance, human pose estimation based on the proposals suggested by contour flow, and action recognition based on the motion descriptors extracted from the mesh-based motion representation. In addition to the simple example of refinement, more sophisticated video segmentation can also be investigated in further, by fully exploiting the S-T connectivity and boundary constraint from contour flow. We are also extending the ContourMotion dataset, and intend to release it to promote related researches.mentation using Patch Seams. CVPR, 2014.",
                    "embedding": null,
                    "h": null,
                    "parent": {
                        "py/id": 132
                    },
                    "py/object": "tree.TextTree"
                },
                {
                    "c": null,
                    "children": [],
                    "content": "Constraints for Video Object Segmentation. CVPR, 2012.",
                    "embedding": null,
                    "h": null,
                    "parent": {
                        "py/id": 132
                    },
                    "py/object": "tree.TextTree"
                },
                {
                    "c": null,
                    "children": [],
                    "content": "Estimation Using Point Trajectories. CVPR, 2006.tories by GPU-accelerated Large Displacement Optical Flow. ECCV, 2010.",
                    "embedding": null,
                    "h": null,
                    "parent": {
                        "py/id": 132
                    },
                    "py/object": "tree.TextTree"
                },
                {
                    "c": null,
                    "children": [],
                    "content": "Analysis of Point Trajectories. ECCV, 2010.",
                    "embedding": null,
                    "h": null,
                    "parent": {
                        "py/id": 132
                    },
                    "py/object": "tree.TextTree"
                },
                {
                    "c": null,
                    "children": [],
                    "content": "Human Pose with Flowing Puppets. ICCV, 2013.",
                    "embedding": null,
                    "h": null,
                    "parent": {
                        "py/id": 132
                    },
                    "py/object": "tree.TextTree"
                },
                {
                    "c": null,
                    "children": [],
                    "content": "Object Recognition Using Shape Contexts. TPAMI, 2002.",
                    "embedding": null,
                    "h": null,
                    "parent": {
                        "py/id": 132
                    },
                    "py/object": "tree.TextTree"
                }
            ],
            "content": "6. Conclusion",
            "embedding": null,
            "h": null,
            "parent": {
                "py/id": 0
            },
            "py/object": "tree.TextTree"
        }
    ],
    "content": "Contour Flow: Middle-Level Motion Estimation by Combining Motion",
    "embedding": null,
    "h": null,
    "parent": null,
    "py/object": "tree.TextTree"
}