{
    "c": null,
    "children": [
        {
            "c": null,
            "children": [
                {
                    "c": null,
                    "children": [],
                    "content": "Object detection is a challenging task in visual understanding domain, and even more so if the supervision is to be weak. Recently, few efforts to handle the task without expensive human annotations is established by promising deep neural network. A new architecture of cascaded networks is proposed to learn a convolutional neural network (CNN) under such conditions. We introduce two such architectures, with either two cascade stages or three which are trained in an end-to-end pipeline. The rst stage of both architectures extracts best candidate of class specic region proposals by training a fully convolutional network. In the case of the three stage architecture, the middle stage provides object segmentation, using the output of the activation maps of rst stage. The nal stage of both architectures is a part of a convolutional neural network that performs multiple instance learning on proposals extracted in the previous stage(s). Our experiments on the PASCAL VOC 2007, 2010, 2012 and large scale object datasets, ILSVRC 2013, 2014 datasets show improvements in the areas of weaklysupervised object detection, classication and localization.",
                    "embedding": null,
                    "h": null,
                    "parent": {
                        "py/id": 2
                    },
                    "py/object": "tree.TextTree"
                }
            ],
            "content": "Abstract",
            "embedding": null,
            "h": null,
            "parent": {
                "py/id": 0
            },
            "py/object": "tree.TextTree"
        },
        {
            "c": null,
            "children": [
                {
                    "c": null,
                    "children": [],
                    "content": "The ability to train a system that detects objects in cluttered scenes by only naming the objects in the training images, without specifying their number or their bounding boxes, is understood to be of major importance. Then it becomes possible to annotate very large datasets or to automatically collect them from the web.",
                    "embedding": null,
                    "h": null,
                    "parent": {
                        "py/id": 6
                    },
                    "py/object": "tree.TextTree"
                },
                {
                    "c": null,
                    "children": [],
                    "content": "Most current methods to train object detection systems assume strong supervision [12, 26, 19]. Providing both the bounding boxes and their labels as annotations for each object, still renders such methods more powerful than their weakly supervised counterparts. Although the availability of larger sets of training data is advantageous for the training of convolutional neural networks (CNNs), weak super",
                    "embedding": null,
                    "h": null,
                    "parent": {
                        "py/id": 6
                    },
                    "py/object": "tree.TextTree"
                },
                {
                    "c": null,
                    "children": [],
                    "content": "Figure 1. Weakly Supervised Cascaded Deep CNN: Overview of the proposed cascaded weakly supervised object detection and classication method. Our cascaded networks take images and existing object labels to nd the best location of objects samples in each of images. Trained networks based on these location is capable of detecting and classifying objects in images, under weakly supervision circumstances.vision as a means of producing those has only been embraced to a limited degree.",
                    "embedding": null,
                    "h": null,
                    "parent": {
                        "py/id": 6
                    },
                    "py/object": "tree.TextTree"
                },
                {
                    "c": null,
                    "children": [],
                    "content": "The proposed weak supervision methods have come in some different \ufb02avors. One of the most common approaches [7] consists of the following steps. The rst step generates object proposals. The last stage extracts features from the proposals. And the nal stage applies multiple instance learning (MIL) to the features and nds the box labels from the weak bag (image) labels. This approach can thus be improved by enhancing any of its steps. For instance, it would be advantageous if the rst stage were to produce more reliable and therefore fewer object proposals.",
                    "embedding": null,
                    "h": null,
                    "parent": {
                        "py/id": 6
                    },
                    "py/object": "tree.TextTree"
                },
                {
                    "c": null,
                    "children": [],
                    "content": "It is the aforementioned approach that our weak supervision algorithm also follows. To improve the detection performance, object proposal generation, feature extraction, and MIL are trained in a cascaded manner, in an end-to-end way. We propose two architectures. The rst is a two stage network. The rst stage extracts class specic object proposals using a fully convolutional network followed by aglobal average (max) pooling layer. The last stage extracts features from the object proposals by a ROI pooling layer and performs MIL. Given the importance of getting better object proposals we added a middle stage to the previous architecture in our three stage network. This middle stage performs a class specic segmentation using the input images and the extracted objectness of the rst stage. This results in more reliable object proposals and a better detection.",
                    "embedding": null,
                    "h": null,
                    "parent": {
                        "py/id": 6
                    },
                    "py/object": "tree.TextTree"
                },
                {
                    "c": null,
                    "children": [],
                    "content": "The proposed architecture improves both initial object proposal extraction and nal object detection. In the forward sense, less noisy proposals indeed lead to improved object detection, due to the non-convexity of the cost function. In the reverse, backward sense, due the weight sharing between the rst layers of both stages, training the MIL on the extracted proposals will improve the performance of feature extraction in the rst convolutional layers and as a result will produce more reliable proposals.",
                    "embedding": null,
                    "h": null,
                    "parent": {
                        "py/id": 6
                    },
                    "py/object": "tree.TextTree"
                },
                {
                    "c": null,
                    "children": [],
                    "content": "Next, we review related works in section 2 and discuss our proposed method in section 3. In section 4 we explain the details of our experiments, including the dataset and complete set of experiments and results.",
                    "embedding": null,
                    "h": null,
                    "parent": {
                        "py/id": 6
                    },
                    "py/object": "tree.TextTree"
                }
            ],
            "content": "1. Introduction",
            "embedding": null,
            "h": null,
            "parent": {
                "py/id": 0
            },
            "py/object": "tree.TextTree"
        },
        {
            "c": null,
            "children": [
                {
                    "c": null,
                    "children": [],
                    "content": "Weakly supervised detection: In the last decade, several weakly supervised object detection methods have been studied using multiple instance learning algorithms [4, 5, 29, 30]. To do so they dene images as the bag of regions, wherein they assume the image labeled positive contains at least one object instance of a certain category and an image labeled negative do not contain an object from the category of interest. The most common way of weakly supervised learning methods often work by selecting the candidate positive object instances in the positive bags, and then learning a model of the object appearance using appearance model. Due to the training phase of the MIL problem alternating between out of bag object extraction and training classiers, the solutions are non-convex and as a result is sensitive to the initialization. In practice, a bad initialization is prone to getting the solution stuck in a local optima, instead of global optima. To alleviate this shortcoming, several methods try to improve the initialization [31, 9, 28, 29] as the solution strongly depends on the initialization, while some others focus on regularizing the optimization strategies [4, 5, 7]. Kumar et al. [17] employ an iterative selflearning strategy to employ harder samples to a small set of initial samples at training stage. Joulin et al. [15] use a convex relaxation of soft-max loss in order to minimize the prone to get stuck in the local minima. Deselaers et al. [9] initialize the object locations via the objectness score. Cinbis et al. [7] split the training date in a multi-fold manner for escaping from getting trapped into the local minima. In order to have more robustness from poor initialization,",
                    "embedding": null,
                    "h": null,
                    "parent": {
                        "py/id": 22
                    },
                    "py/object": "tree.TextTree"
                },
                {
                    "c": null,
                    "children": [],
                    "content": "Song et al. [30] apply Nesterov\u2019s smoothing technique to latent SVM formulation [10]. In [31], the same authors initialize the object locations based on sub-modular clustering method. Bilen et al. [4] formulates the MIL to softly label the object instances by regularizing the latent object locations based on penalizing unlikely congurations. Further in [5], the authors extend their work [4] by enforcing similarity between object windows via regularization technique. Wang et al. [35] employ probabilistic latent semantic analysis on the windows of positive samples to select the most discriminative clusters that represents the object category. As a matter of fact, majority of the previous works [25, 32] use a large collection of noisy object proposals to train their object detector. In contrast, our method only focuses on a very few clean collection of object proposals that are far more reliable, robust, computationally efcient, and gives better performance.",
                    "embedding": null,
                    "h": null,
                    "parent": {
                        "py/id": 22
                    },
                    "py/object": "tree.TextTree"
                },
                {
                    "c": null,
                    "children": [],
                    "content": "Object proposal generation: In [20, 23], Nguyen et al. and Pandey et al. extract dense regions of candidate proposals from an image using an initial bounding box. To handle the problem of not being able to generate enough candidate proposals because of xed shape and size, object saliency [9, 28, 29] based approaches were proposed to extract region proposals. Following this, generic objectness measure [1] was employed to extract region proposals. Selective search algorithm [33], a segmentation based object proposal generation was proposed, which is currently among the most promising techniques used for proposal generation. Recently, Ghodrati et al. [11] proposed an inverse cascade method using various CNN feature maps to localize object proposals in a coarse to ne manner.",
                    "embedding": null,
                    "h": null,
                    "parent": {
                        "py/id": 22
                    },
                    "py/object": "tree.TextTree"
                },
                {
                    "c": null,
                    "children": [],
                    "content": "CNN based weakly supervised object detection: In view of the promising results of CNNs for visual recognition, some recent efforts in weakly supervised classication have been based on CNNs. Oquab et al. [21] improved feature discrimination based on a pre-trained CNN. In [22], the same authors improved the performance further by incorporating both localization and classication on a new CNN architecture. Bilen et al. [4] proposed a CNN-based convex optimization method to solve the problem to escape from getting stuck in local minima. Their soft similarity between possible regions and clusters was helpful in improving the optimization. Li et al. [18] introduced a class-specic object proposal generation based on the mask out strategy of [2], in order to have a reliable initialization. They also proposed their two-stage algorithm, classication adaptation and detection adaptation.",
                    "embedding": null,
                    "h": null,
                    "parent": {
                        "py/id": 22
                    },
                    "py/object": "tree.TextTree"
                }
            ],
            "content": "2. Related works",
            "embedding": null,
            "h": null,
            "parent": {
                "py/id": 0
            },
            "py/object": "tree.TextTree"
        },
        {
            "c": null,
            "children": [
                {
                    "c": null,
                    "children": [
                        {
                            "c": null,
                            "children": [],
                            "content": "As mentioned earlier, there are only a few end-to-end frameworks with deep CNNs for weakly supervised object detection. In particular, there is not much prior art on object localization without supervising in localization level. Suppose we have dataset I of N training images in C classes. N )} where I k The set is given as I = {(I 1, y k = [y1, ..., yC] \u2208 {0, 1}C is a vector of is an image and y labels indicating the presence or absence of each class in image I k .the initial fullyconvolutional stage learns to infer object location maps based on the object labels in the given images. This stage produces some candidate boxes of objects as input to the next stage. The last stage selects the best boxes through an end-to-end multiple instance learning.",
                            "embedding": null,
                            "h": null,
                            "parent": {
                                "py/id": 34
                            },
                            "py/object": "tree.TextTree"
                        },
                        {
                            "c": null,
                            "children": [],
                            "content": "First stage (Location network): The rst stage of our cascaded model is a fully-convolutional CNN with a globalaverage pooling (GAP) or global maximum pooling (GMP) layer, inspired by [36]. The training yields the object location or \u2018class activation\u2019 maps, that provide candidate bounding boxes. Since multiple categories can exist in a single image [22], we use an independent loss function for each class in this branch of the CNN architecture, so the loss function is the sum of C binary logistic regression loss functions.",
                            "embedding": null,
                            "h": null,
                            "parent": {
                                "py/id": 34
                            },
                            "py/object": "tree.TextTree"
                        },
                        {
                            "c": null,
                            "children": [],
                            "content": "Last stage (MIL network): The goal of the last stage is to select the best candidate boxes for each class from the outputs of the rst stage using multiple instance learning (MIL). To obtain an end-to-end framework, we incorporate an MIL loss function into our network. Assume x = {xj|j = 1, 2, ..., n} is a bag of instances for image I where xj is a candidate box, and assume fcj \u2208 \u211cC\u00d7n is the score of box xj belonging to category i. We use ROIpooling layer [12] to achieve fcj . We dene the probabilities and loss as:",
                            "embedding": null,
                            "h": null,
                            "parent": {
                                "py/id": 34
                            },
                            "py/object": "tree.TextTree"
                        },
                        {
                            "c": null,
                            "children": [],
                            "content": "LM IL(y, x, I) = \u2212",
                            "embedding": null,
                            "h": null,
                            "parent": {
                                "py/id": 34
                            },
                            "py/object": "tree.TextTree"
                        },
                        {
                            "c": null,
                            "children": [],
                            "content": "The weights for conv1 till conv5 are shared between the two stages. For the last stage, we have additional two fully connected layers and a score layer for learning the MIL task.",
                            "embedding": null,
                            "h": null,
                            "parent": {
                                "py/id": 34
                            },
                            "py/object": "tree.TextTree"
                        },
                        {
                            "c": null,
                            "children": [],
                            "content": "End-to-End Training: The whole cascade with two loss functions is learned jointly by end-to-end stochastic gradient descent optimization. The total loss function of the cas",
                            "embedding": null,
                            "h": null,
                            "parent": {
                                "py/id": 34
                            },
                            "py/object": "tree.TextTree"
                        },
                        {
                            "c": null,
                            "children": [],
                            "content": "Figure 3. WCCN (3stage): The pipeline of end-to-end 3-stage cascaded CNN for weakly supervised object detection. For this cascaded network, we designed new architecture to have weakly supervised segmentation as last stage, so rst and last stages are identical to the stages of the previous cascade. The new stage will improve the selecting candidate bounding boxes by providing more accurate object regions.",
                            "embedding": null,
                            "h": null,
                            "parent": {
                                "py/id": 34
                            },
                            "py/object": "tree.TextTree"
                        },
                        {
                            "c": null,
                            "children": [],
                            "content": "LT otal = LGAP (y, I) + \u03bbLM IL(y, x, I)where \u03bb is the hyper-parameter balancing two loss functions. In the experiments, we set \u03bb = 1. We suspect crossvalidation on this hyper-parameter can improve the results.",
                            "embedding": null,
                            "h": null,
                            "parent": {
                                "py/id": 34
                            },
                            "py/object": "tree.TextTree"
                        },
                        {
                            "c": null,
                            "children": [],
                            "content": "Generating bag of instances: We use Edgeboxs [37] to generate an initial set of object proposals. Then we threshold the class activation map [36] to come up with a mask. Finally, we choose the initial boxes with largest overlap with the mask.",
                            "embedding": null,
                            "h": null,
                            "parent": {
                                "py/id": 34
                            },
                            "py/object": "tree.TextTree"
                        }
                    ],
                    "content": "3.1. Two(cid:173)stage Cascade",
                    "embedding": null,
                    "h": null,
                    "parent": {
                        "py/id": 32
                    },
                    "py/object": "tree.TextTree"
                },
                {
                    "c": null,
                    "children": [
                        {
                            "c": null,
                            "children": [],
                            "content": "In this section, we extend our 2-stage cascaded model by another stage that adds object segmentation as another task. We believe more information about the objects\u2019 boundary learned in a segmentation task can lead to acquisition of a better appearance model and then better object localization. For this purpose, our new stage uses another form of weak supervision to learn a segmentation model, embedded in the cascaded network and trained along with other stages. This extra stage will help the multi-loss CNN to have better initial locations for choosing candidate bounding boxes to pass to the next stage. So this new cascade has three stages: rst stage, similar to previous cascade is a CNN with global pooling layer; middle stage, fully convolutional networkwith segmentation loss; last stage, multiple instance learning with corresponding loss.",
                            "embedding": null,
                            "h": null,
                            "parent": {
                                "py/id": 54
                            },
                            "py/object": "tree.TextTree"
                        },
                        {
                            "c": null,
                            "children": [],
                            "content": "Middle stage (Segmentation Loss): Inspired by [3, 24], we propose to use a weakly supervised segmentation network which uses an object point of location and also label as supervisory signals. Incorporation of initial location of object from previous stage (location network) in the segmentation stage can obtain more meaningful object location map. The weak segmentation network uses the results of the rst stage as supervision signal (i.e., pseudo ground truth) and learns jointly with the MIL stage to further improve the object localization results.",
                            "embedding": null,
                            "h": null,
                            "parent": {
                                "py/id": 54
                            },
                            "py/object": "tree.TextTree"
                        },
                        {
                            "c": null,
                            "children": [],
                            "content": "In the middle stage, we add a fully convolutional CNN similar to the one in [3] to our network. The nal layer is a pixel-wise softmax that outputs S \u2208 \u211cC\u00d7m where m is the number of pixels in the image. Assuming Hc for the heatmap for class c, we dene \u03b1c = max(Hc) across the whole image and Ic to be the neighborhood around argmax(Hc). In the experiments, we use a neighborhood of 3 \u00d7 3 pixels. Note that our formulation is closely following the one in [3] except that our point-wise annotation is provided by the automatically generated heatmap rather than manual annotation.",
                            "embedding": null,
                            "h": null,
                            "parent": {
                                "py/id": 54
                            },
                            "py/object": "tree.TextTree"
                        },
                        {
                            "c": null,
                            "children": [],
                            "content": "Considering y as the label set for image I , the loss function for the weakly supervised segmentation network",
                            "embedding": null,
                            "h": null,
                            "parent": {
                                "py/id": 54
                            },
                            "py/object": "tree.TextTree"
                        },
                        {
                            "c": null,
                            "children": [],
                            "content": "Sic. The rst term is used for imagelevel label supervision and the second term is for the set of pixels that the heatmap condently predicted to be a point on the object. Note that \u03b1c is the second term is emphasizing on more condent categories.",
                            "embedding": null,
                            "h": null,
                            "parent": {
                                "py/id": 54
                            },
                            "py/object": "tree.TextTree"
                        },
                        {
                            "c": null,
                            "children": [],
                            "content": "Due to more supervision using psuedo-groundtruth provided by the heatmap, the middle stage provides a better segmentation map compared to the original heatmap. Hence, we pass the resulting segmentation map to the nal MIL stage to nd candidate boxes with overlapping and then calculate the MIL loss.",
                            "embedding": null,
                            "h": null,
                            "parent": {
                                "py/id": 54
                            },
                            "py/object": "tree.TextTree"
                        },
                        {
                            "c": null,
                            "children": [],
                            "content": "Output of this middle stage is a set of candidate bounding boxes of objects for pushing to next stage of the CNN cascade which uses multiple instance learning to choose the most accurate box as the representative of object category. In the experiments, we show that learning this extra task as another stage of cascade can improve performance of the whole network as a weakly supervised classier.",
                            "embedding": null,
                            "h": null,
                            "parent": {
                                "py/id": 54
                            },
                            "py/object": "tree.TextTree"
                        },
                        {
                            "c": null,
                            "children": [],
                            "content": "End-to-End Training: Similar to the last cascade, the total loss in Eq.4 is calculated by simply adding all three loss terms. We learn all parameters of the network jointly in an end-to-end fashion.",
                            "embedding": null,
                            "h": null,
                            "parent": {
                                "py/id": 54
                            },
                            "py/object": "tree.TextTree"
                        },
                        {
                            "c": null,
                            "children": [],
                            "content": "LT otal = LGAP (y, I) + \u03b3LSeg(y, I) + \u03bbLM IL(y, x, I) (4)",
                            "embedding": null,
                            "h": null,
                            "parent": {
                                "py/id": 54
                            },
                            "py/object": "tree.TextTree"
                        },
                        {
                            "c": null,
                            "children": [],
                            "content": "In the experiments, we set \u03bb = 1 and \u03b3 = 1.",
                            "embedding": null,
                            "h": null,
                            "parent": {
                                "py/id": 54
                            },
                            "py/object": "tree.TextTree"
                        }
                    ],
                    "content": "3.2. Three(cid:173)stage Cascade",
                    "embedding": null,
                    "h": null,
                    "parent": {
                        "py/id": 32
                    },
                    "py/object": "tree.TextTree"
                },
                {
                    "c": null,
                    "children": [
                        {
                            "c": null,
                            "children": [],
                            "content": "Since we are interested in weakly supervised object detection, we propose to use the output of our network as pseudo-groundtruth in a standard object detection framework e.g., Fast-RCNN [12]. There are two ways of doing this: we can either train a standard Fast-RCNN without our trained model or we can transfer our learned model into the Fast-RCNN framework and netune it. For the later case, we use the shared early convolutional layers along with the fully connected layers in the last stage of our model. In both cases, at the testing time, we extract object proposals with EdgeBoxes [37], use the trained Fast-RCNN to detect objects among the pool of proposals, and perform non-maxsuppression.",
                            "embedding": null,
                            "h": null,
                            "parent": {
                                "py/id": 76
                            },
                            "py/object": "tree.TextTree"
                        }
                    ],
                    "content": "3.3. Object Detection Training",
                    "embedding": null,
                    "h": null,
                    "parent": {
                        "py/id": 32
                    },
                    "py/object": "tree.TextTree"
                }
            ],
            "content": "3. Proposed Method",
            "embedding": null,
            "h": null,
            "parent": {
                "py/id": 0
            },
            "py/object": "tree.TextTree"
        },
        {
            "c": null,
            "children": [
                {
                    "c": null,
                    "children": [
                        {
                            "c": null,
                            "children": [],
                            "content": "The experiments for our proposed methods are extensively done on the PASCAL VOC 2007, 2010, 2012 datasets and also ILSVRC 2013, 2014 which are large scale datasets for objects. The PASCAL VOC is more common dataset to evaluate weakly supervised object detection approaches. The VOC datasets have 20 categories of objects, while ILSVRC dataset has 200 categories which we targeted also for weakly supervised object classication and localization. In all of the mentioned datasets, we incorporate the standard train, validation and test set.",
                            "embedding": null,
                            "h": null,
                            "parent": {
                                "py/id": 82
                            },
                            "py/object": "tree.TextTree"
                        },
                        {
                            "c": null,
                            "children": [],
                            "content": "Experimental metrics: To measure the object detection performance, average precision (AP) and correct localization (CorLoc) is used. Average precision is the standard metric from PASCAL VOC which takes a bounding box as a true detection where it has intersection-over-union (IoU) of more than 50% with ground-truth box. The Corloc is the fraction of positive images that the method obtained correct location by most condent detection box for at least one object instance per target category in an image. For the object classication, also we use PASCAL VOC standard average precision.",
                            "embedding": null,
                            "h": null,
                            "parent": {
                                "py/id": 82
                            },
                            "py/object": "tree.TextTree"
                        }
                    ],
                    "content": "4.1. Datasets and metrics",
                    "embedding": null,
                    "h": null,
                    "parent": {
                        "py/id": 80
                    },
                    "py/object": "tree.TextTree"
                },
                {
                    "c": null,
                    "children": [
                        {
                            "c": null,
                            "children": [],
                            "content": "We have evaluated both of our proposed cascaded CNN with two architectures: Alexnet [16] and VGG-16 [27]. In each case, the network has been pre-trained on ImageNet dataset [8]. Since the multiple stages of cascades contain different CNN networks losses, in the following we explain details of each part separately to have better overview of the implementation. CNN architectures:",
                            "embedding": null,
                            "h": null,
                            "parent": {
                                "py/id": 88
                            },
                            "py/object": "tree.TextTree"
                        }
                    ],
                    "content": "4.2. Experimental and implementation details",
                    "embedding": null,
                    "h": null,
                    "parent": {
                        "py/id": 80
                    },
                    "py/object": "tree.TextTree"
                }
            ],
            "content": "4. Experiments",
            "embedding": null,
            "h": null,
            "parent": {
                "py/id": 0
            },
            "py/object": "tree.TextTree"
        },
        {
            "c": null,
            "children": [
                {
                    "c": null,
                    "children": [],
                    "content": "Inspired by [36], we removed fullyconnected layers from each of Alexnet or VGG-16 and replaced them by two convolutional layers and one global pooling layer. So for the Alexnet, the layers after conv5 layer have been removed and for VGG-16 after conv5-3. For global pooling layer, we have tested average and max pooling methods and we found that global average pooling performs better than maximum pooling. For the training loss criteria of this part of network, we use a simple sum of C (number of classes) binary logistic regression losses, similar to [22].",
                    "embedding": null,
                    "h": null,
                    "parent": {
                        "py/id": 92
                    },
                    "py/object": "tree.TextTree"
                }
            ],
            "content": "1. Loc Net:",
            "embedding": null,
            "h": null,
            "parent": {
                "py/id": 0
            },
            "py/object": "tree.TextTree"
        },
        {
            "c": null,
            "children": [
                {
                    "c": null,
                    "children": [],
                    "content": "Table 1. Detection average precision (%) on the PASCAL VOC 2007 dataset test set.",
                    "embedding": null,
                    "h": null,
                    "parent": {
                        "py/id": 96
                    },
                    "py/object": "tree.TextTree"
                },
                {
                    "c": null,
                    "children": [],
                    "content": "Table 2. Classication average precision (%) on the PASCAL VOC 2007 test set.",
                    "embedding": null,
                    "h": null,
                    "parent": {
                        "py/id": 96
                    },
                    "py/object": "tree.TextTree"
                },
                {
                    "c": null,
                    "children": [],
                    "content": "Table 3. Correct localization (%) on PASCAL VOC 2007 on positive (CorLoc) trainval set.",
                    "embedding": null,
                    "h": null,
                    "parent": {
                        "py/id": 96
                    },
                    "py/object": "tree.TextTree"
                },
                {
                    "c": null,
                    "children": [],
                    "content": "The loss function is explained in section 3. Since this loss is provided by weak supervision, part of the supervision is obtained from the last stage in form of best initial regions of object instances.",
                    "embedding": null,
                    "h": null,
                    "parent": {
                        "py/id": 96
                    },
                    "py/object": "tree.TextTree"
                }
            ],
            "content": "2. Seg Net: This part of network is middle stage in the 3-stage cascaded network and is well-known fully convolutional network for segmentation task [3]. The convolutional part is shared with the other stages which comes from the rst stage and additional fully-connected layers and a deconvolutional layer is used to produce segmentation map.",
            "embedding": null,
            "h": null,
            "parent": {
                "py/id": 0
            },
            "py/object": "tree.TextTree"
        },
        {
            "c": null,
            "children": [
                {
                    "c": null,
                    "children": [
                        {
                            "c": null,
                            "children": [],
                            "content": "Comparison with the state-of-the-art: We evaluate the detection performance of our method in this section. To compare our approach, methods which use deep learning pipelines [6, 18] or multiple instance learning algorithms [7] or clustering based approaches [5] are studied.",
                            "embedding": null,
                            "h": null,
                            "parent": {
                                "py/id": 108
                            },
                            "py/object": "tree.TextTree"
                        },
                        {
                            "c": null,
                            "children": [],
                            "content": "Tables 1, 4, 5 present results on PASCAL VOC 2007, 2010, 2012 for object detection on test sets with average precision measurement. It can be observed that by using the weakly supervision setup, we achieved the best performance among of all other recent methods. Our approaches do not incorporate any sophisticated clustering or optimized initialization step, and all the steps are trained together via an end-to-end learning of deep neural networks. There is",
                            "embedding": null,
                            "h": null,
                            "parent": {
                                "py/id": 108
                            },
                            "py/object": "tree.TextTree"
                        },
                        {
                            "c": null,
                            "children": [],
                            "content": "Figure 4. Examples of our object detection results. Green bounding boxes are ground-truth annotations and red boxes are positive detection. Images are sampled from PASCAL VOC 2007 test set.a semantic relationship between improvement gains using different CNN architectures in our networks in comparison with using the same CNNs in other methods. We have almost the same improvement with two different architectures over other methods.",
                            "embedding": null,
                            "h": null,
                            "parent": {
                                "py/id": 108
                            },
                            "py/object": "tree.TextTree"
                        },
                        {
                            "c": null,
                            "children": [],
                            "content": "The localization performance with CorLoc metric is also shown in Table 3 on PASCAL VOC 2007. Our best performance is 56.7% which is achieved by 3stage cascade network using VGG-16 architecture. However, our network with the Alexnet outperformed the other methods using similar network architectures with same number of layers and other non deep learning methods. Most of the other works use CNNs as some part of their pipeline, not in an end-to-end scheme or use it simply as a feature extractor. Differently, our cascaded deep networks bring multiple concepts together in a single training method, learn better appearance model and feature representation for objects under weakly supervision circumstances.",
                            "embedding": null,
                            "h": null,
                            "parent": {
                                "py/id": 108
                            },
                            "py/object": "tree.TextTree"
                        },
                        {
                            "c": null,
                            "children": [],
                            "content": "We also compared our object detectorresults on ILSVRC\u201913 only with [18, 35], since no other weakly supervised object detector methods have been tried on this dataset. Results are shown in Table 4 and similar to our other tests, we have achieved better number in performance. Since, some part of our work is inspired by GAP networks from [36], we compared our weakly supervised localization on the ILSVRC\u201914 dataset following their experimental setups and the results are in Table 5.",
                            "embedding": null,
                            "h": null,
                            "parent": {
                                "py/id": 108
                            },
                            "py/object": "tree.TextTree"
                        },
                        {
                            "c": null,
                            "children": [],
                            "content": "Object detection training: We compared two different approaches of training object detection using Fast-RCNN,",
                            "embedding": null,
                            "h": null,
                            "parent": {
                                "py/id": 108
                            },
                            "py/object": "tree.TextTree"
                        },
                        {
                            "c": null,
                            "children": [],
                            "content": "Cinbis et al. [7] Wang et al. [35]",
                            "embedding": null,
                            "h": null,
                            "parent": {
                                "py/id": 108
                            },
                            "py/object": "tree.TextTree"
                        },
                        {
                            "c": null,
                            "children": [],
                            "content": "Li et al., Alexnet [18] Li et al., VGG16 [18]",
                            "embedding": null,
                            "h": null,
                            "parent": {
                                "py/id": 108
                            },
                            "py/object": "tree.TextTree"
                        },
                        {
                            "c": null,
                            "children": [],
                            "content": "WCCN 2stage Alexnet WCCN 2stage VGG16 WCCN 3stage Alexnet WCCN 3stage VGG16",
                            "embedding": null,
                            "h": null,
                            "parent": {
                                "py/id": 108
                            },
                            "py/object": "tree.TextTree"
                        },
                        {
                            "c": null,
                            "children": [],
                            "content": "Table 4. Detection performance (%) comparison on VOC 2010, 2012 test set and ILSVRC 2013 validation set.implemented in Caffe [14] which both cases use our generated pseudo ground-truth. Since the Fast-RCNN [12] is a supervised method, we use the pseudo ground-truth (GT) bounding boxes which are generated by our cascaded networks. Proved by our experiments, in the Fig.5, it is shown that the Fast-RCNN can also perform with good results using our input bounding boxes. Fast-RCNN trained by our generated GT performs slightly better than our transfered model the average precision of PASCAL VOC 2007 test set (0.3%). The main goal of this work is to nd the most representative and discriminative samples that signify the existing categories in each image.",
                            "embedding": null,
                            "h": null,
                            "parent": {
                                "py/id": 108
                            },
                            "py/object": "tree.TextTree"
                        },
                        {
                            "c": null,
                            "children": [],
                            "content": "Object proposals: In our work, we evaluated the effect of different unsupervised object proposals generator. EdgeBox [37] and SelectiveSearch [33] are compared based on the detector trained by our networks. According to the re",
                            "embedding": null,
                            "h": null,
                            "parent": {
                                "py/id": 108
                            },
                            "py/object": "tree.TextTree"
                        },
                        {
                            "c": null,
                            "children": [],
                            "content": "Figure 5. Comparison between our detection full pipeline and training Fast-RCNN using pseudo ground-truth bounding boxes extracted by our method.",
                            "embedding": null,
                            "h": null,
                            "parent": {
                                "py/id": 108
                            },
                            "py/object": "tree.TextTree"
                        },
                        {
                            "c": null,
                            "children": [],
                            "content": "WCCN 2stage Alexnet WCCN 2stage VGG16",
                            "embedding": null,
                            "h": null,
                            "parent": {
                                "py/id": 108
                            },
                            "py/object": "tree.TextTree"
                        },
                        {
                            "c": null,
                            "children": [],
                            "content": "Table 5. Detection and classication top-1 error ILSVRC\u201914 validation setthe stage with multiple instance loss can improve learning the best sample of each category over other works [36, 6]. It can be observed that adding the stage of segmentation to exploit better regions can outperform the two-stage cascade. Adding segmentation stage has impact on nding more accurate initial guess of object locations. For an instance of using the segmentation stage by Alexnet architecture, cascaded network improves almost 2.5% on detection and 2% on classication in PASCAL VOC 2007.sults on the VOC 2007 detection test set, by training 2stage cascade using Alexnet with Edgebox, approximately 1.5% improvement can be obtained over SelectiveSearch. Similar to the other works like [6, 13], EdgeBox performs better with CNN based object detectors.",
                            "embedding": null,
                            "h": null,
                            "parent": {
                                "py/id": 108
                            },
                            "py/object": "tree.TextTree"
                        }
                    ],
                    "content": "4.3. Detection performance",
                    "embedding": null,
                    "h": null,
                    "parent": {
                        "py/id": 106
                    },
                    "py/object": "tree.TextTree"
                },
                {
                    "c": null,
                    "children": [
                        {
                            "c": null,
                            "children": [],
                            "content": "Our proposed network designs has dual purposes: object detection and classication in a weakly supervision manner. Obviously the structure of our cascade is helpful for training classication pipeline on images with multiple objects and minimum supervision of labels. We evaluated our method on PASCAL VOC 2007 and ILSVRC 2014. The performance is compared with other approaches which use novel methods in deep learning for classication on these datasets.",
                            "embedding": null,
                            "h": null,
                            "parent": {
                                "py/id": 138
                            },
                            "py/object": "tree.TextTree"
                        },
                        {
                            "c": null,
                            "children": [],
                            "content": "Table 2 presents the comparison on VOC 2007 with different CNN architectures for all of the methods. Since rst stage of our cascade is similar to [36], we show the result of classication on ILSVRC\u201914, the large scale dataset for classication, in Table 5.",
                            "embedding": null,
                            "h": null,
                            "parent": {
                                "py/id": 138
                            },
                            "py/object": "tree.TextTree"
                        }
                    ],
                    "content": "4.4. Classication performance",
                    "embedding": null,
                    "h": null,
                    "parent": {
                        "py/id": 106
                    },
                    "py/object": "tree.TextTree"
                },
                {
                    "c": null,
                    "children": [
                        {
                            "c": null,
                            "children": [],
                            "content": "To do ablation study over the performance of different stages of proposed cascades, it can be noticed that all of the results show how each of the proposed cascades can affect the performance in detection or classication. Each stage in our multi-stage cascaded CNN can be analyzed by comparison with the CNN-based methods in same context. Training",
                            "embedding": null,
                            "h": null,
                            "parent": {
                                "py/id": 144
                            },
                            "py/object": "tree.TextTree"
                        }
                    ],
                    "content": "4.5. Cascade Architecture Study",
                    "embedding": null,
                    "h": null,
                    "parent": {
                        "py/id": 106
                    },
                    "py/object": "tree.TextTree"
                }
            ],
            "content": "3. MIL Net: This last stage uses the shared convolutional feature maps as initial layers to train two fullyconnected layers with size of 4096 and a label prediction layer. Using the the selected candidate bounding boxes from previous stage, it trains the multiple instance learning loss to select the best sample for each object presented in an image.",
            "embedding": null,
            "h": null,
            "parent": {
                "py/id": 0
            },
            "py/object": "tree.TextTree"
        },
        {
            "c": null,
            "children": [
                {
                    "c": null,
                    "children": [],
                    "content": "Our idea of weak cascaded convolutional networks (WCCN) is about the approaches of cascaded CNNs for weakly supervised visual learning tasks like object detection, localization and classication. In this work, we proposed two multi-stage cascaded networks with different loss functions in each stage to conclude a better pipeline of deep convolutional neural network learning with weak supervision of object labels on images. Our insight was a paradigm of multi-task learning effectiveness using deep neural networks. We proved that our multi-task learning approaches that incorporate localization, multiple instance learning and weakly supervised segmentation of object regions achieve the state-of-the-art performance in weakly supervised object detection and classication. The extensive experiments for object detection and classication tasks on various datasets like PASCAL VOC 2007, 2010, 2012 and also large scale datasets, ILSVRC 2013, 2014 present the full capability of the proposed method.",
                    "embedding": null,
                    "h": null,
                    "parent": {
                        "py/id": 148
                    },
                    "py/object": "tree.TextTree"
                },
                {
                    "c": null,
                    "children": [],
                    "content": "This work was supported by DBOF PhD scholarship, KU Leuven CAMETRON project. The authors would like to thank Nvidia for GPU donation.object detection with posterior regularization. 2014. 2, 6networks. In CVPR, 2016. 6, 7, 8on Computer Vision (ICCV), 2015. 1, 3, 5, 7in deep convolutional networks for visual recognition. ECCV, 2014. 6, 8pervised classiers. In ICML, 2012. 2",
                    "embedding": null,
                    "h": null,
                    "parent": {
                        "py/id": 148
                    },
                    "py/object": "tree.TextTree"
                },
                {
                    "c": null,
                    "children": [],
                    "content": "Imagenet In classication with deep convolutional neural networks. Advances in neural information processing systems, pages 1097\u20131105, 2012. 5",
                    "embedding": null,
                    "h": null,
                    "parent": {
                        "py/id": 148
                    },
                    "py/object": "tree.TextTree"
                },
                {
                    "c": null,
                    "children": [],
                    "content": "Ssd: Single shot multibox detector. In ECCV, 2016. 1mining for annotating weakly labelled data. Conference on Computer Vision, 2012. 2",
                    "embedding": null,
                    "h": null,
                    "parent": {
                        "py/id": 148
                    },
                    "py/object": "tree.TextTree"
                },
                {
                    "c": null,
                    "children": [],
                    "content": "In defence of negative In Europeanlearning with model drift detection. ference on Computer Vision, 2011. 2networks for matlab. In ACM\u2019MM, 2015. 6object localization with latent category learning. pean Conference on Computer Vision, 2014. 2, 6, 7",
                    "embedding": null,
                    "h": null,
                    "parent": {
                        "py/id": 148
                    },
                    "py/object": "tree.TextTree"
                }
            ],
            "content": "5. Conclusion",
            "embedding": null,
            "h": null,
            "parent": {
                "py/id": 0
            },
            "py/object": "tree.TextTree"
        }
    ],
    "content": "Weakly Supervised Cascaded Convolutional Networks",
    "embedding": null,
    "h": null,
    "parent": null,
    "py/object": "tree.TextTree"
}